warning: git-2.54.0-1 is up to date -- skipping
warning: pciutils-3.15.0-1 is up to date -- skipping
resolving dependencies...
looking for conflicting packages...

Packages (22) autoconf-2.73-1  automake-1.18.1-1  bison-3.8.2-8  debugedit-5.2-1  fakeroot-1.37.2-1  flex-2.6.4-6  gc-8.2.12-1  gcc-16.1.1+r12+g301eb08fa2c5-1  groff-1.24.1-1  guile-3.0.11-1  libisl-0.27-1  libmpc-1.4.1-1  libtool-2.6.0+r23+gb08cb0a0-1  m4-1.4.21-2  make-4.4.1-3  patch-2.8-1  pkgconf-2.5.1-1  texinfo-7.3-1  which-2.23-1  xxhash-0.8.3-1  base-devel-1-2  rsync-3.4.2-1

Total Download Size:    75.66 MiB
Total Installed Size:  314.90 MiB

:: Proceed with installation? [Y/n] 
:: Retrieving packages...
 gcc-16.1.1+r12+g301eb08fa2c5-1-x86_64 downloading...
 guile-3.0.11-1-x86_64 downloading...
 groff-1.24.1-1-x86_64 downloading...
 texinfo-7.3-1-x86_64 downloading...
 libisl-0.27-1-x86_64 downloading...
 bison-3.8.2-8-x86_64 downloading...
 autoconf-2.73-1-any downloading...
 automake-1.18.1-1-any downloading...
 make-4.4.1-3-x86_64 downloading...
 libtool-2.6.0+r23+gb08cb0a0-1-x86_64 downloading...
 rsync-3.4.2-1-x86_64 downloading...
 flex-2.6.4-6-x86_64 downloading...
 m4-1.4.21-2-x86_64 downloading...
 gc-8.2.12-1-x86_64 downloading...
 xxhash-0.8.3-1-x86_64 downloading...
 libmpc-1.4.1-1-x86_64 downloading...
 patch-2.8-1-x86_64 downloading...
 fakeroot-1.37.2-1-x86_64 downloading...
 pkgconf-2.5.1-1-x86_64 downloading...
 debugedit-5.2-1-x86_64 downloading...
 which-2.23-1-x86_64 downloading...
 base-devel-1-2-any downloading...
checking keyring...
checking package integrity...
loading package files...
checking for file conflicts...
checking available disk space...
:: Processing package changes...
installing m4...
installing autoconf...
installing automake...
installing bison...
installing xxhash...
installing debugedit...
installing fakeroot...
installing flex...
installing libisl...
installing libmpc...
installing gcc...
Optional dependencies for gcc
    lib32-gcc-libs: for generating code for 32-bit ABI
installing groff...
Optional dependencies for groff
    netpbm: for use together with man -H command interaction in browsers
    psutils: for use together with man -H command interaction in browsers
    libxaw: for gxditview
    perl-file-homedir: for use with glilypond
installing libtool...
installing gc...
installing guile...
installing make...
installing patch...
Optional dependencies for patch
    ed: for patch -e functionality
installing pkgconf...
installing texinfo...
Optional dependencies for texinfo
    perl-archive-zip: EPUB file output via texi2any
installing which...
installing base-devel...
installing rsync...
Optional dependencies for rsync
    python: for rrsync [installed]
:: Running post-transaction hooks...
(1/3) Reloading system manager configuration...
(2/3) Arming ConditionNeedsUpdate...
(3/3) Updating the info directory file...
[34m[INFO][m Detected bootloader: systemd-boot
[33m[NOTE][m === Prep Stage ===
Sync Explicit (1): qt5-wayland-5.15.18+kde+r55-1
resolving dependencies...
looking for conflicting packages...

Packages (30) double-conversion-3.4.0-1  fontconfig-2:2.17.1-1  freetype2-2.14.3-1  graphite-1:1.3.14-6  harfbuzz-14.2.0-1  libcups-2:2.4.19-1  libevdev-1.13.6-1  libinput-1.31.1-1  libproxy-0.5.12-1  libwacom-2.18.0-2  libxcomposite-0.4.7-1  libxkbcommon-1.13.1-1  libxkbcommon-x11-1.13.1-1  libxrender-0.9.12-1  lua54-5.4.8-6  md4c-0.5.3-1  mtdev-1.1.7-1  qt5-base-5.15.18+kde+r109-2  qt5-declarative-5.15.18+kde+r23-1  qt5-translations-5.15.18-1  shared-mime-info-2.4-3  tslib-1.24-1  xcb-util-0.4.1-2  xcb-util-image-0.4.1-3  xcb-util-keysyms-0.4.1-5  xcb-util-renderutil-0.3.10-2  xcb-util-wm-0.4.2-2  xdg-utils-1.2.1-2  xkeyboard-config-2.47-1  qt5-wayland-5.15.18+kde+r55-1

Total Download Size:    26.38 MiB
Total Installed Size:  137.53 MiB

:: Proceed with installation? [Y/n] 
:: Retrieving packages...
 qt5-base-5.15.18+kde+r109-2-x86_64 downloading...
 qt5-declarative-5.15.18+kde+r23-1-x86_64 downloading...
 qt5-translations-5.15.18-1-any downloading...
 harfbuzz-14.2.0-1-x86_64 downloading...
 qt5-wayland-5.15.18+kde+r55-1-x86_64 downloading...
 xkeyboard-config-2.47-1-any downloading...
 shared-mime-info-2.4-3-x86_64 downloading...
 freetype2-2.14.3-1-x86_64 downloading...
 fontconfig-2:2.17.1-1-x86_64 downloading...
 lua54-5.4.8-6-x86_64 downloading...
 libxkbcommon-1.13.1-1-x86_64 downloading...
 libcups-2:2.4.19-1-x86_64 downloading...
 libinput-1.31.1-1-x86_64 downloading...
 libwacom-2.18.0-2-x86_64 downloading...
 tslib-1.24-1-x86_64 downloading...
 graphite-1:1.3.14-6-x86_64 downloading...
 md4c-0.5.3-1-x86_64 downloading...
 xdg-utils-1.2.1-2-any downloading...
 libevdev-1.13.6-1-x86_64 downloading...
 double-conversion-3.4.0-1-x86_64 downloading...
 xcb-util-wm-0.4.2-2-x86_64 downloading...
 libxkbcommon-x11-1.13.1-1-x86_64 downloading...
 libproxy-0.5.12-1-x86_64 downloading...
 libxrender-0.9.12-1-x86_64 downloading...
 xcb-util-image-0.4.1-3-x86_64 downloading...
 mtdev-1.1.7-1-x86_64 downloading...
 libxcomposite-0.4.7-1-x86_64 downloading...
 xcb-util-0.4.1-2-x86_64 downloading...
 xcb-util-renderutil-0.3.10-2-x86_64 downloading...
 xcb-util-keysyms-0.4.1-5-x86_64 downloading...
checking keyring...
checking package integrity...
loading package files...
checking for file conflicts...
checking available disk space...
:: Processing package changes...
installing xcb-util-keysyms...
installing xcb-util-renderutil...
installing freetype2...
Optional dependencies for freetype2
    harfbuzz: Improved autohinting [pending]
installing fontconfig...
Creating fontconfig configuration...
Rebuilding fontconfig cache...
installing graphite...
Optional dependencies for graphite
    graphite-docs: Documentation
installing harfbuzz...
Optional dependencies for harfbuzz
    harfbuzz-utils: utilities
installing xdg-utils...
Optional dependencies for xdg-utils
    kde-cli-tools: for KDE Plasma5 support in xdg-open
    exo: for Xfce support in xdg-open
    pcmanfm: for LXDE support in xdg-open
    perl-file-mimeinfo: for generic support in xdg-open
    perl-net-dbus: Perl extension to dbus used in xdg-screensaver
    perl-x11-protocol: Perl X11 protocol used in xdg-screensaver
    xorg-xset: for X11 support in xdg-screensaver
    xorg-xprop: for X11 support in xdg-screensaver
installing shared-mime-info...
installing xcb-util-wm...
installing libxrender...
installing xcb-util...
installing xcb-util-image...
installing tslib...
installing libevdev...
installing libwacom...
Optional dependencies for libwacom
    python-libevdev: for libwacom-show-stylus
    python-pyudev: for libwacom-show-stylus
installing lua54...
installing mtdev...
installing libinput...
Optional dependencies for libinput
    libinput-tools: debug utilities
installing xkeyboard-config...
installing libxkbcommon...
Optional dependencies for libxkbcommon
    libxkbcommon-x11: xkbcli interactive-x11 [pending]
    wayland: xkbcli interactive-wayland [installed]
installing libxkbcommon-x11...
installing libproxy...
installing libcups...
installing double-conversion...
installing md4c...
installing qt5-translations...
installing qt5-base...
Optional dependencies for qt5-base
    qt5-svg: to use SVG icon themes
    qt5-wayland: to run Qt applications in a Wayland session [pending]
    postgresql-libs: PostgreSQL driver
    mariadb-libs: MariaDB driver
    unixodbc: ODBC driver
    libfbclient: Firebird/iBase driver
    freetds: MS SQL driver
    gtk3: GTK platform plugin
    perl: for fixqt4headers and syncqt [installed]
installing qt5-declarative...
installing libxcomposite...
installing qt5-wayland...
:: Running post-transaction hooks...
(1/6) Updating udev hardware database...
(2/6) Updating the MIME type database...
(3/6) Reloading device manager configuration...
(4/6) Arming ConditionNeedsUpdate...
(5/6) Updating fontconfig configuration...
(6/6) Updating fontconfig cache...
Sync Explicit (1): qt5ct-1.9-1
resolving dependencies...
looking for conflicting packages...

Packages (2) qt5-svg-5.15.18+kde+r5-1  qt5ct-1.9-1

Total Download Size:   0.36 MiB
Total Installed Size:  1.37 MiB

:: Proceed with installation? [Y/n] 
:: Retrieving packages...
 qt5ct-1.9-1-x86_64 downloading...
 qt5-svg-5.15.18+kde+r5-1-x86_64 downloading...
checking keyring...
checking package integrity...
loading package files...
checking for file conflicts...
checking available disk space...
:: Processing package changes...
installing qt5-svg...
installing qt5ct...
:: Running post-transaction hooks...
(1/1) Arming ConditionNeedsUpdate...
Sync Explicit (1): qt6-wayland-6.11.0-1
resolving dependencies...
looking for conflicting packages...

Packages (10) libb2-0.98.1-3  libice-1.1.2-1  libsm-1.2.6-1  liburing-2.14-1  qt6-base-6.11.0-3  qt6-declarative-6.11.0-4  qt6-svg-6.11.0-2  qt6-translations-6.11.0-1  xcb-util-cursor-0.1.6-1  qt6-wayland-6.11.0-1

Total Download Size:    35.83 MiB
Total Installed Size:  205.26 MiB

:: Proceed with installation? [Y/n] 
:: Retrieving packages...
 qt6-declarative-6.11.0-4-x86_64 downloading...
 qt6-base-6.11.0-3-x86_64 downloading...
 qt6-translations-6.11.0-1-any downloading...
 qt6-wayland-6.11.0-1-x86_64 downloading...
 qt6-svg-6.11.0-2-x86_64 downloading...
 liburing-2.14-1-x86_64 downloading...
 libice-1.1.2-1-x86_64 downloading...
 libsm-1.2.6-1-x86_64 downloading...
 libb2-0.98.1-3-x86_64 downloading...
 xcb-util-cursor-0.1.6-1-x86_64 downloading...
checking keyring...
checking package integrity...
loading package files...
checking for file conflicts...
checking available disk space...
:: Processing package changes...
installing libb2...
installing libice...
installing libsm...
installing liburing...
installing xcb-util-cursor...
installing qt6-translations...
installing qt6-base...
Optional dependencies for qt6-base
    freetds: MS SQL driver
    gdk-pixbuf2: GTK platform plugin
    gtk3: GTK platform plugin
    libfbclient: Firebird/iBase driver
    mariadb-libs: MariaDB driver
    pango: GTK platform plugin
    perl: for syncqt [installed]
    postgresql-libs: PostgreSQL driver
    unixodbc: ODBC driver
installing qt6-declarative...
Optional dependencies for qt6-declarative
    qt6-svg: for QtQuickVectorImage and svgtoqml [pending]
installing qt6-svg...
installing qt6-wayland...
:: Running post-transaction hooks...
(1/1) Arming ConditionNeedsUpdate...
Sync Explicit (1): qt6ct-0.11-5
resolving dependencies...
looking for conflicting packages...

Packages (1) qt6ct-0.11-5

Total Download Size:   0.17 MiB
Total Installed Size:  0.67 MiB

:: Proceed with installation? [Y/n] 
:: Retrieving packages...
 qt6ct-0.11-5-x86_64 downloading...
checking keyring...
checking package integrity...
loading package files...
checking for file conflicts...
checking available disk space...
:: Processing package changes...
installing qt6ct...
:: Running post-transaction hooks...
(1/1) Arming ConditionNeedsUpdate...
Sync Explicit (1): qt5-quickcontrols2-5.15.18+kde+r5-1
resolving dependencies...
looking for conflicting packages...

Packages (1) qt5-quickcontrols2-5.15.18+kde+r5-1

Total Download Size:   1.50 MiB
Total Installed Size:  8.61 MiB

:: Proceed with installation? [Y/n] 
:: Retrieving packages...
 qt5-quickcontrols2-5.15.18+kde+r5-1-x86_64 downloading...
checking keyring...
checking package integrity...
loading package files...
checking for file conflicts...
checking available disk space...
:: Processing package changes...
installing qt5-quickcontrols2...
Optional dependencies for qt5-quickcontrols2
    qt5-graphicaleffects: for the Material style
:: Running post-transaction hooks...
(1/1) Arming ConditionNeedsUpdate...
Sync Explicit (1): qt5-graphicaleffects-5.15.18-1
resolving dependencies...
looking for conflicting packages...

Packages (1) qt5-graphicaleffects-5.15.18-1

Total Download Size:   0.07 MiB
Total Installed Size:  0.53 MiB

:: Proceed with installation? [Y/n] 
:: Retrieving packages...
 qt5-graphicaleffects-5.15.18-1-x86_64 downloading...
checking keyring...
checking package integrity...
loading package files...
checking for file conflicts...
checking available disk space...
:: Processing package changes...
installing qt5-graphicaleffects...
:: Running post-transaction hooks...
(1/1) Arming ConditionNeedsUpdate...
Sync Explicit (1): gtk3-1:3.24.52-1
resolving dependencies...
looking for conflicting packages...

Packages (43) adwaita-cursors-50.0-1  adwaita-fonts-50.0-1  adwaita-icon-theme-50.0-1  adwaita-icon-theme-legacy-46.2-3  at-spi2-core-2.60.2-1  bubblewrap-0.11.2-1  cairo-1.18.4-1  dav1d-1.5.3-1  desktop-file-utils-0.28-1  fribidi-1.0.16-2  gdk-pixbuf2-2.44.6-2  giflib-6.1.3-1  glib-networking-1:2.80.1-1  glycin-2.1.1-1  gperftools-2.18.1-1  gsettings-desktop-schemas-50.1-1  gsettings-system-schemas-50.1-1  gtk-update-icon-cache-1:4.22.4-1  hicolor-icon-theme-0.18-1  highway-1.4.0-1  json-glib-1.10.8-1  lcms2-2.19-1  libcloudproviders-0.4.0-1  libcolord-1.4.8-1  libdatrie-0.2.14-1  libepoxy-1.5.10-3  libjxl-0.11.2-2  librsvg-2:2.62.1-1  libsoup3-3.6.6-2  libstemmer-3.0.1-1  libthai-0.1.30-1  libxcursor-1.2.3-1  libxdamage-1.1.7-1  libxft-2.3.9-1  libxinerama-1.1.6-1  libxrandr-1.5.5-1  libxtst-1.2.5-1  lzo-2.10-5  pango-1:1.57.1-1  pixman-0.46.4-1  tinysparql-3.11.1-1  xorg-xprop-1.2.8-1  gtk3-1:3.24.52-1

Total Download Size:    31.01 MiB
Total Installed Size:  160.55 MiB

:: Proceed with installation? [Y/n] 
:: Retrieving packages...
 gtk3-1:3.24.52-1-x86_64 downloading...
 glycin-2.1.1-1-x86_64 downloading...
 librsvg-2:2.62.1-1-x86_64 downloading...
 libjxl-0.11.2-2-x86_64 downloading...
 adwaita-icon-theme-legacy-46.2-3-any downloading...
 adwaita-fonts-50.0-1-any downloading...
 highway-1.4.0-1-x86_64 downloading...
 tinysparql-3.11.1-1-x86_64 downloading...
 gsettings-desktop-schemas-50.1-1-any downloading...
 dav1d-1.5.3-1-x86_64 downloading...
 cairo-1.18.4-1-x86_64 downloading...
 at-spi2-core-2.60.2-1-x86_64 downloading...
 gperftools-2.18.1-1-x86_64 downloading...
 gdk-pixbuf2-2.44.6-2-x86_64 downloading...
 pango-1:1.57.1-1-x86_64 downloading...
 libsoup3-3.6.6-2-x86_64 downloading...
 adwaita-cursors-50.0-1-any downloading...
 libepoxy-1.5.10-3-x86_64 downloading...
 pixman-0.46.4-1-x86_64 downloading...
 libthai-0.1.30-1-x86_64 downloading...
 lcms2-2.19-1-x86_64 downloading...
 adwaita-icon-theme-50.0-1-any downloading...
 libcolord-1.4.8-1-x86_64 downloading...
 json-glib-1.10.8-1-x86_64 downloading...
 glib-networking-1:2.80.1-1-x86_64 downloading...
 libstemmer-3.0.1-1-x86_64 downloading...
 libdatrie-0.2.14-1-x86_64 downloading...
 giflib-6.1.3-1-x86_64 downloading...
 lzo-2.10-5-x86_64 downloading...
 fribidi-1.0.16-2-x86_64 downloading...
 libxft-2.3.9-1-x86_64 downloading...
 libcloudproviders-0.4.0-1-x86_64 downloading...
 desktop-file-utils-0.28-1-x86_64 downloading...
 bubblewrap-0.11.2-1-x86_64 downloading...
 libxcursor-1.2.3-1-x86_64 downloading...
 libxtst-1.2.5-1-x86_64 downloading...
 libxrandr-1.5.5-1-x86_64 downloading...
 xorg-xprop-1.2.8-1-x86_64 downloading...
 gtk-update-icon-cache-1:4.22.4-1-x86_64 downloading...
 hicolor-icon-theme-0.18-1-any downloading...
 libxinerama-1.1.6-1-x86_64 downloading...
 libxdamage-1.1.7-1-x86_64 downloading...
 gsettings-system-schemas-50.1-1-any downloading...
checking keyring...
checking package integrity...
loading package files...
checking for file conflicts...
checking available disk space...
:: Processing package changes...
installing adwaita-fonts...
installing hicolor-icon-theme...
installing adwaita-icon-theme-legacy...
installing adwaita-cursors...
installing adwaita-icon-theme...
installing gsettings-system-schemas...
installing gsettings-desktop-schemas...
installing libxtst...
installing xorg-xprop...
installing at-spi2-core...
installing lzo...
installing pixman...
installing cairo...
installing desktop-file-utils...
installing fribidi...
installing bubblewrap...
installing lcms2...
installing giflib...
installing gperftools...
installing highway...
installing libjxl...
Optional dependencies for libjxl
    java-runtime: for JNI bindings
installing dav1d...
Optional dependencies for dav1d
    dav1d-doc: HTML documentation
installing libdatrie...
installing libthai...
installing libxft...
installing pango...
installing librsvg...
installing glycin...
Optional dependencies for glycin
    libheif: Load .avif, .heic and .heif
installing gdk-pixbuf2...
Optional dependencies for gdk-pixbuf2
    libheif: Load .avif, .heic and .heif
    libopenraw: Load .arw, .cr2, .crw, .dng, .erf, .mrw, .nef, .orf, .pef and .raf
    libwmf: Load .apm and .wmf
installing libcloudproviders...
installing libcolord...
installing libepoxy...
installing libxcursor...
installing libxdamage...
installing libxinerama...
installing libxrandr...
installing json-glib...
installing glib-networking...
installing libsoup3...
Optional dependencies for libsoup3
    samba: Windows Domain SSO
installing libstemmer...
installing tinysparql...
installing gtk-update-icon-cache...
installing gtk3...
Optional dependencies for gtk3
    evince: Default print preview command
:: Running post-transaction hooks...
(1/7) Reloading user manager configuration...
(2/7) Arming ConditionNeedsUpdate...
(3/7) Updating fontconfig cache...
(4/7) Updating GIO module cache...
(5/7) Compiling GSettings XML schema files...
(6/7) Probing GTK3 input method modules...
(7/7) Updating icon theme caches...
Sync Explicit (1): polkit-gnome-0.105-12
resolving dependencies...
looking for conflicting packages...

Packages (1) polkit-gnome-0.105-12

Total Download Size:   0.06 MiB
Total Installed Size:  0.33 MiB

:: Proceed with installation? [Y/n] 
:: Retrieving packages...
 polkit-gnome-0.105-12-x86_64 downloading...
checking keyring...
checking package integrity...
loading package files...
checking for file conflicts...
checking available disk space...
:: Processing package changes...
installing polkit-gnome...
:: Running post-transaction hooks...
(1/2) Arming ConditionNeedsUpdate...
(2/2) Updating the desktop file MIME type cache...
Sync Explicit (1): jq-1.8.1-3
resolving dependencies...
looking for conflicting packages...

Packages (2) oniguruma-6.9.10-1  jq-1.8.1-3

Total Download Size:   0.41 MiB
Total Installed Size:  1.34 MiB

:: Proceed with installation? [Y/n] 
:: Retrieving packages...
 oniguruma-6.9.10-1-x86_64 downloading...
 jq-1.8.1-3-x86_64 downloading...
checking keyring...
checking package integrity...
loading package files...
checking for file conflicts...
checking available disk space...
:: Processing package changes...
installing oniguruma...
installing jq...
:: Running post-transaction hooks...
(1/1) Arming ConditionNeedsUpdate...
Sync Explicit (1): wl-clipboard-1:2.3.0-1
resolving dependencies...
looking for conflicting packages...

Packages (1) wl-clipboard-1:2.3.0-1

Total Download Size:   0.03 MiB
Total Installed Size:  0.10 MiB

:: Proceed with installation? [Y/n] 
:: Retrieving packages...
 wl-clipboard-1:2.3.0-1-x86_64 downloading...
checking keyring...
checking package integrity...
loading package files...
checking for file conflicts...
checking available disk space...
:: Processing package changes...
installing wl-clipboard...
Optional dependencies for wl-clipboard
    xdg-utils: for content type inference in wl-copy [installed]
    mailcap: for type inference in wl-paste
:: Running post-transaction hooks...
(1/1) Arming ConditionNeedsUpdate...
Sync Explicit (1): cliphist-1:0.7.0-2
resolving dependencies...
looking for conflicting packages...

Packages (1) cliphist-1:0.7.0-2

Total Download Size:   0.87 MiB
Total Installed Size:  2.31 MiB

:: Proceed with installation? [Y/n] 
:: Retrieving packages...
 cliphist-1:0.7.0-2-x86_64 downloading...
checking keyring...
checking package integrity...
loading package files...
checking for file conflicts...
checking available disk space...
:: Processing package changes...
installing cliphist...
Optional dependencies for cliphist
    xdg-utils: image and mime inferance [installed]
:: Running post-transaction hooks...
(1/2) Reloading user manager configuration...
(2/2) Arming ConditionNeedsUpdate...
Sync Explicit (1): python-requests-2.33.1-1
resolving dependencies...
looking for conflicting packages...

Packages (5) python-certifi-2026.04.22-1  python-charset-normalizer-3.4.7-1  python-idna-3.13-1  python-urllib3-2.6.3-1  python-requests-2.33.1-1

Total Download Size:   0.68 MiB
Total Installed Size:  3.86 MiB

:: Proceed with installation? [Y/n] 
:: Retrieving packages...
 python-urllib3-2.6.3-1-any downloading...
 python-charset-normalizer-3.4.7-1-x86_64 downloading...
 python-requests-2.33.1-1-any downloading...
 python-idna-3.13-1-any downloading...
 python-certifi-2026.04.22-1-any downloading...
checking keyring...
checking package integrity...
loading package files...
checking for file conflicts...
checking available disk space...
:: Processing package changes...
installing python-charset-normalizer...
installing python-idna...
installing python-urllib3...
Optional dependencies for python-urllib3
    python-brotli: Brotli support
    python-brotlicffi: Brotli support
    python-h2: HTTP/2 support
    python-pysocks: SOCKS support
installing python-certifi...
installing python-requests...
Optional dependencies for python-requests
    python-chardet: alternative character encoding library
    python-pysocks: SOCKS proxy support
:: Running post-transaction hooks...
(1/1) Arming ConditionNeedsUpdate...
Sync Explicit (1): python-pyquery-2.0.1-3
resolving dependencies...
looking for conflicting packages...

Packages (4) libxslt-1.1.45-2  python-cssselect-1.4.0-1  python-lxml-6.1.0-1  python-pyquery-2.0.1-3

Total Download Size:   1.82 MiB
Total Installed Size:  7.09 MiB

:: Proceed with installation? [Y/n] 
:: Retrieving packages...
 python-lxml-6.1.0-1-x86_64 downloading...
 libxslt-1.1.45-2-x86_64 downloading...
 python-pyquery-2.0.1-3-any downloading...
 python-cssselect-1.4.0-1-any downloading...
checking keyring...
checking package integrity...
loading package files...
checking for file conflicts...
checking available disk space...
:: Processing package changes...
installing libxslt...
Optional dependencies for libxslt
    python: Python bindings [installed]
installing python-lxml...
Optional dependencies for python-lxml
    python-beautifulsoup4: support for beautifulsoup parser to parse not well formed HTML
    python-cssselect: support for cssselect [pending]
    python-html5lib: support for html5lib parser
    python-lxml-docs: offline docs
    python-lxml-html-clean: enable htmlclean feature
installing python-cssselect...
installing python-pyquery...
Optional dependencies for python-pyquery
    python-webob: query wsgi app
:: Running post-transaction hooks...
(1/1) Arming ConditionNeedsUpdate...
Sync Explicit (1): pacman-contrib-1.13.1-1
resolving dependencies...
looking for conflicting packages...

Packages (1) pacman-contrib-1.13.1-1

Total Download Size:   0.05 MiB
Total Installed Size:  0.13 MiB

:: Proceed with installation? [Y/n] 
:: Retrieving packages...
 pacman-contrib-1.13.1-1-x86_64 downloading...
checking keyring...
checking package integrity...
loading package files...
checking for file conflicts...
checking available disk space...
:: Processing package changes...
installing pacman-contrib...
Optional dependencies for pacman-contrib
    diffutils: for pacdiff [installed]
    fakeroot: for checkupdates [installed]
    findutils: for pacdiff --find [installed]
    mlocate: for pacdiff --locate
    plocate: faster mlocate alternative
    perl: for pacsearch [installed]
    sudo: privilege elevation for several scripts [installed]
    vim: default diff program for pacdiff [installed]
    neovim: default diff program for pacdiff if EDITOR=nvim [installed]
:: Running post-transaction hooks...
(1/2) Reloading system manager configuration...
(2/2) Arming ConditionNeedsUpdate...
[33m[NOTE][m === NVIDIA Setup ===
Sync Explicit (1): linux-zen-headers-7.0.3.zen1-2
resolving dependencies...
looking for conflicting packages...

Packages (2) pahole-1:1.31-2  linux-zen-headers-7.0.3.zen1-2

Total Download Size:    61.79 MiB
Total Installed Size:  282.18 MiB

:: Proceed with installation? [Y/n] 
:: Retrieving packages...
 linux-zen-headers-7.0.3.zen1-2-x86_64 downloading...
 pahole-1:1.31-2-x86_64 downloading...
checking keyring...
checking package integrity...
loading package files...
checking for file conflicts...
checking available disk space...
:: Processing package changes...
installing pahole...
Optional dependencies for pahole
    ostra-cg: Generate call graphs from encoded traces
installing linux-zen-headers...
:: Running post-transaction hooks...
(1/2) Arming ConditionNeedsUpdate...
(2/2) Updating module dependencies...
Sync Explicit (1): nvidia-open-dkms-595.71.05-2
resolving dependencies...
looking for conflicting packages...

Packages (8) dkms-3.4.0-1  egl-gbm-1.1.3-1  egl-wayland-4:1.1.21-1  egl-wayland2-1.0.1-1  egl-x11-1.0.5-1  eglexternalplatform-1.2.1-1  nvidia-utils-595.71.05-2  nvidia-open-dkms-595.71.05-2

Total Download Size:   295.91 MiB
Total Installed Size:  941.61 MiB

:: Proceed with installation? [Y/n] 
:: Retrieving packages...
 nvidia-utils-595.71.05-2-x86_64 downloading...
 nvidia-open-dkms-595.71.05-2-x86_64 downloading...
 dkms-3.4.0-1-any downloading...
 egl-x11-1.0.5-1-x86_64 downloading...
 egl-wayland2-1.0.1-1-x86_64 downloading...
 egl-wayland-4:1.1.21-1-x86_64 downloading...
 egl-gbm-1.1.3-1-x86_64 downloading...
 eglexternalplatform-1.2.1-1-any downloading...
checking keyring...
checking package integrity...
loading package files...
checking for file conflicts...
checking available disk space...
:: Processing package changes...
installing dkms...
Optional dependencies for dkms
    linux-headers: build modules against the Arch kernel
    linux-lts-headers: build modules against the LTS kernel
    linux-zen-headers: build modules against the ZEN kernel [installed]
    linux-hardened-headers: build modules against the HARDENED kernel
installing eglexternalplatform...
installing egl-wayland...
installing egl-wayland2...
installing egl-gbm...
installing egl-x11...
installing nvidia-utils...
Optional dependencies for nvidia-utils
    nvidia-settings: configuration tool
    xorg-server: Xorg support
    xorg-server-devel: nvidia-xconfig
    opencl-nvidia: OpenCL support
installing nvidia-open-dkms...
:: Running post-transaction hooks...
(1/7) Creating system user accounts...
Creating group 'nvidia-persistenced' with GID 143.
Creating user 'nvidia-persistenced' (NVIDIA Persistence Daemon) with UID 143 and GID 143.
(2/7) Reloading system manager configuration...
(3/7) Reloading device manager configuration...
(4/7) Arming ConditionNeedsUpdate...
(5/7) Install DKMS modules
==> dkms install --no-depmod nvidia/595.71.05 -k 7.0.3-zen1-2-zen
==> depmod 7.0.3-zen1-2-zen
(6/7) Updating linux initcpios...
==> Building image from preset: /etc/mkinitcpio.d/linux-zen.preset: 'default'
==> Using default configuration file: '/etc/mkinitcpio.conf'
  -> -k /boot/vmlinuz-linux-zen -U /boot/EFI/Linux/arch-linux-zen.efi --splash /usr/share/systemd/bootctl/splash-arch.bmp
==> Starting build: '7.0.3-zen1-2-zen'
  -> Running build hook: [base]
  -> Running build hook: [udev]
  -> Running build hook: [autodetect]
  -> Running build hook: [microcode]
  -> Running build hook: [modconf]
  -> Running build hook: [kms]
  -> Running build hook: [keyboard]
  -> Running build hook: [keymap]
  -> Running build hook: [consolefont]
  -> Running build hook: [block]
  -> Running build hook: [filesystems]
  -> Running build hook: [fsck]
==> Generating module dependencies
==> Creating zstd-compressed initcpio image
  -> Early uncompressed CPIO image generation successful
==> Initcpio image generation successful
==> Creating unified kernel image: '/boot/EFI/Linux/arch-linux-zen.efi'
==> Unified kernel image generation successful
(7/7) Reloading system bus configuration...
Sync Explicit (1): nvidia-settings-595.71.05-1
resolving dependencies...
looking for conflicting packages...

Packages (3) libvdpau-1.5-4  libxnvctrl-595.71.05-1  nvidia-settings-595.71.05-1

Total Download Size:   0.89 MiB
Total Installed Size:  2.26 MiB

:: Proceed with installation? [Y/n] 
:: Retrieving packages...
 nvidia-settings-595.71.05-1-x86_64 downloading...
 libxnvctrl-595.71.05-1-x86_64 downloading...
 libvdpau-1.5-4-x86_64 downloading...
checking keyring...
checking package integrity...
loading package files...
checking for file conflicts...
checking available disk space...
:: Processing package changes...
installing libvdpau...
Optional dependencies for libvdpau
    libvdpau-va-gl: driver using VAAPI
    nvidia-utils: driver for NVIDIA [installed]
installing libxnvctrl...
installing nvidia-settings...
:: Running post-transaction hooks...
(1/2) Arming ConditionNeedsUpdate...
(2/2) Updating the desktop file MIME type cache...
Sync Explicit (1): libva-2.23.0-1
resolving dependencies...
looking for conflicting packages...

Packages (1) libva-2.23.0-1

Total Download Size:   0.20 MiB
Total Installed Size:  0.98 MiB

:: Proceed with installation? [Y/n] 
:: Retrieving packages...
 libva-2.23.0-1-x86_64 downloading...
checking keyring...
checking package integrity...
loading package files...
checking for file conflicts...
checking available disk space...
:: Processing package changes...
installing libva...
Optional dependencies for libva
    intel-media-driver: backend for Intel GPUs (>= Broadwell)
    libva-intel-driver: backend for Intel GPUs (<= Haswell)
    libva-mesa-driver: backend for AMD and NVIDIA GPUs [installed]
:: Running post-transaction hooks...
(1/1) Arming ConditionNeedsUpdate...
AUR Explicit (1): libva-nvidia-driver-git-0.0.12.r11.gf3205bd-1
Sync Dependency (1): gst-plugins-bad-libs-1.28.2-1
Sync Make Dependency (2): meson-1.11.1-1, ffnvcodec-headers-13.0.19.0-1
:: [1m(1/1) Downloaded PKGBUILD: libva-nvidia-driver-git[0m
  1 libva-nvidia-driver-git                  (Build Files Exist)
==> Packages to cleanBuild?
==> [N]one [A]ll [Ab]ort [I]nstalled [No]tInstalled or (1 2 3, 1-3, ^4)
==> 
  1 libva-nvidia-driver-git                  (Build Files Exist)
==> Diffs to show?
==> [N]one [A]ll [Ab]ort [I]nstalled [No]tInstalled or (1 2 3, 1-3, ^4)
==> 
==> Making package: libva-nvidia-driver-git 0.0.12.r11.gf3205bd-1 (Thu 07 May 2026 04:04:10 AM +07)
==> Retrieving sources...
  -> Cloning libva-nvidia-driver-git git repo...
Cloning into bare repository '/home/oniichanx/.cache/yay/libva-nvidia-driver-git/libva-nvidia-driver-git'...
==> WARNING: Skipping verification of source file PGP signatures.
==> Validating source files with sha256sums...
    libva-nvidia-driver-git ... Skipped
:: [1m(1/1) Parsing SRCINFO: libva-nvidia-driver-git[0m
resolving dependencies...
looking for conflicting packages...

Packages (11) gssdp-1.6.4-1  gupnp-1:1.6.9-1  gupnp-igd-1.6.0-2  libnice-0.1.23-1  ninja-1.13.2-3  python-tqdm-4.67.3-1  vmaf-3.1.0-1  vulkan-icd-loader-1.4.341.0-1  ffnvcodec-headers-13.0.19.0-1  gst-plugins-bad-libs-1.28.2-1  meson-1.11.1-1

Total Download Size:    6.98 MiB
Total Installed Size:  42.38 MiB

:: Proceed with installation? [Y/n] 
:: Retrieving packages...
 gst-plugins-bad-libs-1.28.2-1-x86_64 downloading...
 meson-1.11.1-1-any downloading...
 vmaf-3.1.0-1-x86_64 downloading...
 libnice-0.1.23-1-x86_64 downloading...
 ninja-1.13.2-3-x86_64 downloading...
 vulkan-icd-loader-1.4.341.0-1-x86_64 downloading...
 python-tqdm-4.67.3-1-any downloading...
 gupnp-1:1.6.9-1-x86_64 downloading...
 ffnvcodec-headers-13.0.19.0-1-any downloading...
 gssdp-1.6.4-1-x86_64 downloading...
 gupnp-igd-1.6.0-2-x86_64 downloading...
checking keyring...
checking package integrity...
loading package files...
checking for file conflicts...
checking available disk space...
:: Processing package changes...
installing ffnvcodec-headers...
installing gssdp...
Optional dependencies for gssdp
    gtk4: gssdp-device-sniffer
installing gupnp...
Optional dependencies for gupnp
    python: gupnp-binding-tool [installed]
installing gupnp-igd...
installing libnice...
Optional dependencies for libnice
    gstreamer: "nice" GStreamer plugin [installed]
installing vulkan-icd-loader...
Optional dependencies for vulkan-icd-loader
    vulkan-driver: packaged vulkan driver [installed]
installing vmaf...
installing gst-plugins-bad-libs...
installing ninja...
installing python-tqdm...
Optional dependencies for python-tqdm
    python-requests: telegram [installed]
installing meson...
:: Running post-transaction hooks...
(1/1) Arming ConditionNeedsUpdate...
==> Making package: libva-nvidia-driver-git 0.0.12.r11.gf3205bd-1 (Thu 07 May 2026 04:04:13 AM +07)
==> Checking runtime dependencies...
==> Checking buildtime dependencies...
==> Retrieving sources...
  -> Updating libva-nvidia-driver-git git repo...
==> Validating source files with sha256sums...
    libva-nvidia-driver-git ... Skipped
==> Removing existing $srcdir/ directory...
==> Extracting sources...
  -> Creating working copy of libva-nvidia-driver-git git repo...
Cloning into 'libva-nvidia-driver-git'...
done.
==> Starting pkgver()...
==> Updated version: libva-nvidia-driver-git 0.0.16.r4.g0ba758d-1
==> Sources are ready.
==> Making package: libva-nvidia-driver-git 0.0.16.r4.g0ba758d-1 (Thu 07 May 2026 04:04:14 AM +07)
==> Checking runtime dependencies...
==> Checking buildtime dependencies...
==> WARNING: Using existing $srcdir/ tree
==> Starting pkgver()...
==> Starting build()...
+ exec meson setup --prefix /usr --libexecdir lib --sbindir bin --buildtype plain --auto-features enabled --wrap-mode nodownload -D b_pie=true -D python.bytecompile=1 . build
The Meson build system
Version: 1.11.1
Source dir: /home/oniichanx/.cache/yay/libva-nvidia-driver-git/src/libva-nvidia-driver-git
Build dir: /home/oniichanx/.cache/yay/libva-nvidia-driver-git/src/libva-nvidia-driver-git/build
Build type: native build
Project name: nvidia-vaapi-driver
Project version: 0.1
C compiler for the host machine: cc (gcc 16.1.1 "cc (GCC) 16.1.1 20260430")
C linker for the host machine: cc ld.bfd 2.46.0
Host machine cpu family: x86_64
Host machine cpu: x86_64
Library m found: YES
Library dl found: YES
Found pkg-config: YES (/usr/bin/pkg-config) 2.5.1
Run-time dependency egl found: YES 1.5
Run-time dependency ffnvcodec found: YES 13.0.19.0
Run-time dependency libdrm found: YES 2.4.131
Run-time dependency threads found: YES
Run-time dependency libva found: YES 1.23.0
Run-time dependency gstreamer-codecparsers-1.0 found: YES 1.28.2
Compiler for C supports arguments -Wno-missing-field-initializers: YES 
Compiler for C supports arguments -Wno-unused-parameter: YES 
Compiler for C supports arguments -Werror=format: YES 
Compiler for C supports arguments -Werror=format-security: YES 
Compiler for C supports arguments -Werror=incompatible-pointer-types: YES 
Compiler for C supports arguments -Werror=init-self: YES 
Compiler for C supports arguments -Werror=int-conversion: YES 
Compiler for C supports arguments -Werror=missing-declarations: YES 
Compiler for C supports arguments -Werror=missing-prototypes: YES 
Compiler for C supports arguments -Werror=pointer-arith: YES 
Compiler for C supports arguments -Werror=undef: YES 
Compiler for C supports arguments -Werror=vla: YES 
Compiler for C supports arguments -Wsuggest-attribute=format: YES 
Compiler for C supports arguments -Wwrite-strings: YES 
Build targets in project: 1

nvidia-vaapi-driver 0.1

  User defined options
    auto_features     : enabled
    b_pie             : true
    buildtype         : plain
    libexecdir        : lib
    prefix            : /usr
    python.bytecompile: 1
    sbindir           : bin
    wrap_mode         : nodownload

Found ninja-1.13.2 at /usr/bin/ninja
Generating targets:   0%|          | 0/1 eta ?                                              Writing build.ninja:   0%|          | 0/41 eta ?                                                ninja: Entering directory `/home/oniichanx/.cache/yay/libva-nvidia-driver-git/src/libva-nvidia-driver-git/build'
[1/16] Compiling C object nvidia_drv_video.so.p/src_list.c.o
[2/16] Compiling C object nvidia_drv_video.so.p/src_backend-common.c.o
[3/16] Compiling C object nvidia_drv_video.so.p/src_mpeg4.c.o
[4/16] Compiling C object nvidia_drv_video.so.p/src_vp8.c.o
[5/16] Compiling C object nvidia_drv_video.so.p/src_vc1.c.o
[6/16] Compiling C object nvidia_drv_video.so.p/src_mpeg2.c.o
[7/16] Compiling C object nvidia_drv_video.so.p/src_h264.c.o
[8/16] Compiling C object nvidia_drv_video.so.p/src_hevc.c.o
[9/16] Compiling C object nvidia_drv_video.so.p/src_av1.c.o
[10/16] Compiling C object nvidia_drv_video.so.p/src_direct_direct-export-buf.c.o
[11/16] Compiling C object nvidia_drv_video.so.p/src_export-buf.c.o
[12/16] Compiling C object nvidia_drv_video.so.p/src_jpeg.c.o
[13/16] Compiling C object nvidia_drv_video.so.p/src_direct_nv-driver.c.o
[14/16] Compiling C object nvidia_drv_video.so.p/src_vp9.c.o
[15/16] Compiling C object nvidia_drv_video.so.p/src_vabackend.c.o
[16/16] Linking target nvidia_drv_video.so
INFO: autodetecting backend as ninja
INFO: calculating backend command to run: /usr/bin/ninja -C /home/oniichanx/.cache/yay/libva-nvidia-driver-git/src/libva-nvidia-driver-git/build
==> Entering fakeroot environment...
==> Starting package()...
ninja: Entering directory `/home/oniichanx/.cache/yay/libva-nvidia-driver-git/src/libva-nvidia-driver-git/build'
ninja: no work to do.
Installing nvidia_drv_video.so to /home/oniichanx/.cache/yay/libva-nvidia-driver-git/pkg/libva-nvidia-driver-git/usr/lib/dri
==> Tidying install...
  -> Removing libtool files...
  -> Removing static library files...
  -> Purging unwanted files...
  -> Stripping unneeded symbols from binaries and libraries...
  -> Compressing man and info pages...
==> Checking for packaging issues...
==> Creating package "libva-nvidia-driver-git"...
  -> Generating .PKGINFO file...
  -> Generating .BUILDINFO file...
  -> Generating .MTREE file...
  -> Compressing package...
==> Creating package "libva-nvidia-driver-git-debug"...
  -> Generating .PKGINFO file...
  -> Generating .BUILDINFO file...
  -> Generating .MTREE file...
  -> Compressing package...
==> Leaving fakeroot environment.
==> Finished making: libva-nvidia-driver-git 0.0.16.r4.g0ba758d-1 (Thu 07 May 2026 04:04:16 AM +07)
==> Cleaning up...
loading packages...
resolving dependencies...
looking for conflicting packages...

Packages (2) libva-nvidia-driver-git-0.0.16.r4.g0ba758d-1  libva-nvidia-driver-git-debug-0.0.16.r4.g0ba758d-1

Total Installed Size:  1.40 MiB

:: Proceed with installation? [Y/n] 
checking keyring...
checking package integrity...
loading package files...
checking for file conflicts...
checking available disk space...
:: Processing package changes...
installing libva-nvidia-driver-git...
installing libva-nvidia-driver-git-debug...
:: Running post-transaction hooks...
(1/1) Arming ConditionNeedsUpdate...
==> Building image from preset: /etc/mkinitcpio.d/linux-zen.preset: 'default'
==> Using default configuration file: '/etc/mkinitcpio.conf'
  -> -k /boot/vmlinuz-linux-zen -U /boot/EFI/Linux/arch-linux-zen.efi --splash /usr/share/systemd/bootctl/splash-arch.bmp
==> Starting build: '7.0.3-zen1-2-zen'
  -> Running build hook: [base]
  -> Running build hook: [udev]
  -> Running build hook: [autodetect]
  -> Running build hook: [microcode]
  -> Running build hook: [modconf]
  -> Running build hook: [kms]
  -> Running build hook: [keyboard]
  -> Running build hook: [keymap]
  -> Running build hook: [consolefont]
  -> Running build hook: [block]
  -> Running build hook: [filesystems]
  -> Running build hook: [fsck]
==> Generating module dependencies
==> Creating zstd-compressed initcpio image
  -> Early uncompressed CPIO image generation successful
==> Initcpio image generation successful
==> Creating unified kernel image: '/boot/EFI/Linux/arch-linux-zen.efi'
==> Unified kernel image generation successful
[33m[NOTE][m === Installing hyprland-git ===
Sync Dependency (13): muparser-2.3.5-2, libliftoff-0.5.0-1, xorg-xwayland-24.1.11-1, glslang-1:1.4.341.0-2, xcb-util-errors-1.0.1-2, re2-2:2025.11.05-3, libzip-1.11.4-1, tomlplusplus-3.4.0-2, iniparser-4.2.6-2, seatd-0.9.3-1, wayland-protocols-1.48-1, libdisplay-info-0.3.0-1, pugixml-1.15-3
Sync Make Dependency (2): glaze-7.5.0-1, cmake-4.3.2-1
AUR Explicit (1): hyprland-git-0.54.0.r252.g80763b1-1
AUR Dependency (8): hyprcursor-git-0.1.12.r1.g2fd3642-1, hyprland-guiutils-git-0.1.0.r0.ga415eba-1, hyprwire-git-0.3.0.r16.g62cd80b-1, hyprtoolkit-git-r97.f3e4245-1, aquamarine-git-0.8.0.r3.gc8282f4-1, hyprgraphics-git-0.5.0.r3.g13c5366-1, hyprlang-git-0.6.7.r0.g0d00dc1-1, hyprutils-git-0.7.0.r0.g05878d9-1
AUR Make Dependency (2): hyprland-protocols-git-0.7.0.r1.g3f3860b-1, hyprwayland-scanner-git-0.4.4.r2.g206367a-1
:: [1m(1/11) Downloaded PKGBUILD: hyprland-protocols-git[0m
:: [1m(2/11) Downloaded PKGBUILD: hyprtoolkit-git[0m
:: [1m(3/11) Downloaded PKGBUILD: hyprwire-git[0m
:: [1m(4/11) Downloaded PKGBUILD: hyprland-guiutils-git[0m
:: [1m(5/11) Downloaded PKGBUILD: hyprwayland-scanner-git[0m
:: [1m(6/11) Downloaded PKGBUILD: aquamarine-git[0m
:: [1m(7/11) Downloaded PKGBUILD: hyprutils-git[0m
:: [1m(8/11) Downloaded PKGBUILD: hyprgraphics-git[0m
:: [1m(9/11) Downloaded PKGBUILD: hyprlang-git[0m
:: [1m(10/11) Downloaded PKGBUILD: hyprcursor-git[0m
:: [1m(11/11) Downloaded PKGBUILD: hyprland-git[0m
 11 hyprland-git                             (Build Files Exist)
 10 hyprland-protocols-git                   (Build Files Exist)
  9 hyprtoolkit-git                          (Build Files Exist)
  8 aquamarine-git                           (Build Files Exist)
  7 hyprgraphics-git                         (Build Files Exist)
  6 hyprland-guiutils-git                    (Build Files Exist)
  5 hyprwire-git                             (Build Files Exist)
  4 hyprcursor-git                           (Build Files Exist)
  3 hyprlang-git                             (Build Files Exist)
  2 hyprutils-git                            (Build Files Exist)
  1 hyprwayland-scanner-git                  (Build Files Exist)
==> Packages to cleanBuild?
==> [N]one [A]ll [Ab]ort [I]nstalled [No]tInstalled or (1 2 3, 1-3, ^4)
==> 
 11 hyprland-guiutils-git                    (Build Files Exist)
 10 hyprwire-git                             (Build Files Exist)
  9 hyprcursor-git                           (Build Files Exist)
  8 hyprlang-git                             (Build Files Exist)
  7 hyprutils-git                            (Build Files Exist)
  6 hyprwayland-scanner-git                  (Build Files Exist)
  5 hyprland-git                             (Build Files Exist)
  4 hyprland-protocols-git                   (Build Files Exist)
  3 hyprtoolkit-git                          (Build Files Exist)
  2 aquamarine-git                           (Build Files Exist)
  1 hyprgraphics-git                         (Build Files Exist)
==> Diffs to show?
==> [N]one [A]ll [Ab]ort [I]nstalled [No]tInstalled or (1 2 3, 1-3, ^4)
==> 
==> Making package: hyprland-guiutils-git 0.1.0.r0.ga415eba-1 (Thu 07 May 2026 04:04:26 AM +07)
==> Retrieving sources...
  -> Cloning hyprland-guiutils git repo...
Cloning into bare repository '/home/oniichanx/.cache/yay/hyprland-guiutils-git/hyprland-guiutils'...
==> WARNING: Skipping verification of source file PGP signatures.
==> Validating source files with sha256sums...
    hyprland-guiutils ... Skipped
==> Making package: hyprwire-git 0.3.0.r16.g62cd80b-1 (Thu 07 May 2026 04:04:28 AM +07)
==> Retrieving sources...
  -> Cloning hyprwire git repo...
Cloning into bare repository '/home/oniichanx/.cache/yay/hyprwire-git/hyprwire'...
==> WARNING: Skipping verification of source file PGP signatures.
==> Validating source files with sha256sums...
    hyprwire ... Skipped
==> Making package: hyprcursor-git 0.1.12.r1.g2fd3642-1 (Thu 07 May 2026 04:04:29 AM +07)
==> Retrieving sources...
  -> Cloning hyprcursor git repo...
Cloning into bare repository '/home/oniichanx/.cache/yay/hyprcursor-git/hyprcursor'...
==> WARNING: Skipping verification of source file PGP signatures.
==> Validating source files with sha256sums...
    hyprcursor ... Skipped
==> Making package: hyprlang-git 0.6.7.r0.g0d00dc1-1 (Thu 07 May 2026 04:04:31 AM +07)
==> Retrieving sources...
  -> Cloning hyprlang git repo...
Cloning into bare repository '/home/oniichanx/.cache/yay/hyprlang-git/hyprlang'...
==> WARNING: Skipping verification of source file PGP signatures.
==> Validating source files with sha256sums...
    hyprlang ... Skipped
==> Making package: hyprutils-git 0.7.0.r0.g05878d9-1 (Thu 07 May 2026 04:04:32 AM +07)
==> Retrieving sources...
  -> Cloning hyprutils git repo...
Cloning into bare repository '/home/oniichanx/.cache/yay/hyprutils-git/hyprutils'...
==> WARNING: Skipping verification of source file PGP signatures.
==> Validating source files with sha256sums...
    hyprutils ... Skipped
==> Making package: hyprwayland-scanner-git 0.4.4.r2.g206367a-1 (Thu 07 May 2026 04:04:34 AM +07)
==> Retrieving sources...
  -> Cloning hyprwayland-scanner git repo...
Cloning into bare repository '/home/oniichanx/.cache/yay/hyprwayland-scanner-git/hyprwayland-scanner'...
==> WARNING: Skipping verification of source file PGP signatures.
==> Validating source files with sha256sums...
    hyprwayland-scanner ... Skipped
==> Making package: hyprland-git 0.54.0.r252.g80763b1-1 (Thu 07 May 2026 04:04:36 AM +07)
==> Retrieving sources...
  -> Cloning hyprland git repo...
Cloning into bare repository '/home/oniichanx/.cache/yay/hyprland-git/hyprland'...
  -> Cloning udis86 git repo...
Cloning into bare repository '/home/oniichanx/.cache/yay/hyprland-git/udis86'...
==> WARNING: Skipping verification of source file PGP signatures.
==> Validating source files with sha256sums...
    hyprland ... Skipped
    udis86 ... Skipped
==> Making package: hyprland-protocols-git 0.7.0.r1.g3f3860b-1 (Thu 07 May 2026 04:04:51 AM +07)
==> Retrieving sources...
  -> Cloning hyprland-protocols git repo...
Cloning into bare repository '/home/oniichanx/.cache/yay/hyprland-protocols-git/hyprland-protocols'...
==> WARNING: Skipping verification of source file PGP signatures.
==> Validating source files with sha256sums...
    hyprland-protocols ... Skipped
==> Making package: hyprtoolkit-git r97.f3e4245-1 (Thu 07 May 2026 04:04:52 AM +07)
==> Retrieving sources...
  -> Cloning hyprtoolkit git repo...
Cloning into bare repository '/home/oniichanx/.cache/yay/hyprtoolkit-git/hyprtoolkit'...
==> WARNING: Skipping verification of source file PGP signatures.
==> Validating source files with sha256sums...
    hyprtoolkit ... Skipped
==> Making package: aquamarine-git 0.8.0.r3.gc8282f4-1 (Thu 07 May 2026 04:04:54 AM +07)
==> Retrieving sources...
  -> Cloning aquamarine git repo...
Cloning into bare repository '/home/oniichanx/.cache/yay/aquamarine-git/aquamarine'...
==> WARNING: Skipping verification of source file PGP signatures.
==> Validating source files with sha256sums...
    aquamarine ... Skipped
==> Making package: hyprgraphics-git 0.5.0.r3.g13c5366-1 (Thu 07 May 2026 04:04:56 AM +07)
==> Retrieving sources...
  -> Cloning hyprgraphics git repo...
Cloning into bare repository '/home/oniichanx/.cache/yay/hyprgraphics-git/hyprgraphics'...
==> WARNING: Skipping verification of source file PGP signatures.
==> Validating source files with sha256sums...
    hyprgraphics ... Skipped
:: [1m(1/11) Parsing SRCINFO: hyprutils-git[0m
:: [1m(2/11) Parsing SRCINFO: hyprwayland-scanner-git[0m
:: [1m(3/11) Parsing SRCINFO: hyprland-git[0m
:: [1m(4/11) Parsing SRCINFO: hyprland-protocols-git[0m
:: [1m(5/11) Parsing SRCINFO: hyprtoolkit-git[0m
:: [1m(6/11) Parsing SRCINFO: aquamarine-git[0m
:: [1m(7/11) Parsing SRCINFO: hyprgraphics-git[0m
:: [1m(8/11) Parsing SRCINFO: hyprland-guiutils-git[0m
:: [1m(9/11) Parsing SRCINFO: hyprwire-git[0m
:: [1m(10/11) Parsing SRCINFO: hyprcursor-git[0m
:: [1m(11/11) Parsing SRCINFO: hyprlang-git[0m
resolving dependencies...
looking for conflicting packages...

Packages (5) cppdap-1.58.0-3  jsoncpp-1.9.6-3  rhash-1.4.6-1  cmake-4.3.2-1  pugixml-1.15-3

Total Download Size:   14.97 MiB
Total Installed Size:  98.26 MiB

:: Proceed with installation? [Y/n] 
:: Retrieving packages...
 cmake-4.3.2-1-x86_64 downloading...
 cppdap-1.58.0-3-x86_64 downloading...
 rhash-1.4.6-1-x86_64 downloading...
 jsoncpp-1.9.6-3-x86_64 downloading...
 pugixml-1.15-3-x86_64 downloading...
checking keyring...
checking package integrity...
loading package files...
checking for file conflicts...
checking available disk space...
:: Processing package changes...
installing pugixml...
installing cppdap...
installing jsoncpp...
Optional dependencies for jsoncpp
    jsoncpp-doc: documentation
installing rhash...
installing cmake...
Optional dependencies for cmake
    make: for unix Makefile generator [installed]
    ninja: for ninja generator [installed]
    qt6-base: cmake-gui [installed]
:: Running post-transaction hooks...
(1/4) Updating the MIME type database...
(2/4) Arming ConditionNeedsUpdate...
(3/4) Updating icon theme caches...
(4/4) Updating the desktop file MIME type cache...
resolving dependencies...
looking for conflicting packages...

Packages (3) libdisplay-info-0.3.0-1  seatd-0.9.3-1  wayland-protocols-1.48-1

Total Download Size:   0.29 MiB
Total Installed Size:  1.48 MiB

:: Proceed with installation? [Y/n] 
:: Retrieving packages...
 wayland-protocols-1.48-1-any downloading...
 libdisplay-info-0.3.0-1-x86_64 downloading...
 seatd-0.9.3-1-x86_64 downloading...
checking keyring...
checking package integrity...
loading package files...
checking for file conflicts...
checking available disk space...
:: Processing package changes...
installing wayland-protocols...
installing libdisplay-info...
installing seatd...
:: Running post-transaction hooks...
(1/3) Creating system user accounts...
Creating group 'seat' with GID 966.
(2/3) Reloading system manager configuration...
(3/3) Arming ConditionNeedsUpdate...
==> Making package: hyprwayland-scanner-git 0.4.4.r2.g206367a-1 (Thu 07 May 2026 04:04:59 AM +07)
==> Checking runtime dependencies...
==> Checking buildtime dependencies...
==> Retrieving sources...
  -> Updating hyprwayland-scanner git repo...
==> Validating source files with sha256sums...
    hyprwayland-scanner ... Skipped
==> Removing existing $srcdir/ directory...
==> Extracting sources...
  -> Creating working copy of hyprwayland-scanner git repo...
Cloning into 'hyprwayland-scanner'...
done.
==> Starting pkgver()...
==> Updated version: hyprwayland-scanner-git 0.4.6.r0.gb863271-1
==> Sources are ready.
==> Making package: hyprwayland-scanner-git 0.4.6.r0.gb863271-1 (Thu 07 May 2026 04:05:01 AM +07)
==> Checking runtime dependencies...
==> Checking buildtime dependencies...
==> WARNING: Using existing $srcdir/ tree
==> Starting pkgver()...
==> Starting build()...
-- The C compiler identification is GNU 16.1.1
-- The CXX compiler identification is GNU 16.1.1
-- Detecting C compiler ABI info
-- Detecting C compiler ABI info - done
-- Check for working C compiler: /usr/bin/cc - skipped
-- Detecting C compile features
-- Detecting C compile features - done
-- Detecting CXX compiler ABI info
-- Detecting CXX compiler ABI info - done
-- Check for working CXX compiler: /usr/bin/c++ - skipped
-- Detecting CXX compile features
-- Detecting CXX compile features - done
-- Configuring hyprwayland-scanner in Release with CMake
-- Checking deps...
-- Performing Test CMAKE_HAVE_LIBC_PTHREAD
-- Performing Test CMAKE_HAVE_LIBC_PTHREAD - Success
-- Found Threads: TRUE
-- Found PkgConfig: /usr/bin/pkg-config (found version "2.5.1")
-- Checking for module 'pugixml'
--   Found pugixml, version 1.15
-- Configuring done (0.2s)
-- Generating done (0.0s)
-- Build files have been written to: /home/oniichanx/.cache/yay/hyprwayland-scanner-git/src/build
[0/2] Re-checking globbed directories...
[1/3] Building CXX object CMakeFiles/hyprwayland-scanner.dir/src/main.cpp.o
[2/3] Linking CXX executable hyprwayland-scanner
==> Entering fakeroot environment...
==> Starting package()...
-- Install configuration: "None"
-- Installing: /home/oniichanx/.cache/yay/hyprwayland-scanner-git/pkg/hyprwayland-scanner-git/usr/bin/hyprwayland-scanner
-- Installing: /home/oniichanx/.cache/yay/hyprwayland-scanner-git/pkg/hyprwayland-scanner-git/usr/lib/pkgconfig/hyprwayland-scanner.pc
-- Installing: /home/oniichanx/.cache/yay/hyprwayland-scanner-git/pkg/hyprwayland-scanner-git/usr/lib/cmake/hyprwayland-scanner/hyprwayland-scanner-config.cmake
-- Installing: /home/oniichanx/.cache/yay/hyprwayland-scanner-git/pkg/hyprwayland-scanner-git/usr/lib/cmake/hyprwayland-scanner/hyprwayland-scanner-config-version.cmake
==> Tidying install...
  -> Removing libtool files...
  -> Removing static library files...
  -> Purging unwanted files...
  -> Stripping unneeded symbols from binaries and libraries...
  -> Compressing man and info pages...
==> Checking for packaging issues...
==> Creating package "hyprwayland-scanner-git"...
  -> Generating .PKGINFO file...
  -> Generating .BUILDINFO file...
  -> Generating .MTREE file...
  -> Compressing package...
==> Creating package "hyprwayland-scanner-git-debug"...
  -> Generating .PKGINFO file...
  -> Generating .BUILDINFO file...
  -> Generating .MTREE file...
  -> Compressing package...
==> Leaving fakeroot environment.
==> Finished making: hyprwayland-scanner-git 0.4.6.r0.gb863271-1 (Thu 07 May 2026 04:05:05 AM +07)
==> Cleaning up...
==> Making package: hyprutils-git 0.7.0.r0.g05878d9-1 (Thu 07 May 2026 04:05:05 AM +07)
==> Checking runtime dependencies...
==> Checking buildtime dependencies...
==> Retrieving sources...
  -> Updating hyprutils git repo...
==> Validating source files with sha256sums...
    hyprutils ... Skipped
==> Removing existing $srcdir/ directory...
==> Extracting sources...
  -> Creating working copy of hyprutils git repo...
Cloning into 'hyprutils'...
done.
==> Starting pkgver()...
==> Updated version: hyprutils-git 0.13.0.r0.gec5c0c7-1
==> Sources are ready.
==> Making package: hyprutils-git 0.13.0.r0.gec5c0c7-1 (Thu 07 May 2026 04:05:07 AM +07)
==> Checking runtime dependencies...
==> Checking buildtime dependencies...
==> WARNING: Using existing $srcdir/ tree
==> Starting pkgver()...
==> Starting build()...
-- The C compiler identification is GNU 16.1.1
-- The CXX compiler identification is GNU 16.1.1
-- Detecting C compiler ABI info
-- Detecting C compiler ABI info - done
-- Check for working C compiler: /usr/bin/cc - skipped
-- Detecting C compile features
-- Detecting C compile features - done
-- Detecting CXX compiler ABI info
-- Detecting CXX compiler ABI info - done
-- Check for working CXX compiler: /usr/bin/c++ - skipped
-- Detecting CXX compile features
-- Detecting CXX compile features - done
-- Configuring hyprutils in Release
-- Found PkgConfig: /usr/bin/pkg-config (found version "2.5.1")
-- Checking for module 'pixman-1'
--   Found pixman-1, version 0.46.4
-- Configuring done (0.2s)
-- Generating done (0.0s)
-- Build files have been written to: /home/oniichanx/.cache/yay/hyprutils-git/src/build
[0/2] Re-checking globbed directories...
[1/26] Building CXX object CMakeFiles/hyprutils.dir/src/os/FileDescriptor.cpp.o
[2/26] Building CXX object CMakeFiles/hyprutils.dir/src/animation/AnimationConfig.cpp.o
[3/26] Building CXX object CMakeFiles/hyprutils.dir/src/i18n/I18nLocale.cpp.o
[4/26] Building CXX object CMakeFiles/hyprutils.dir/src/signal/Listener.cpp.o
[5/26] Building CXX object CMakeFiles/hyprutils.dir/src/math/Vector2D.cpp.o
[6/26] Building CXX object CMakeFiles/hyprutils.dir/src/signal/Signal.cpp.o
[7/26] Building CXX object CMakeFiles/hyprutils.dir/src/math/Region.cpp.o
[8/26] Building CXX object CMakeFiles/hyprutils.dir/src/string/ConstVarList.cpp.o
[9/26] Building CXX object CMakeFiles/hyprutils.dir/src/os/File.cpp.o
[10/26] Building CXX object CMakeFiles/hyprutils.dir/src/string/String.cpp.o
[11/26] Building CXX object CMakeFiles/hyprutils.dir/src/animation/BezierCurve.cpp.o
[12/26] Building CXX object CMakeFiles/hyprutils.dir/src/path/Path.cpp.o
[13/26] Building CXX object CMakeFiles/hyprutils.dir/src/os/Process.cpp.o
[14/26] Building CXX object CMakeFiles/hyprutils.dir/src/string/VarList2.cpp.o
[15/26] Building CXX object CMakeFiles/hyprutils.dir/src/math/Box.cpp.o
[16/26] Building CXX object CMakeFiles/hyprutils.dir/src/utils/ScopeGuard.cpp.o
[17/26] Building CXX object CMakeFiles/hyprutils.dir/src/math/Mat3x3.cpp.o
[18/26] Building CXX object CMakeFiles/hyprutils.dir/src/animation/AnimationManager.cpp.o
[19/26] Building CXX object CMakeFiles/hyprutils.dir/src/animation/AnimatedVariable.cpp.o
[20/26] Building CXX object CMakeFiles/hyprutils.dir/src/string/VarList.cpp.o
[21/26] Building CXX object CMakeFiles/hyprutils.dir/src/cli/ArgumentParser.cpp.o
[22/26] Building CXX object CMakeFiles/hyprutils.dir/src/i18n/I18nEngine.cpp.o
[23/26] Building CXX object CMakeFiles/hyprutils.dir/src/cli/Logger.cpp.o
[24/26] Linking CXX shared library libhyprutils.so.0.13.0
[25/26] Creating library symlink libhyprutils.so.12 libhyprutils.so
==> Entering fakeroot environment...
==> Starting package()...
-- Install configuration: "None"
-- Installing: /home/oniichanx/.cache/yay/hyprutils-git/pkg/hyprutils-git/usr/lib/libhyprutils.so.0.13.0
-- Installing: /home/oniichanx/.cache/yay/hyprutils-git/pkg/hyprutils-git/usr/lib/libhyprutils.so.12
-- Installing: /home/oniichanx/.cache/yay/hyprutils-git/pkg/hyprutils-git/usr/lib/libhyprutils.so
-- Installing: /home/oniichanx/.cache/yay/hyprutils-git/pkg/hyprutils-git/usr/include/hyprutils
-- Installing: /home/oniichanx/.cache/yay/hyprutils-git/pkg/hyprutils-git/usr/include/hyprutils/animation
-- Installing: /home/oniichanx/.cache/yay/hyprutils-git/pkg/hyprutils-git/usr/include/hyprutils/animation/AnimatedVariable.hpp
-- Installing: /home/oniichanx/.cache/yay/hyprutils-git/pkg/hyprutils-git/usr/include/hyprutils/animation/AnimationConfig.hpp
-- Installing: /home/oniichanx/.cache/yay/hyprutils-git/pkg/hyprutils-git/usr/include/hyprutils/animation/AnimationManager.hpp
-- Installing: /home/oniichanx/.cache/yay/hyprutils-git/pkg/hyprutils-git/usr/include/hyprutils/animation/BezierCurve.hpp
-- Installing: /home/oniichanx/.cache/yay/hyprutils-git/pkg/hyprutils-git/usr/include/hyprutils/cli
-- Installing: /home/oniichanx/.cache/yay/hyprutils-git/pkg/hyprutils-git/usr/include/hyprutils/cli/ArgumentParser.hpp
-- Installing: /home/oniichanx/.cache/yay/hyprutils-git/pkg/hyprutils-git/usr/include/hyprutils/cli/Logger.hpp
-- Installing: /home/oniichanx/.cache/yay/hyprutils-git/pkg/hyprutils-git/usr/include/hyprutils/i18n
-- Installing: /home/oniichanx/.cache/yay/hyprutils-git/pkg/hyprutils-git/usr/include/hyprutils/i18n/I18nEngine.hpp
-- Installing: /home/oniichanx/.cache/yay/hyprutils-git/pkg/hyprutils-git/usr/include/hyprutils/math
-- Installing: /home/oniichanx/.cache/yay/hyprutils-git/pkg/hyprutils-git/usr/include/hyprutils/math/Box.hpp
-- Installing: /home/oniichanx/.cache/yay/hyprutils-git/pkg/hyprutils-git/usr/include/hyprutils/math/Edges.hpp
-- Installing: /home/oniichanx/.cache/yay/hyprutils-git/pkg/hyprutils-git/usr/include/hyprutils/math/Mat3x3.hpp
-- Installing: /home/oniichanx/.cache/yay/hyprutils-git/pkg/hyprutils-git/usr/include/hyprutils/math/Misc.hpp
-- Installing: /home/oniichanx/.cache/yay/hyprutils-git/pkg/hyprutils-git/usr/include/hyprutils/math/Region.hpp
-- Installing: /home/oniichanx/.cache/yay/hyprutils-git/pkg/hyprutils-git/usr/include/hyprutils/math/Vector2D.hpp
-- Installing: /home/oniichanx/.cache/yay/hyprutils-git/pkg/hyprutils-git/usr/include/hyprutils/memory
-- Installing: /home/oniichanx/.cache/yay/hyprutils-git/pkg/hyprutils-git/usr/include/hyprutils/memory/Atomic.hpp
-- Installing: /home/oniichanx/.cache/yay/hyprutils-git/pkg/hyprutils-git/usr/include/hyprutils/memory/Casts.hpp
-- Installing: /home/oniichanx/.cache/yay/hyprutils-git/pkg/hyprutils-git/usr/include/hyprutils/memory/ImplBase.hpp
-- Installing: /home/oniichanx/.cache/yay/hyprutils-git/pkg/hyprutils-git/usr/include/hyprutils/memory/SharedPtr.hpp
-- Installing: /home/oniichanx/.cache/yay/hyprutils-git/pkg/hyprutils-git/usr/include/hyprutils/memory/UniquePtr.hpp
-- Installing: /home/oniichanx/.cache/yay/hyprutils-git/pkg/hyprutils-git/usr/include/hyprutils/memory/WeakPtr.hpp
-- Installing: /home/oniichanx/.cache/yay/hyprutils-git/pkg/hyprutils-git/usr/include/hyprutils/os
-- Installing: /home/oniichanx/.cache/yay/hyprutils-git/pkg/hyprutils-git/usr/include/hyprutils/os/File.hpp
-- Installing: /home/oniichanx/.cache/yay/hyprutils-git/pkg/hyprutils-git/usr/include/hyprutils/os/FileDescriptor.hpp
-- Installing: /home/oniichanx/.cache/yay/hyprutils-git/pkg/hyprutils-git/usr/include/hyprutils/os/Process.hpp
-- Installing: /home/oniichanx/.cache/yay/hyprutils-git/pkg/hyprutils-git/usr/include/hyprutils/path
-- Installing: /home/oniichanx/.cache/yay/hyprutils-git/pkg/hyprutils-git/usr/include/hyprutils/path/Path.hpp
-- Installing: /home/oniichanx/.cache/yay/hyprutils-git/pkg/hyprutils-git/usr/include/hyprutils/signal
-- Installing: /home/oniichanx/.cache/yay/hyprutils-git/pkg/hyprutils-git/usr/include/hyprutils/signal/Listener.hpp
-- Installing: /home/oniichanx/.cache/yay/hyprutils-git/pkg/hyprutils-git/usr/include/hyprutils/signal/Signal.hpp
-- Installing: /home/oniichanx/.cache/yay/hyprutils-git/pkg/hyprutils-git/usr/include/hyprutils/string
-- Installing: /home/oniichanx/.cache/yay/hyprutils-git/pkg/hyprutils-git/usr/include/hyprutils/string/ConstVarList.hpp
-- Installing: /home/oniichanx/.cache/yay/hyprutils-git/pkg/hyprutils-git/usr/include/hyprutils/string/Numeric.hpp
-- Installing: /home/oniichanx/.cache/yay/hyprutils-git/pkg/hyprutils-git/usr/include/hyprutils/string/String.hpp
-- Installing: /home/oniichanx/.cache/yay/hyprutils-git/pkg/hyprutils-git/usr/include/hyprutils/string/VarList.hpp
-- Installing: /home/oniichanx/.cache/yay/hyprutils-git/pkg/hyprutils-git/usr/include/hyprutils/string/VarList2.hpp
-- Installing: /home/oniichanx/.cache/yay/hyprutils-git/pkg/hyprutils-git/usr/include/hyprutils/utils
-- Installing: /home/oniichanx/.cache/yay/hyprutils-git/pkg/hyprutils-git/usr/include/hyprutils/utils/ScopeGuard.hpp
-- Installing: /home/oniichanx/.cache/yay/hyprutils-git/pkg/hyprutils-git/usr/lib/pkgconfig/hyprutils.pc
==> Tidying install...
  -> Removing libtool files...
  -> Removing static library files...
  -> Purging unwanted files...
  -> Stripping unneeded symbols from binaries and libraries...
  -> Compressing man and info pages...
==> Checking for packaging issues...
==> Creating package "hyprutils-git"...
  -> Generating .PKGINFO file...
  -> Generating .BUILDINFO file...
  -> Generating .MTREE file...
  -> Compressing package...
==> Creating package "hyprutils-git-debug"...
  -> Generating .PKGINFO file...
  -> Generating .BUILDINFO file...
  -> Generating .MTREE file...
  -> Compressing package...
==> Leaving fakeroot environment.
==> Finished making: hyprutils-git 0.13.0.r0.gec5c0c7-1 (Thu 07 May 2026 04:05:11 AM +07)
==> Cleaning up...
loading packages...
resolving dependencies...
looking for conflicting packages...

Packages (4) hyprutils-git-0.13.0.r0.gec5c0c7-1  hyprutils-git-debug-0.13.0.r0.gec5c0c7-1  hyprwayland-scanner-git-0.4.6.r0.gb863271-1  hyprwayland-scanner-git-debug-0.4.6.r0.gb863271-1

Total Installed Size:  9.67 MiB

:: Proceed with installation? [Y/n] 
checking keyring...
checking package integrity...
loading package files...
checking for file conflicts...
checking available disk space...
:: Processing package changes...
installing hyprwayland-scanner-git...
installing hyprwayland-scanner-git-debug...
installing hyprutils-git...
installing hyprutils-git-debug...
:: Running post-transaction hooks...
(1/1) Arming ConditionNeedsUpdate...
resolving dependencies...
looking for conflicting packages...

Packages (1) iniparser-4.2.6-2

Total Download Size:   0.02 MiB
Total Installed Size:  0.05 MiB

:: Proceed with installation? [Y/n] 
:: Retrieving packages...
 iniparser-4.2.6-2-x86_64 downloading...
checking keyring...
checking package integrity...
loading package files...
checking for file conflicts...
checking available disk space...
:: Processing package changes...
installing iniparser...
:: Running post-transaction hooks...
(1/1) Arming ConditionNeedsUpdate...
==> Making package: hyprlang-git 0.6.7.r0.g0d00dc1-1 (Thu 07 May 2026 04:05:12 AM +07)
==> Checking runtime dependencies...
==> Checking buildtime dependencies...
==> Retrieving sources...
  -> Updating hyprlang git repo...
==> Validating source files with sha256sums...
    hyprlang ... Skipped
==> Removing existing $srcdir/ directory...
==> Extracting sources...
  -> Creating working copy of hyprlang git repo...
Cloning into 'hyprlang'...
done.
==> Starting pkgver()...
==> Updated version: hyprlang-git 0.6.8.r7.g0901175-1
==> Sources are ready.
==> Making package: hyprlang-git 0.6.8.r7.g0901175-1 (Thu 07 May 2026 04:05:14 AM +07)
==> Checking runtime dependencies...
==> Checking buildtime dependencies...
==> WARNING: Using existing $srcdir/ tree
==> Starting pkgver()...
==> Starting build()...
-- The C compiler identification is GNU 16.1.1
-- The CXX compiler identification is GNU 16.1.1
-- Detecting C compiler ABI info
-- Detecting C compiler ABI info - done
-- Check for working C compiler: /usr/bin/cc - skipped
-- Detecting C compile features
-- Detecting C compile features - done
-- Detecting CXX compiler ABI info
-- Detecting CXX compiler ABI info - done
-- Check for working CXX compiler: /usr/bin/c++ - skipped
-- Detecting CXX compile features
-- Detecting CXX compile features - done
-- Configuring hyprlang in Release
-- Found PkgConfig: /usr/bin/pkg-config (found version "2.5.1")
-- Checking for module 'hyprutils>=0.7.1'
--   Found hyprutils, version 0.13.0
-- Configuring done (0.2s)
-- Generating done (0.0s)
-- Build files have been written to: /home/oniichanx/.cache/yay/hyprlang-git/src/build
[0/2] Re-checking globbed directories...
[1/9] Building CXX object CMakeFiles/hyprlang_fuzz.dir/tests/fuzz/main.cpp.o
[2/9] Building CXX object CMakeFiles/hyprlang.dir/src/common.cpp.o
[3/9] Building CXX object CMakeFiles/hyprlang_test.dir/tests/parse/main.cpp.o
[4/9] Building CXX object CMakeFiles/hyprlang.dir/src/config.cpp.o
[5/9] Linking CXX shared library libhyprlang.so.0.6.8
[6/9] Creating library symlink libhyprlang.so.2 libhyprlang.so
[7/9] Linking CXX executable hyprlang_fuzz
[8/9] Linking CXX executable hyprlang_test
==> Entering fakeroot environment...
==> Starting package()...
-- Install configuration: "None"
-- Installing: /home/oniichanx/.cache/yay/hyprlang-git/pkg/hyprlang-git/usr/lib/libhyprlang.so.0.6.8
-- Installing: /home/oniichanx/.cache/yay/hyprlang-git/pkg/hyprlang-git/usr/lib/libhyprlang.so.2
-- Installing: /home/oniichanx/.cache/yay/hyprlang-git/pkg/hyprlang-git/usr/lib/libhyprlang.so
-- Installing: /home/oniichanx/.cache/yay/hyprlang-git/pkg/hyprlang-git/usr/include/hyprlang.hpp
-- Up-to-date: /home/oniichanx/.cache/yay/hyprlang-git/pkg/hyprlang-git/usr/lib/libhyprlang.so.0.6.8
-- Up-to-date: /home/oniichanx/.cache/yay/hyprlang-git/pkg/hyprlang-git/usr/lib/libhyprlang.so.2
-- Up-to-date: /home/oniichanx/.cache/yay/hyprlang-git/pkg/hyprlang-git/usr/lib/libhyprlang.so
-- Up-to-date: /home/oniichanx/.cache/yay/hyprlang-git/pkg/hyprlang-git/usr/include/hyprlang.hpp
-- Installing: /home/oniichanx/.cache/yay/hyprlang-git/pkg/hyprlang-git/usr/lib/pkgconfig/hyprlang.pc
==> Tidying install...
  -> Removing libtool files...
  -> Removing static library files...
  -> Purging unwanted files...
  -> Stripping unneeded symbols from binaries and libraries...
  -> Compressing man and info pages...
==> Checking for packaging issues...
==> Creating package "hyprlang-git"...
  -> Generating .PKGINFO file...
  -> Generating .BUILDINFO file...
  -> Generating .MTREE file...
  -> Compressing package...
==> Creating package "hyprlang-git-debug"...
  -> Generating .PKGINFO file...
  -> Generating .BUILDINFO file...
  -> Generating .MTREE file...
  -> Compressing package...
==> Leaving fakeroot environment.
==> Finished making: hyprlang-git 0.6.8.r7.g0901175-1 (Thu 07 May 2026 04:05:19 AM +07)
==> Cleaning up...
==> Making package: aquamarine-git 0.8.0.r3.gc8282f4-1 (Thu 07 May 2026 04:05:20 AM +07)
==> Checking runtime dependencies...
==> Checking buildtime dependencies...
==> Retrieving sources...
  -> Updating aquamarine git repo...
==> Validating source files with sha256sums...
    aquamarine ... Skipped
==> Removing existing $srcdir/ directory...
==> Extracting sources...
  -> Creating working copy of aquamarine git repo...
Cloning into 'aquamarine'...
done.
==> Starting pkgver()...
==> Updated version: aquamarine-git 0.11.0.r2.g813c1e8-1
==> Sources are ready.
==> Making package: aquamarine-git 0.11.0.r2.g813c1e8-1 (Thu 07 May 2026 04:05:21 AM +07)
==> Checking runtime dependencies...
==> Checking buildtime dependencies...
==> WARNING: Using existing $srcdir/ tree
==> Starting pkgver()...
==> Starting build()...
-- The C compiler identification is GNU 16.1.1
-- The CXX compiler identification is GNU 16.1.1
-- Detecting C compiler ABI info
-- Detecting C compiler ABI info - done
-- Check for working C compiler: /usr/bin/cc - skipped
-- Detecting C compile features
-- Detecting C compile features - done
-- Detecting CXX compiler ABI info
-- Detecting CXX compiler ABI info - done
-- Check for working CXX compiler: /usr/bin/c++ - skipped
-- Detecting CXX compile features
-- Detecting CXX compile features - done
-- Found PkgConfig: /usr/bin/pkg-config (found version "2.5.1")
-- Found OpenGL: /usr/lib/libOpenGL.so  found components: GLES3
-- Checking for modules 'libseat>=0.8.0;libinput>=1.26.0;wayland-client;wayland-protocols;hyprutils>=0.8.0;pixman-1;libdrm;gbm;libudev;libdisplay-info;hwdata'
--   Found libseat, version 0.9.3
--   Found libinput, version 1.31.1
--   Found wayland-client, version 1.25.0
--   Found wayland-protocols, version 1.48
--   Found hyprutils, version 0.13.0
--   Found pixman-1, version 0.46.4
--   Found libdrm, version 2.4.131
--   Found gbm, version 26.0.6-arch1.1
--   Found libudev, version 260
--   Found libdisplay-info, version 0.3.0
--   Found hwdata, version 0.406
-- Configuring aquamarine in Release
-- Looking for sys/timerfd.h
-- Looking for sys/timerfd.h - found
-- Checking for module 'epoll-shim'
--   Package 'epoll-shim' not found
-- Found wayland-protocols at //usr/share/wayland-protocols
-- Found wayland-scanner pkgdatadir at //usr/share/wayland
-- Running /home/oniichanx/.cache/yay/aquamarine-git/src/aquamarine/data/hwdata.sh < //usr/share/hwdata/pnp.ids
-- Configuring done (0.3s)
-- Generating done (0.0s)
-- Build files have been written to: /home/oniichanx/.cache/yay/aquamarine-git/src/build
[0/2] Re-checking globbed directories...
[1/35] Generating /home/oniichanx/.cache/yay/aquamarine-git/src/aquamarine/protocols/linux-dmabuf-v1.cpp, /home/oniichanx/.cache/yay/aquamarine-git/src/aquamarine/protocols/linux-dmabuf-v1.hpp
[2/35] Generating /home/oniichanx/.cache/yay/aquamarine-git/src/aquamarine/protocols/xdg-shell.cpp, /home/oniichanx/.cache/yay/aquamarine-git/src/aquamarine/protocols/xdg-shell.hpp
[3/35] Generating /home/oniichanx/.cache/yay/aquamarine-git/src/aquamarine/protocols/wayland.cpp, /home/oniichanx/.cache/yay/aquamarine-git/src/aquamarine/protocols/wayland.hpp
[4/35] Building CXX object CMakeFiles/aquamarine.dir/src/allocator/Allocator.cpp.o
[5/35] Building CXX object CMakeFiles/aquamarine.dir/src/input/Input.cpp.o
[6/35] Building CXX object CMakeFiles/aquamarine.dir/src/backend/Logger.cpp.o
[7/35] Building CXX object CMakeFiles/aquamarine.dir/src/backend/drm/Math.cpp.o
[8/35] Building CXX object CMakeFiles/aquamarine.dir/src/utils/FormatUtils.cpp.o
[9/35] Building CXX object CMakeFiles/aquamarine.dir/src/buffer/Buffer.cpp.o
[10/35] Building CXX object CMakeFiles/aquamarine.dir/src/misc/Attachment.cpp.o
[11/35] Building CXX object CMakeFiles/aquamarine.dir/src/allocator/Swapchain.cpp.o
[12/35] Building CXX object CMakeFiles/aquamarine.dir/src/backend/Null.cpp.o
[13/35] Building CXX object CMakeFiles/aquamarine.dir/src/backend/drm/Props.cpp.o
[14/35] Building CXX object CMakeFiles/aquamarine.dir/src/utils/Shared.cpp.o
[15/35] Building CXX object CMakeFiles/aquamarine.dir/src/output/Output.cpp.o
[16/35] Building CXX object CMakeFiles/aquamarine.dir/protocols/xdg-shell.cpp.o
[17/35] Building CXX object CMakeFiles/aquamarine.dir/src/backend/Headless.cpp.o
[18/35] Building CXX object CMakeFiles/aquamarine.dir/src/allocator/DRMDumb.cpp.o
[19/35] Building CXX object CMakeFiles/aquamarine.dir/src/backend/drm/impl/Legacy.cpp.o
[20/35] Building CXX object CMakeFiles/aquamarine.dir/src/backend/drm/impl/Atomic.cpp.o
[21/35] Building CXX object CMakeFiles/aquamarine.dir/protocols/wayland.cpp.o
[22/35] Building CXX object CMakeFiles/aquamarine.dir/protocols/linux-dmabuf-v1.cpp.o
[23/35] Building CXX object CMakeFiles/aquamarine.dir/src/backend/Backend.cpp.o
/home/oniichanx/.cache/yay/aquamarine-git/src/aquamarine/src/backend/Backend.cpp: In member function ‘void Aquamarine::CBackend::dispatchIdle()’:
/home/oniichanx/.cache/yay/aquamarine-git/src/aquamarine/src/backend/Backend.cpp:290:13: warning: ignoring return value of ‘ssize_t read(int, void*, size_t)’ declared with attribute ‘warn_unused_result’ [-Wunused-result]
  290 |         read(idle.fd, &expirations, sizeof(expirations));
      |         ~~~~^~~~~~~~~~~~~~~~~~~~~~~~~~~~~~~~~~~~~~~~~~~~
[24/35] Building CXX object CMakeFiles/attachments.dir/tests/Attachments.cpp.o
[25/35] Building CXX object CMakeFiles/aquamarine.dir/src/backend/Session.cpp.o
[26/35] Building CXX object CMakeFiles/aquamarine.dir/src/allocator/GBM.cpp.o
[27/35] Building CXX object CMakeFiles/aquamarine.dir/src/backend/Wayland.cpp.o
[28/35] Building CXX object CMakeFiles/aquamarine.dir/src/backend/drm/Renderer.cpp.o
[29/35] Building CXX object CMakeFiles/simpleWindow.dir/tests/SimpleWindow.cpp.o
[30/35] Building CXX object CMakeFiles/aquamarine.dir/src/backend/drm/DRM.cpp.o
[31/35] Linking CXX shared library libaquamarine.so.0.11.0
[32/35] Creating library symlink libaquamarine.so.10 libaquamarine.so
[33/35] Linking CXX executable attachments
[34/35] Linking CXX executable simpleWindow
==> Entering fakeroot environment...
==> Starting package()...
-- Install configuration: "None"
-- Installing: /home/oniichanx/.cache/yay/aquamarine-git/pkg/aquamarine-git/usr/lib/libaquamarine.so.0.11.0
-- Installing: /home/oniichanx/.cache/yay/aquamarine-git/pkg/aquamarine-git/usr/lib/libaquamarine.so.10
-- Installing: /home/oniichanx/.cache/yay/aquamarine-git/pkg/aquamarine-git/usr/lib/libaquamarine.so
-- Installing: /home/oniichanx/.cache/yay/aquamarine-git/pkg/aquamarine-git/usr/include/aquamarine
-- Installing: /home/oniichanx/.cache/yay/aquamarine-git/pkg/aquamarine-git/usr/include/aquamarine/allocator
-- Installing: /home/oniichanx/.cache/yay/aquamarine-git/pkg/aquamarine-git/usr/include/aquamarine/allocator/Allocator.hpp
-- Installing: /home/oniichanx/.cache/yay/aquamarine-git/pkg/aquamarine-git/usr/include/aquamarine/allocator/DRMDumb.hpp
-- Installing: /home/oniichanx/.cache/yay/aquamarine-git/pkg/aquamarine-git/usr/include/aquamarine/allocator/GBM.hpp
-- Installing: /home/oniichanx/.cache/yay/aquamarine-git/pkg/aquamarine-git/usr/include/aquamarine/allocator/Swapchain.hpp
-- Installing: /home/oniichanx/.cache/yay/aquamarine-git/pkg/aquamarine-git/usr/include/aquamarine/backend
-- Installing: /home/oniichanx/.cache/yay/aquamarine-git/pkg/aquamarine-git/usr/include/aquamarine/backend/Backend.hpp
-- Installing: /home/oniichanx/.cache/yay/aquamarine-git/pkg/aquamarine-git/usr/include/aquamarine/backend/DRM.hpp
-- Installing: /home/oniichanx/.cache/yay/aquamarine-git/pkg/aquamarine-git/usr/include/aquamarine/backend/Headless.hpp
-- Installing: /home/oniichanx/.cache/yay/aquamarine-git/pkg/aquamarine-git/usr/include/aquamarine/backend/Misc.hpp
-- Installing: /home/oniichanx/.cache/yay/aquamarine-git/pkg/aquamarine-git/usr/include/aquamarine/backend/Null.hpp
-- Installing: /home/oniichanx/.cache/yay/aquamarine-git/pkg/aquamarine-git/usr/include/aquamarine/backend/Session.hpp
-- Installing: /home/oniichanx/.cache/yay/aquamarine-git/pkg/aquamarine-git/usr/include/aquamarine/backend/Wayland.hpp
-- Installing: /home/oniichanx/.cache/yay/aquamarine-git/pkg/aquamarine-git/usr/include/aquamarine/backend/drm
-- Installing: /home/oniichanx/.cache/yay/aquamarine-git/pkg/aquamarine-git/usr/include/aquamarine/backend/drm/Atomic.hpp
-- Installing: /home/oniichanx/.cache/yay/aquamarine-git/pkg/aquamarine-git/usr/include/aquamarine/backend/drm/Legacy.hpp
-- Installing: /home/oniichanx/.cache/yay/aquamarine-git/pkg/aquamarine-git/usr/include/aquamarine/buffer
-- Installing: /home/oniichanx/.cache/yay/aquamarine-git/pkg/aquamarine-git/usr/include/aquamarine/buffer/Buffer.hpp
-- Installing: /home/oniichanx/.cache/yay/aquamarine-git/pkg/aquamarine-git/usr/include/aquamarine/input
-- Installing: /home/oniichanx/.cache/yay/aquamarine-git/pkg/aquamarine-git/usr/include/aquamarine/input/Input.hpp
-- Installing: /home/oniichanx/.cache/yay/aquamarine-git/pkg/aquamarine-git/usr/include/aquamarine/misc
-- Installing: /home/oniichanx/.cache/yay/aquamarine-git/pkg/aquamarine-git/usr/include/aquamarine/misc/Attachment.hpp
-- Installing: /home/oniichanx/.cache/yay/aquamarine-git/pkg/aquamarine-git/usr/include/aquamarine/output
-- Installing: /home/oniichanx/.cache/yay/aquamarine-git/pkg/aquamarine-git/usr/include/aquamarine/output/Output.hpp
-- Installing: /home/oniichanx/.cache/yay/aquamarine-git/pkg/aquamarine-git/usr/lib/pkgconfig/aquamarine.pc
==> Tidying install...
  -> Removing libtool files...
  -> Removing static library files...
  -> Purging unwanted files...
  -> Stripping unneeded symbols from binaries and libraries...
  -> Compressing man and info pages...
==> Checking for packaging issues...
==> Creating package "aquamarine-git"...
  -> Generating .PKGINFO file...
  -> Generating .BUILDINFO file...
  -> Generating .MTREE file...
  -> Compressing package...
==> Creating package "aquamarine-git-debug"...
  -> Generating .PKGINFO file...
  -> Generating .BUILDINFO file...
  -> Generating .MTREE file...
  -> Compressing package...
==> Leaving fakeroot environment.
==> Finished making: aquamarine-git 0.11.0.r2.g813c1e8-1 (Thu 07 May 2026 04:05:31 AM +07)
==> Cleaning up...
==> Making package: hyprgraphics-git 0.5.0.r3.g13c5366-1 (Thu 07 May 2026 04:05:32 AM +07)
==> Checking runtime dependencies...
==> Checking buildtime dependencies...
==> Retrieving sources...
  -> Updating hyprgraphics git repo...
==> Validating source files with sha256sums...
    hyprgraphics ... Skipped
==> Removing existing $srcdir/ directory...
==> Extracting sources...
  -> Creating working copy of hyprgraphics git repo...
Cloning into 'hyprgraphics'...
done.
==> Starting pkgver()...
==> Updated version: hyprgraphics-git 0.5.1.r3.g68d0644-1
==> Sources are ready.
==> Making package: hyprgraphics-git 0.5.1.r3.g68d0644-1 (Thu 07 May 2026 04:05:33 AM +07)
==> Checking runtime dependencies...
==> Checking buildtime dependencies...
==> WARNING: Using existing $srcdir/ tree
==> Starting pkgver()...
==> Starting build()...
-- The C compiler identification is GNU 16.1.1
-- The CXX compiler identification is GNU 16.1.1
-- Detecting C compiler ABI info
-- Detecting C compiler ABI info - done
-- Check for working C compiler: /usr/bin/cc - skipped
-- Detecting C compile features
-- Detecting C compile features - done
-- Detecting CXX compiler ABI info
-- Detecting CXX compiler ABI info - done
-- Check for working CXX compiler: /usr/bin/c++ - skipped
-- Detecting CXX compile features
-- Detecting CXX compile features - done
-- Configuring hyprgraphics in Release
-- Found OpenGL: /usr/lib/libOpenGL.so  found components: GLES3
-- Found PkgConfig: /usr/bin/pkg-config (found version "2.5.1")
-- Checking for modules 'libdrm;pixman-1;cairo;pangocairo;hyprutils;libjpeg;libwebp;libmagic;libpng;librsvg-2.0'
--   Found libdrm, version 2.4.131
--   Found pixman-1, version 0.46.4
--   Found cairo, version 1.18.4
--   Found pangocairo, version 1.57.1
--   Found hyprutils, version 0.13.0
--   Found libjpeg, version 3.1.4.1
--   Found libwebp, version 1.6.0
--   Found libmagic, version 5.47
--   Found libpng, version 1.6.58
--   Found librsvg-2.0, version 2.62.1
-- Checking for modules 'libjxl;libjxl_cms;libjxl_threads'
--   Found libjxl, version 0.11.2
--   Found libjxl_cms, version 0.11.2
--   Found libjxl_threads, version 0.11.2
-- Checking for module 'libheif'
--   Package 'libheif' not found
-- Configuring done (0.3s)
-- Generating done (0.0s)
-- Build files have been written to: /home/oniichanx/.cache/yay/hyprgraphics-git/src/build
[0/2] Re-checking globbed directories...
[1/23] Building CXX object CMakeFiles/hyprgraphics.dir/src/color/Color.cpp.o
[2/23] Building CXX object CMakeFiles/hyprgraphics.dir/src/image/utils/Format.cpp.o
[3/23] Building CXX object CMakeFiles/hyprgraphics.dir/src/egl/Egl.cpp.o
[4/23] Building CXX object CMakeFiles/hyprgraphics.dir/src/image/formats/Webp.cpp.o
[5/23] Building CXX object CMakeFiles/hyprgraphics.dir/src/image/formats/Jpeg.cpp.o
[6/23] Building CXX object CMakeFiles/hyprgraphics.dir/src/image/formats/Bmp.cpp.o
[7/23] Building CXX object CMakeFiles/hyprgraphics.dir/src/resource/resources/StaticImageResource.cpp.o
[8/23] Building CXX object CMakeFiles/hyprgraphics.dir/src/resource/AsyncResourceGatherer.cpp.o
[9/23] Building CXX object CMakeFiles/hyprgraphics.dir/src/resource/resources/ImageResource.cpp.o
[10/23] Building CXX object CMakeFiles/hyprgraphics.dir/src/cairo/CairoSurface.cpp.o
[11/23] Building CXX object CMakeFiles/hyprgraphics.dir/src/image/formats/Png.cpp.o
[12/23] Building CXX object CMakeFiles/hyprgraphics.dir/src/image/formats/JpegXL.cpp.o
[13/23] Building CXX object CMakeFiles/hyprgraphics.dir/src/image/Image.cpp.o
[14/23] Building CXX object CMakeFiles/hyprgraphics.dir/src/resource/resources/AsyncResource.cpp.o
[15/23] Building CXX object CMakeFiles/hyprgraphics.dir/src/resource/resources/TextResource.cpp.o
[16/23] Building CXX object CMakeFiles/hyprgraphics.dir/src/image/formats/Svg.cpp.o
[17/23] Building CXX object CMakeFiles/hyprgraphics_image.dir/tests/image.cpp.o
[18/23] Building CXX object CMakeFiles/hyprgraphics_arg.dir/tests/arg.cpp.o
[19/23] Linking CXX shared library libhyprgraphics.so.0.5.1
[20/23] Creating library symlink libhyprgraphics.so.4 libhyprgraphics.so
[21/23] Linking CXX executable hyprgraphics_image
[22/23] Linking CXX executable hyprgraphics_arg
==> Entering fakeroot environment...
==> Starting package()...
-- Install configuration: "None"
-- Installing: /home/oniichanx/.cache/yay/hyprgraphics-git/pkg/hyprgraphics-git/usr/lib/libhyprgraphics.so.0.5.1
-- Installing: /home/oniichanx/.cache/yay/hyprgraphics-git/pkg/hyprgraphics-git/usr/lib/libhyprgraphics.so.4
-- Installing: /home/oniichanx/.cache/yay/hyprgraphics-git/pkg/hyprgraphics-git/usr/lib/libhyprgraphics.so
-- Installing: /home/oniichanx/.cache/yay/hyprgraphics-git/pkg/hyprgraphics-git/usr/include/hyprgraphics
-- Installing: /home/oniichanx/.cache/yay/hyprgraphics-git/pkg/hyprgraphics-git/usr/include/hyprgraphics/cairo
-- Installing: /home/oniichanx/.cache/yay/hyprgraphics-git/pkg/hyprgraphics-git/usr/include/hyprgraphics/cairo/CairoSurface.hpp
-- Installing: /home/oniichanx/.cache/yay/hyprgraphics-git/pkg/hyprgraphics-git/usr/include/hyprgraphics/color
-- Installing: /home/oniichanx/.cache/yay/hyprgraphics-git/pkg/hyprgraphics-git/usr/include/hyprgraphics/color/Color.hpp
-- Installing: /home/oniichanx/.cache/yay/hyprgraphics-git/pkg/hyprgraphics-git/usr/include/hyprgraphics/egl
-- Installing: /home/oniichanx/.cache/yay/hyprgraphics-git/pkg/hyprgraphics-git/usr/include/hyprgraphics/egl/Egl.hpp
-- Installing: /home/oniichanx/.cache/yay/hyprgraphics-git/pkg/hyprgraphics-git/usr/include/hyprgraphics/image
-- Installing: /home/oniichanx/.cache/yay/hyprgraphics-git/pkg/hyprgraphics-git/usr/include/hyprgraphics/image/Image.hpp
-- Installing: /home/oniichanx/.cache/yay/hyprgraphics-git/pkg/hyprgraphics-git/usr/include/hyprgraphics/resource
-- Installing: /home/oniichanx/.cache/yay/hyprgraphics-git/pkg/hyprgraphics-git/usr/include/hyprgraphics/resource/AsyncResourceGatherer.hpp
-- Installing: /home/oniichanx/.cache/yay/hyprgraphics-git/pkg/hyprgraphics-git/usr/include/hyprgraphics/resource/resources
-- Installing: /home/oniichanx/.cache/yay/hyprgraphics-git/pkg/hyprgraphics-git/usr/include/hyprgraphics/resource/resources/AsyncResource.hpp
-- Installing: /home/oniichanx/.cache/yay/hyprgraphics-git/pkg/hyprgraphics-git/usr/include/hyprgraphics/resource/resources/ImageResource.hpp
-- Installing: /home/oniichanx/.cache/yay/hyprgraphics-git/pkg/hyprgraphics-git/usr/include/hyprgraphics/resource/resources/StaticImageResource.hpp
-- Installing: /home/oniichanx/.cache/yay/hyprgraphics-git/pkg/hyprgraphics-git/usr/include/hyprgraphics/resource/resources/TextResource.hpp
-- Installing: /home/oniichanx/.cache/yay/hyprgraphics-git/pkg/hyprgraphics-git/usr/lib/pkgconfig/hyprgraphics.pc
==> Tidying install...
  -> Removing libtool files...
  -> Removing static library files...
  -> Purging unwanted files...
  -> Stripping unneeded symbols from binaries and libraries...
  -> Compressing man and info pages...
==> Checking for packaging issues...
==> Creating package "hyprgraphics-git"...
  -> Generating .PKGINFO file...
  -> Generating .BUILDINFO file...
  -> Generating .MTREE file...
  -> Compressing package...
==> Creating package "hyprgraphics-git-debug"...
  -> Generating .PKGINFO file...
  -> Generating .BUILDINFO file...
  -> Generating .MTREE file...
  -> Compressing package...
==> Leaving fakeroot environment.
==> Finished making: hyprgraphics-git 0.5.1.r3.g68d0644-1 (Thu 07 May 2026 04:05:38 AM +07)
==> Cleaning up...
loading packages...
resolving dependencies...
looking for conflicting packages...

Packages (6) aquamarine-git-0.11.0.r2.g813c1e8-1  aquamarine-git-debug-0.11.0.r2.g813c1e8-1  hyprgraphics-git-0.5.1.r3.g68d0644-1  hyprgraphics-git-debug-0.5.1.r3.g68d0644-1  hyprlang-git-0.6.8.r7.g0901175-1  hyprlang-git-debug-0.6.8.r7.g0901175-1

Total Installed Size:  25.03 MiB

:: Proceed with installation? [Y/n] 
checking keyring...
checking package integrity...
loading package files...
checking for file conflicts...
checking available disk space...
:: Processing package changes...
installing hyprlang-git...
installing hyprlang-git-debug...
installing aquamarine-git...
installing aquamarine-git-debug...
installing hyprgraphics-git...
installing hyprgraphics-git-debug...
:: Running post-transaction hooks...
(1/1) Arming ConditionNeedsUpdate...
resolving dependencies...
looking for conflicting packages...

Packages (2) libzip-1.11.4-1  tomlplusplus-3.4.0-2

Total Download Size:   0.42 MiB
Total Installed Size:  1.32 MiB

:: Proceed with installation? [Y/n] 
:: Retrieving packages...
 libzip-1.11.4-1-x86_64 downloading...
 tomlplusplus-3.4.0-2-x86_64 downloading...
checking keyring...
checking package integrity...
loading package files...
checking for file conflicts...
checking available disk space...
:: Processing package changes...
installing libzip...
installing tomlplusplus...
:: Running post-transaction hooks...
(1/1) Arming ConditionNeedsUpdate...
==> Making package: hyprtoolkit-git r97.f3e4245-1 (Thu 07 May 2026 04:05:39 AM +07)
==> Checking runtime dependencies...
==> Checking buildtime dependencies...
==> Retrieving sources...
  -> Updating hyprtoolkit git repo...
==> Validating source files with sha256sums...
    hyprtoolkit ... Skipped
==> Removing existing $srcdir/ directory...
==> Extracting sources...
  -> Creating working copy of hyprtoolkit git repo...
Cloning into 'hyprtoolkit'...
done.
==> Starting pkgver()...
==> Updated version: hyprtoolkit-git 0.5.4.r6.g2ff01a2-1
==> Sources are ready.
==> Making package: hyprtoolkit-git 0.5.4.r6.g2ff01a2-1 (Thu 07 May 2026 04:05:41 AM +07)
==> Checking runtime dependencies...
==> Checking buildtime dependencies...
==> WARNING: Using existing $srcdir/ tree
==> Starting pkgver()...
==> Starting build()...
-- The C compiler identification is GNU 16.1.1
-- The CXX compiler identification is GNU 16.1.1
-- Detecting C compiler ABI info
-- Detecting C compiler ABI info - done
-- Check for working C compiler: /usr/bin/cc - skipped
-- Detecting C compile features
-- Detecting C compile features - done
-- Detecting CXX compiler ABI info
-- Detecting CXX compiler ABI info - done
-- Check for working CXX compiler: /usr/bin/c++ - skipped
-- Detecting CXX compile features
-- Detecting CXX compile features - done
-- Found PkgConfig: /usr/bin/pkg-config (found version "2.5.1")
-- Found OpenGL: /usr/lib/libOpenGL.so  found components: GLES3
-- Checking for modules 'wayland-client;wayland-protocols;egl;hyprutils>=0.11.0;hyprlang>=0.6.0;pixman-1;libdrm;gbm;xkbcommon;pango;cairo;pangocairo;iniparser;hyprgraphics>=0.3.0;aquamarine>=0.10.0'
--   Found wayland-client, version 1.25.0
--   Found wayland-protocols, version 1.48
--   Found egl, version 1.5
--   Found hyprutils, version 0.13.0
--   Found hyprlang, version 0.6.8
--   Found pixman-1, version 0.46.4
--   Found libdrm, version 2.4.131
--   Found gbm, version 26.0.6-arch1.1
--   Found xkbcommon, version 1.13.1
--   Found pango, version 1.57.1
--   Found cairo, version 1.18.4
--   Found pangocairo, version 1.57.1
--   Found iniparser, version 4.2.6
--   Found hyprgraphics, version 0.5.1
--   Found aquamarine, version 0.11.0
-- Configuring hyprtoolkit in Release
-- Generating shader includes
--	border.frag
--	CM.frag
--	CM.glsl
--	passthru.frag
--	quad.frag
--	rgba.frag
--	rounding.glsl
--	tex300.vert
-- Looking for sys/timerfd.h
-- Looking for sys/timerfd.h - found
-- Checking for module 'epoll-shim'
--   Package 'epoll-shim' not found
-- Looking for sys/inotify.h
-- Looking for sys/inotify.h - found
-- Checking for module 'libinotify'
--   Package 'libinotify' not found
-- Found wayland-protocols at //usr/share/wayland-protocols
-- Found wayland-scanner pkgdatadir at //usr/share/wayland
-- Configuring done (0.4s)
-- Generating done (0.0s)
-- Build files have been written to: /home/oniichanx/.cache/yay/hyprtoolkit-git/src/build
[0/2] Re-checking globbed directories...
[1/97] Generating /home/oniichanx/.cache/yay/hyprtoolkit-git/src/hyprtoolkit/protocols/viewporter.cpp, /home/oniichanx/.cache/yay/hyprtoolkit-git/src/hyprtoolkit/protocols/viewporter.hpp
[2/97] Generating /home/oniichanx/.cache/yay/hyprtoolkit-git/src/hyprtoolkit/protocols/linux-dmabuf-v1.cpp, /home/oniichanx/.cache/yay/hyprtoolkit-git/src/hyprtoolkit/protocols/linux-dmabuf-v1.hpp
[3/97] Generating /home/oniichanx/.cache/yay/hyprtoolkit-git/src/hyprtoolkit/protocols/ext-session-lock-v1.cpp, /home/oniichanx/.cache/yay/hyprtoolkit-git/src/hyprtoolkit/protocols/ext-session-lock-v1.hpp
[4/97] Generating /home/oniichanx/.cache/yay/hyprtoolkit-git/src/hyprtoolkit/protocols/fractional-scale-v1.cpp, /home/oniichanx/.cache/yay/hyprtoolkit-git/src/hyprtoolkit/protocols/fractional-scale-v1.hpp
[5/97] Generating /home/oniichanx/.cache/yay/hyprtoolkit-git/src/hyprtoolkit/protocols/tablet-v2.cpp, /home/oniichanx/.cache/yay/hyprtoolkit-git/src/hyprtoolkit/protocols/tablet-v2.hpp
[6/97] Generating /home/oniichanx/.cache/yay/hyprtoolkit-git/src/hyprtoolkit/protocols/wayland.cpp, /home/oniichanx/.cache/yay/hyprtoolkit-git/src/hyprtoolkit/protocols/wayland.hpp
[7/97] Generating /home/oniichanx/.cache/yay/hyprtoolkit-git/src/hyprtoolkit/protocols/cursor-shape-v1.cpp, /home/oniichanx/.cache/yay/hyprtoolkit-git/src/hyprtoolkit/protocols/cursor-shape-v1.hpp
[8/97] Generating /home/oniichanx/.cache/yay/hyprtoolkit-git/src/hyprtoolkit/protocols/xdg-shell.cpp, /home/oniichanx/.cache/yay/hyprtoolkit-git/src/hyprtoolkit/protocols/xdg-shell.hpp
[9/97] Generating /home/oniichanx/.cache/yay/hyprtoolkit-git/src/hyprtoolkit/protocols/wlr-layer-shell-unstable-v1.cpp, /home/oniichanx/.cache/yay/hyprtoolkit-git/src/hyprtoolkit/protocols/wlr-layer-shell-unstable-v1.hpp
[10/97] Generating /home/oniichanx/.cache/yay/hyprtoolkit-git/src/hyprtoolkit/protocols/text-input-unstable-v3.cpp, /home/oniichanx/.cache/yay/hyprtoolkit-git/src/hyprtoolkit/protocols/text-input-unstable-v3.hpp
[11/97] Generating /home/oniichanx/.cache/yay/hyprtoolkit-git/src/hyprtoolkit/protocols/linux-drm-syncobj-v1.cpp, /home/oniichanx/.cache/yay/hyprtoolkit-git/src/hyprtoolkit/protocols/linux-drm-syncobj-v1.hpp
[12/97] Building CXX object CMakeFiles/hyprtoolkit.dir/src/core/Input.cpp.o
[13/97] Building CXX object CMakeFiles/hyprtoolkit.dir/src/element/columnLayout/Builder.cpp.o
[14/97] Building CXX object CMakeFiles/hyprtoolkit.dir/src/element/image/Builder.cpp.o
[15/97] Building CXX object CMakeFiles/hyprtoolkit.dir/src/core/InternalBackend.cpp.o
[16/97] Building CXX object CMakeFiles/hyprtoolkit.dir/src/core/Logger.cpp.o
[17/97] Building CXX object CMakeFiles/hyprtoolkit.dir/src/element/checkbox/Builder.cpp.o
[18/97] Building CXX object CMakeFiles/hyprtoolkit.dir/src/element/button/Builder.cpp.o
[19/97] Building CXX object CMakeFiles/hyprtoolkit.dir/src/element/combobox/Builder.cpp.o
[20/97] Building CXX object CMakeFiles/hyprtoolkit.dir/src/element/checkbox/Checkmark.cpp.o
[21/97] Building CXX object CMakeFiles/hyprtoolkit.dir/src/element/Element.cpp.o
[22/97] Building CXX object CMakeFiles/hyprtoolkit.dir/src/element/columnLayout/ColumnLayout.cpp.o
[23/97] Building CXX object CMakeFiles/hyprtoolkit.dir/src/element/checkbox/Checkbox.cpp.o
[24/97] Building CXX object CMakeFiles/hyprtoolkit.dir/src/element/line/Builder.cpp.o
[25/97] Building CXX object CMakeFiles/hyprtoolkit.dir/src/element/combobox/DropdownHandle.cpp.o
[26/97] Building CXX object CMakeFiles/hyprtoolkit.dir/src/element/button/Button.cpp.o
[27/97] Building CXX object CMakeFiles/hyprtoolkit.dir/src/element/null/Builder.cpp.o
[28/97] Building CXX object CMakeFiles/hyprtoolkit.dir/src/core/AnimationManager.cpp.o
[29/97] Building CXX object CMakeFiles/hyprtoolkit.dir/src/element/combobox/Combobox.cpp.o
[30/97] Building CXX object CMakeFiles/hyprtoolkit.dir/src/element/line/Line.cpp.o
[31/97] Building CXX object CMakeFiles/hyprtoolkit.dir/src/element/rectangle/Builder.cpp.o
[32/97] Building CXX object CMakeFiles/hyprtoolkit.dir/src/element/scrollArea/Builder.cpp.o
[33/97] Building CXX object CMakeFiles/hyprtoolkit.dir/src/element/rowLayout/Builder.cpp.o
[34/97] Building CXX object CMakeFiles/hyprtoolkit.dir/src/element/image/Image.cpp.o
[35/97] Building CXX object CMakeFiles/hyprtoolkit.dir/src/element/slider/Builder.cpp.o
[36/97] Building CXX object CMakeFiles/hyprtoolkit.dir/src/element/null/Null.cpp.o
[37/97] Building CXX object CMakeFiles/hyprtoolkit.dir/src/element/rectangle/Rectangle.cpp.o
[38/97] Building CXX object CMakeFiles/hyprtoolkit.dir/src/element/rowLayout/RowLayout.cpp.o
[39/97] Building CXX object CMakeFiles/hyprtoolkit.dir/src/helpers/Env.cpp.o
[40/97] Building CXX object CMakeFiles/hyprtoolkit.dir/src/element/scrollArea/ScrollArea.cpp.o
[41/97] Building CXX object CMakeFiles/hyprtoolkit.dir/src/helpers/UTF8.cpp.o
[42/97] Building CXX object CMakeFiles/hyprtoolkit.dir/src/element/spinbox/Builder.cpp.o
[43/97] Building CXX object CMakeFiles/hyprtoolkit.dir/src/element/textbox/Builder.cpp.o
[44/97] Building CXX object CMakeFiles/hyprtoolkit.dir/src/core/platforms/WaylandPlatform.cpp.o
[45/97] Building CXX object CMakeFiles/hyprtoolkit.dir/src/helpers/DamageRing.cpp.o
[46/97] Building CXX object CMakeFiles/hyprtoolkit.dir/src/element/text/Builder.cpp.o
[47/97] Building CXX object CMakeFiles/hyprtoolkit.dir/src/core/Backend.cpp.o
/home/oniichanx/.cache/yay/hyprtoolkit-git/src/hyprtoolkit/src/core/Backend.cpp: In constructor ‘Hyprtoolkit::CBackend::CBackend()’:
/home/oniichanx/.cache/yay/hyprtoolkit-git/src/hyprtoolkit/src/core/Backend.cpp:42:9: warning: ignoring return value of ‘int pipe(int*)’ declared with attribute ‘warn_unused_result’ [-Wunused-result]
   42 |     pipe(m_sLoopState.exitfd);
      |     ~~~~^~~~~~~~~~~~~~~~~~~~~
/home/oniichanx/.cache/yay/hyprtoolkit-git/src/hyprtoolkit/src/core/Backend.cpp:43:9: warning: ignoring return value of ‘int pipe(int*)’ declared with attribute ‘warn_unused_result’ [-Wunused-result]
   43 |     pipe(m_sLoopState.wakeupfd);
      |     ~~~~^~~~~~~~~~~~~~~~~~~~~~~
/home/oniichanx/.cache/yay/hyprtoolkit-git/src/hyprtoolkit/src/core/Backend.cpp: In member function ‘void Hyprtoolkit::CBackend::rebuildPollfds(bool)’:
/home/oniichanx/.cache/yay/hyprtoolkit-git/src/hyprtoolkit/src/core/Backend.cpp:342:14: warning: ignoring return value of ‘ssize_t write(int, const void*, size_t)’ declared with attribute ‘warn_unused_result’ [-Wunused-result]
  342 |         write(m_sLoopState.wakeupfd[1], "hello", 5);
      |         ~~~~~^~~~~~~~~~~~~~~~~~~~~~~~~~~~~~~~~~~~~~
/home/oniichanx/.cache/yay/hyprtoolkit-git/src/hyprtoolkit/src/core/Backend.cpp: In member function ‘virtual void Hyprtoolkit::CBackend::enterLoop()’:
/home/oniichanx/.cache/yay/hyprtoolkit-git/src/hyprtoolkit/src/core/Backend.cpp:557:10: warning: ignoring return value of ‘ssize_t write(int, const void*, size_t)’ declared with attribute ‘warn_unused_result’ [-Wunused-result]
  557 |     write(m_sLoopState.exitfd[1], "hello", 5);
      |     ~~~~~^~~~~~~~~~~~~~~~~~~~~~~~~~~~~~~~~~~~
/home/oniichanx/.cache/yay/hyprtoolkit-git/src/hyprtoolkit/src/core/Backend.cpp: In lambda function:
/home/oniichanx/.cache/yay/hyprtoolkit-git/src/hyprtoolkit/src/core/Backend.cpp:379:21: warning: ignoring return value of ‘ssize_t read(int, void*, size_t)’ declared with attribute ‘warn_unused_result’ [-Wunused-result]
  379 |                 read(m_pollfds[3].fd, buf.data(), 1023);
      |                 ~~~~^~~~~~~~~~~~~~~~~~~~~~~~~~~~~~~~~~~
[48/97] Building CXX object CMakeFiles/hyprtoolkit.dir/src/helpers/Format.cpp.o
[49/97] Building CXX object CMakeFiles/hyprtoolkit.dir/src/helpers/Timer.cpp.o
[50/97] Building CXX object CMakeFiles/hyprtoolkit.dir/src/renderer/gl/Shader.cpp.o
[51/97] Building CXX object CMakeFiles/hyprtoolkit.dir/src/element/spinbox/SpinboxSpinner.cpp.o
[52/97] Building CXX object CMakeFiles/hyprtoolkit.dir/src/element/spinbox/SpinboxAngle.cpp.o
[53/97] Building CXX object CMakeFiles/hyprtoolkit.dir/src/renderer/Polygon.cpp.o
[54/97] Building CXX object CMakeFiles/hyprtoolkit.dir/src/layout/Positioner.cpp.o
[55/97] Building CXX object CMakeFiles/hyprtoolkit.dir/src/palette/Color.cpp.o
[56/97] Building CXX object CMakeFiles/hyprtoolkit.dir/src/resource/assetCache/AssetCache.cpp.o
[57/97] Building CXX object CMakeFiles/hyprtoolkit.dir/src/element/textbox/Textbox.cpp.o
[58/97] Building CXX object CMakeFiles/hyprtoolkit.dir/src/resource/assetCache/AssetCacheEntry.cpp.o
[59/97] Building CXX object CMakeFiles/hyprtoolkit.dir/src/element/slider/Slider.cpp.o
[60/97] Building CXX object CMakeFiles/hyprtoolkit.dir/src/system/DesktopMethods.cpp.o
[61/97] Building CXX object CMakeFiles/hyprtoolkit.dir/src/renderer/gl/GLTexture.cpp.o
[62/97] Building CXX object CMakeFiles/hyprtoolkit.dir/src/renderer/gl/Renderbuffer.cpp.o
[63/97] Building CXX object CMakeFiles/hyprtoolkit.dir/src/element/spinbox/Spinbox.cpp.o
[64/97] Building CXX object CMakeFiles/hyprtoolkit.dir/src/palette/Palette.cpp.o
[65/97] Building CXX object CMakeFiles/hyprtoolkit.dir/src/element/text/Text.cpp.o
[66/97] Building CXX object CMakeFiles/hyprtoolkit.dir/src/renderer/gl/Framebuffer.cpp.o
[67/97] Building CXX object CMakeFiles/hyprtoolkit.dir/src/output/WaylandOutput.cpp.o
[68/97] Building CXX object CMakeFiles/hyprtoolkit.dir/src/renderer/gl/Sync.cpp.o
[69/97] Building CXX object CMakeFiles/hyprtoolkit.dir/src/types/SizeType.cpp.o
[70/97] Building CXX object CMakeFiles/hyprtoolkit.dir/src/palette/ConfigManager.cpp.o
[71/97] Building CXX object CMakeFiles/hyprtoolkit.dir/src/renderer/sync/SyncTimeline.cpp.o
[72/97] Building CXX object CMakeFiles/hyprtoolkit.dir/protocols/linux-dmabuf-v1.cpp.o
[73/97] Building CXX object CMakeFiles/hyprtoolkit.dir/src/types/FontSizeType.cpp.o
[74/97] Building CXX object CMakeFiles/hyprtoolkit.dir/protocols/viewporter.cpp.o
[75/97] Building CXX object CMakeFiles/hyprtoolkit.dir/src/system/SystemIcon.cpp.o
[76/97] Building CXX object CMakeFiles/hyprtoolkit.dir/protocols/xdg-shell.cpp.o
[77/97] Building CXX object CMakeFiles/hyprtoolkit.dir/protocols/fractional-scale-v1.cpp.o
[78/97] Building CXX object CMakeFiles/hyprtoolkit.dir/protocols/wayland.cpp.o
[79/97] Building CXX object CMakeFiles/hyprtoolkit.dir/src/window/Builder.cpp.o
[80/97] Building CXX object CMakeFiles/hyprtoolkit.dir/src/sessionLock/WaylandSessionLock.cpp.o
[81/97] Building CXX object CMakeFiles/hyprtoolkit.dir/protocols/cursor-shape-v1.cpp.o
[82/97] Building CXX object CMakeFiles/hyprtoolkit.dir/protocols/ext-session-lock-v1.cpp.o
[83/97] Building CXX object CMakeFiles/hyprtoolkit.dir/protocols/linux-drm-syncobj-v1.cpp.o
[84/97] Building CXX object CMakeFiles/hyprtoolkit.dir/protocols/text-input-unstable-v3.cpp.o
[85/97] Building CXX object CMakeFiles/hyprtoolkit.dir/protocols/wlr-layer-shell-unstable-v1.cpp.o
[86/97] Building CXX object CMakeFiles/hyprtoolkit.dir/protocols/tablet-v2.cpp.o
[87/97] Building CXX object CMakeFiles/hyprtoolkit.dir/src/renderer/gl/OpenGL.cpp.o
/home/oniichanx/.cache/yay/hyprtoolkit-git/src/hyprtoolkit/src/renderer/gl/OpenGL.cpp:112:13: warning: ‘void glMessageCallbackA(GLenum, GLenum, GLuint, GLenum, GLsizei, const GLchar*, const void*)’ defined but not used [-Wunused-function]
  112 | static void glMessageCallbackA(GLenum source, GLenum type, GLuint id, GLenum severity, GLsizei length, const GLchar* message, const void* userParam) {
      |             ^~~~~~~~~~~~~~~~~~
[88/97] Building CXX object CMakeFiles/hyprtoolkit.dir/src/system/Icons.cpp.o
[89/97] Building CXX object CMakeFiles/hyprtoolkit.dir/src/window/WaylandLayer.cpp.o
[90/97] Building CXX object CMakeFiles/hyprtoolkit.dir/src/window/ToolkitWindow.cpp.o
[91/97] Building CXX object CMakeFiles/hyprtoolkit.dir/src/window/IWaylandWindow.cpp.o
[92/97] Building CXX object CMakeFiles/hyprtoolkit.dir/src/window/WaylandLockSurface.cpp.o
[93/97] Building CXX object CMakeFiles/hyprtoolkit.dir/src/window/WaylandPopup.cpp.o
[94/97] Building CXX object CMakeFiles/hyprtoolkit.dir/src/window/WaylandWindow.cpp.o
[95/97] Linking CXX shared library libhyprtoolkit.so.0.5.4
[96/97] Creating library symlink libhyprtoolkit.so.5 libhyprtoolkit.so
==> Entering fakeroot environment...
==> Starting package()...
-- Install configuration: "None"
-- Installing: /home/oniichanx/.cache/yay/hyprtoolkit-git/pkg/hyprtoolkit-git/usr/lib/libhyprtoolkit.so.0.5.4
-- Installing: /home/oniichanx/.cache/yay/hyprtoolkit-git/pkg/hyprtoolkit-git/usr/lib/libhyprtoolkit.so.5
-- Installing: /home/oniichanx/.cache/yay/hyprtoolkit-git/pkg/hyprtoolkit-git/usr/lib/libhyprtoolkit.so
-- Installing: /home/oniichanx/.cache/yay/hyprtoolkit-git/pkg/hyprtoolkit-git/usr/include/hyprtoolkit
-- Installing: /home/oniichanx/.cache/yay/hyprtoolkit-git/pkg/hyprtoolkit-git/usr/include/hyprtoolkit/core
-- Installing: /home/oniichanx/.cache/yay/hyprtoolkit-git/pkg/hyprtoolkit-git/usr/include/hyprtoolkit/core/Backend.hpp
-- Installing: /home/oniichanx/.cache/yay/hyprtoolkit-git/pkg/hyprtoolkit-git/usr/include/hyprtoolkit/core/CoreMacros.hpp
-- Installing: /home/oniichanx/.cache/yay/hyprtoolkit-git/pkg/hyprtoolkit-git/usr/include/hyprtoolkit/core/Input.hpp
-- Installing: /home/oniichanx/.cache/yay/hyprtoolkit-git/pkg/hyprtoolkit-git/usr/include/hyprtoolkit/core/LogTypes.hpp
-- Installing: /home/oniichanx/.cache/yay/hyprtoolkit-git/pkg/hyprtoolkit-git/usr/include/hyprtoolkit/core/Output.hpp
-- Installing: /home/oniichanx/.cache/yay/hyprtoolkit-git/pkg/hyprtoolkit-git/usr/include/hyprtoolkit/core/SessionLock.hpp
-- Installing: /home/oniichanx/.cache/yay/hyprtoolkit-git/pkg/hyprtoolkit-git/usr/include/hyprtoolkit/core/Timer.hpp
-- Installing: /home/oniichanx/.cache/yay/hyprtoolkit-git/pkg/hyprtoolkit-git/usr/include/hyprtoolkit/element
-- Installing: /home/oniichanx/.cache/yay/hyprtoolkit-git/pkg/hyprtoolkit-git/usr/include/hyprtoolkit/element/Button.hpp
-- Installing: /home/oniichanx/.cache/yay/hyprtoolkit-git/pkg/hyprtoolkit-git/usr/include/hyprtoolkit/element/Checkbox.hpp
-- Installing: /home/oniichanx/.cache/yay/hyprtoolkit-git/pkg/hyprtoolkit-git/usr/include/hyprtoolkit/element/ColumnLayout.hpp
-- Installing: /home/oniichanx/.cache/yay/hyprtoolkit-git/pkg/hyprtoolkit-git/usr/include/hyprtoolkit/element/Combobox.hpp
-- Installing: /home/oniichanx/.cache/yay/hyprtoolkit-git/pkg/hyprtoolkit-git/usr/include/hyprtoolkit/element/Element.hpp
-- Installing: /home/oniichanx/.cache/yay/hyprtoolkit-git/pkg/hyprtoolkit-git/usr/include/hyprtoolkit/element/Image.hpp
-- Installing: /home/oniichanx/.cache/yay/hyprtoolkit-git/pkg/hyprtoolkit-git/usr/include/hyprtoolkit/element/Line.hpp
-- Installing: /home/oniichanx/.cache/yay/hyprtoolkit-git/pkg/hyprtoolkit-git/usr/include/hyprtoolkit/element/Null.hpp
-- Installing: /home/oniichanx/.cache/yay/hyprtoolkit-git/pkg/hyprtoolkit-git/usr/include/hyprtoolkit/element/Rectangle.hpp
-- Installing: /home/oniichanx/.cache/yay/hyprtoolkit-git/pkg/hyprtoolkit-git/usr/include/hyprtoolkit/element/RowLayout.hpp
-- Installing: /home/oniichanx/.cache/yay/hyprtoolkit-git/pkg/hyprtoolkit-git/usr/include/hyprtoolkit/element/ScrollArea.hpp
-- Installing: /home/oniichanx/.cache/yay/hyprtoolkit-git/pkg/hyprtoolkit-git/usr/include/hyprtoolkit/element/Slider.hpp
-- Installing: /home/oniichanx/.cache/yay/hyprtoolkit-git/pkg/hyprtoolkit-git/usr/include/hyprtoolkit/element/Spinbox.hpp
-- Installing: /home/oniichanx/.cache/yay/hyprtoolkit-git/pkg/hyprtoolkit-git/usr/include/hyprtoolkit/element/Text.hpp
-- Installing: /home/oniichanx/.cache/yay/hyprtoolkit-git/pkg/hyprtoolkit-git/usr/include/hyprtoolkit/element/Textbox.hpp
-- Installing: /home/oniichanx/.cache/yay/hyprtoolkit-git/pkg/hyprtoolkit-git/usr/include/hyprtoolkit/palette
-- Installing: /home/oniichanx/.cache/yay/hyprtoolkit-git/pkg/hyprtoolkit-git/usr/include/hyprtoolkit/palette/Color.hpp
-- Installing: /home/oniichanx/.cache/yay/hyprtoolkit-git/pkg/hyprtoolkit-git/usr/include/hyprtoolkit/palette/Palette.hpp
-- Installing: /home/oniichanx/.cache/yay/hyprtoolkit-git/pkg/hyprtoolkit-git/usr/include/hyprtoolkit/system
-- Installing: /home/oniichanx/.cache/yay/hyprtoolkit-git/pkg/hyprtoolkit-git/usr/include/hyprtoolkit/system/Icons.hpp
-- Installing: /home/oniichanx/.cache/yay/hyprtoolkit-git/pkg/hyprtoolkit-git/usr/include/hyprtoolkit/types
-- Installing: /home/oniichanx/.cache/yay/hyprtoolkit-git/pkg/hyprtoolkit-git/usr/include/hyprtoolkit/types/FontTypes.hpp
-- Installing: /home/oniichanx/.cache/yay/hyprtoolkit-git/pkg/hyprtoolkit-git/usr/include/hyprtoolkit/types/ImageTypes.hpp
-- Installing: /home/oniichanx/.cache/yay/hyprtoolkit-git/pkg/hyprtoolkit-git/usr/include/hyprtoolkit/types/PointerShape.hpp
-- Installing: /home/oniichanx/.cache/yay/hyprtoolkit-git/pkg/hyprtoolkit-git/usr/include/hyprtoolkit/types/SizeType.hpp
-- Installing: /home/oniichanx/.cache/yay/hyprtoolkit-git/pkg/hyprtoolkit-git/usr/include/hyprtoolkit/window
-- Installing: /home/oniichanx/.cache/yay/hyprtoolkit-git/pkg/hyprtoolkit-git/usr/include/hyprtoolkit/window/Window.hpp
-- Installing: /home/oniichanx/.cache/yay/hyprtoolkit-git/pkg/hyprtoolkit-git/usr/lib/pkgconfig/hyprtoolkit.pc
==> Tidying install...
  -> Removing libtool files...
  -> Removing static library files...
  -> Purging unwanted files...
  -> Stripping unneeded symbols from binaries and libraries...
  -> Compressing man and info pages...
==> Checking for packaging issues...
==> Creating package "hyprtoolkit-git"...
  -> Generating .PKGINFO file...
  -> Generating .BUILDINFO file...
  -> Generating .MTREE file...
  -> Compressing package...
==> Creating package "hyprtoolkit-git-debug"...
  -> Generating .PKGINFO file...
  -> Generating .BUILDINFO file...
  -> Generating .MTREE file...
  -> Compressing package...
==> Leaving fakeroot environment.
==> Finished making: hyprtoolkit-git 0.5.4.r6.g2ff01a2-1 (Thu 07 May 2026 04:05:53 AM +07)
==> Cleaning up...
loading packages...
resolving dependencies...
looking for conflicting packages...

Packages (2) hyprtoolkit-git-0.5.4.r6.g2ff01a2-1  hyprtoolkit-git-debug-0.5.4.r6.g2ff01a2-1

Total Installed Size:  24.98 MiB

:: Proceed with installation? [Y/n] 
checking keyring...
checking package integrity...
loading package files...
checking for file conflicts...
checking available disk space...
:: Processing package changes...
installing hyprtoolkit-git...
installing hyprtoolkit-git-debug...
:: Running post-transaction hooks...
(1/1) Arming ConditionNeedsUpdate...
resolving dependencies...
looking for conflicting packages...

Packages (17) libdecor-0.2.5-1  libei-1.5.0-1  libfontenc-1.1.9-1  libxcvt-0.1.3-1  libxfont2-2.0.7-1  libxkbfile-1.2.0-1  xorg-fonts-encodings-1.1.0-2  xorg-server-common-21.1.22-1  xorg-setxkbmap-1.3.5-1  xorg-xkbcomp-1.5.0-1  glaze-7.5.0-1  glslang-1:1.4.341.0-2  libliftoff-0.5.0-1  muparser-2.3.5-2  re2-2:2025.11.05-3  xcb-util-errors-1.0.1-2  xorg-xwayland-24.1.11-1

Total Download Size:    5.25 MiB
Total Installed Size:  22.26 MiB

:: Proceed with installation? [Y/n] 
:: Retrieving packages...
 glslang-1:1.4.341.0-2-x86_64 downloading...
 xorg-xwayland-24.1.11-1-x86_64 downloading...
 xorg-fonts-encodings-1.1.0-2-any downloading...
 glaze-7.5.0-1-any downloading...
 re2-2:2025.11.05-3-x86_64 downloading...
 muparser-2.3.5-2-x86_64 downloading...
 libxfont2-2.0.7-1-x86_64 downloading...
 libei-1.5.0-1-x86_64 downloading...
 xorg-xkbcomp-1.5.0-1-x86_64 downloading...
 libxkbfile-1.2.0-1-x86_64 downloading...
 libdecor-0.2.5-1-x86_64 downloading...
 xorg-server-common-21.1.22-1-x86_64 downloading...
 libliftoff-0.5.0-1-x86_64 downloading...
 libfontenc-1.1.9-1-x86_64 downloading...
 xorg-setxkbmap-1.3.5-1-x86_64 downloading...
 xcb-util-errors-1.0.1-2-x86_64 downloading...
 libxcvt-0.1.3-1-x86_64 downloading...
checking keyring...
checking package integrity...
loading package files...
checking for file conflicts...
checking available disk space...
:: Processing package changes...
installing glaze...
installing muparser...
installing libliftoff...
installing xorg-fonts-encodings...
installing libfontenc...
installing libxfont2...
installing libxkbfile...
installing xorg-xkbcomp...
installing xorg-setxkbmap...
installing xorg-server-common...
installing libxcvt...
installing libei...
installing libdecor...
Optional dependencies for libdecor
    gtk3: gtk3 support [installed]
installing xorg-xwayland...
installing glslang...
installing xcb-util-errors...
installing re2...
:: Running post-transaction hooks...
(1/3) Arming ConditionNeedsUpdate...
(2/3) Updating fontconfig cache...
(3/3) Updating the desktop file MIME type cache...
==> Making package: hyprwire-git 0.3.0.r16.g62cd80b-1 (Thu 07 May 2026 04:05:55 AM +07)
==> Checking runtime dependencies...
==> Checking buildtime dependencies...
==> Retrieving sources...
  -> Updating hyprwire git repo...
==> Validating source files with sha256sums...
    hyprwire ... Skipped
==> Removing existing $srcdir/ directory...
==> Extracting sources...
  -> Creating working copy of hyprwire git repo...
Cloning into 'hyprwire'...
done.
==> Starting pkgver()...
==> Updated version: hyprwire-git 0.3.1.r1.g04be289-1
==> Sources are ready.
==> Making package: hyprwire-git 0.3.1.r1.g04be289-1 (Thu 07 May 2026 04:05:56 AM +07)
==> Checking runtime dependencies...
==> Checking buildtime dependencies...
==> WARNING: Using existing $srcdir/ tree
==> Starting pkgver()...
==> Starting build()...
-- The C compiler identification is GNU 16.1.1
-- The CXX compiler identification is GNU 16.1.1
-- Detecting C compiler ABI info
-- Detecting C compiler ABI info - done
-- Check for working C compiler: /usr/bin/cc - skipped
-- Detecting C compile features
-- Detecting C compile features - done
-- Detecting CXX compiler ABI info
-- Detecting CXX compiler ABI info - done
-- Check for working CXX compiler: /usr/bin/c++ - skipped
-- Detecting CXX compile features
-- Detecting CXX compile features - done
-- Checking deps...
-- Performing Test CMAKE_HAVE_LIBC_PTHREAD
-- Performing Test CMAKE_HAVE_LIBC_PTHREAD - Success
-- Found Threads: TRUE
-- Found PkgConfig: /usr/bin/pkg-config (found version "2.5.1")
-- Checking for module 'pugixml'
--   Found pugixml, version 1.15
-- Checking for modules 'hyprutils>=0.9.0;libffi'
--   Found hyprutils, version 0.13.0
--   Found libffi, version 3.5.2
-- Configuring hyprwire in Release
-- Looking for sys/timerfd.h
-- Looking for sys/timerfd.h - found
-- Checking for module 'epoll-shim'
--   Package 'epoll-shim' not found
-- building tests is disabled
-- Configuring done (0.3s)
-- Generating done (0.0s)
-- Build files have been written to: /home/oniichanx/.cache/yay/hyprwire-git/src/build
[0/2] Re-checking globbed directories...
[1/30] Building CXX object CMakeFiles/hyprwire.dir/src/core/message/MessageMagic.cpp.o
[2/30] Building CXX object CMakeFiles/hyprwire.dir/src/core/implementation/Spec.cpp.o
[3/30] Building CXX object CMakeFiles/hyprwire.dir/src/core/message/messages/Hello.cpp.o
[4/30] Building CXX object CMakeFiles/hyprwire.dir/src/core/implementation/Object.cpp.o
[5/30] Building CXX object CMakeFiles/hyprwire.dir/src/core/message/messages/HandshakeAck.cpp.o
[6/30] Building CXX object CMakeFiles/hyprwire.dir/src/core/message/messages/BindProtocol.cpp.o
[7/30] Building CXX object CMakeFiles/hyprwire.dir/src/core/message/messages/RoundtripDone.cpp.o
[8/30] Building CXX object CMakeFiles/hyprwire.dir/src/core/message/messages/RoundtripRequest.cpp.o
[9/30] Building CXX object CMakeFiles/hyprwire.dir/src/helpers/FFI.cpp.o
[10/30] Building CXX object CMakeFiles/hyprwire.dir/src/core/message/messages/HandshakeProtocols.cpp.o
[11/30] Building CXX object CMakeFiles/hyprwire.dir/src/helpers/Syscalls.cpp.o
[12/30] Building CXX object CMakeFiles/hyprwire.dir/src/core/message/messages/HandshakeBegin.cpp.o
[13/30] Building CXX object CMakeFiles/hyprwire.dir/src/core/message/messages/NewObject.cpp.o
[14/30] Building CXX object CMakeFiles/hyprwire.dir/src/helpers/Env.cpp.o
[15/30] Building CXX object CMakeFiles/hyprwire.dir/src/core/message/messages/FatalProtocolError.cpp.o
[16/30] Building CXX object CMakeFiles/hyprwire.dir/src/core/message/messages/IMessage.cpp.o
[17/30] Building CXX object CMakeFiles/hyprwire.dir/src/core/client/ClientObject.cpp.o
[18/30] Building CXX object CMakeFiles/hyprwire.dir/src/core/message/messages/GenericProtocolMessage.cpp.o
[19/30] Building CXX object CMakeFiles/hyprwire.dir/src/core/server/ServerObject.cpp.o
[20/30] Building CXX object CMakeFiles/hyprwire.dir/src/core/server/ServerClient.cpp.o
[21/30] Building CXX object CMakeFiles/hyprwire.dir/src/core/socket/SocketHelpers.cpp.o
[22/30] Building CXX object CMakeFiles/hyprwire.dir/src/core/message/MessageParser.cpp.o
[23/30] Building CXX object CMakeFiles/hyprwire.dir/src/core/server/ServerSocket.cpp.o
[24/30] Building CXX object scanner/CMakeFiles/hyprwire-scanner.dir/main.cpp.o
[25/30] Building CXX object CMakeFiles/hyprwire.dir/src/core/client/ClientSocket.cpp.o
[26/30] Building CXX object CMakeFiles/hyprwire.dir/src/core/wireObject/IWireObject.cpp.o
[27/30] Linking CXX executable scanner/hyprwire-scanner
[28/30] Linking CXX shared library libhyprwire.so.0.3.1
[29/30] Creating library symlink libhyprwire.so.3 libhyprwire.so
==> Entering fakeroot environment...
==> Starting package()...
-- Install configuration: "None"
-- Installing: /home/oniichanx/.cache/yay/hyprwire-git/pkg/hyprwire-git/usr/bin/hyprwire-scanner
-- Installing: /home/oniichanx/.cache/yay/hyprwire-git/pkg/hyprwire-git/usr/lib/pkgconfig/hyprwire-scanner.pc
-- Installing: /home/oniichanx/.cache/yay/hyprwire-git/pkg/hyprwire-git/usr/lib/cmake/hyprwire-scanner/hyprwire-scanner-config.cmake
-- Installing: /home/oniichanx/.cache/yay/hyprwire-git/pkg/hyprwire-git/usr/lib/cmake/hyprwire-scanner/hyprwire-scanner-config-version.cmake
-- Installing: /home/oniichanx/.cache/yay/hyprwire-git/pkg/hyprwire-git/usr/lib/libhyprwire.so.0.3.1
-- Installing: /home/oniichanx/.cache/yay/hyprwire-git/pkg/hyprwire-git/usr/lib/libhyprwire.so.3
-- Installing: /home/oniichanx/.cache/yay/hyprwire-git/pkg/hyprwire-git/usr/lib/libhyprwire.so
-- Installing: /home/oniichanx/.cache/yay/hyprwire-git/pkg/hyprwire-git/usr/include/hyprwire
-- Installing: /home/oniichanx/.cache/yay/hyprwire-git/pkg/hyprwire-git/usr/include/hyprwire/core
-- Installing: /home/oniichanx/.cache/yay/hyprwire-git/pkg/hyprwire-git/usr/include/hyprwire/core/ClientSocket.hpp
-- Installing: /home/oniichanx/.cache/yay/hyprwire-git/pkg/hyprwire-git/usr/include/hyprwire/core/ServerSocket.hpp
-- Installing: /home/oniichanx/.cache/yay/hyprwire-git/pkg/hyprwire-git/usr/include/hyprwire/core/implementation
-- Installing: /home/oniichanx/.cache/yay/hyprwire-git/pkg/hyprwire-git/usr/include/hyprwire/core/implementation/ClientImpl.hpp
-- Installing: /home/oniichanx/.cache/yay/hyprwire-git/pkg/hyprwire-git/usr/include/hyprwire/core/implementation/Object.hpp
-- Installing: /home/oniichanx/.cache/yay/hyprwire-git/pkg/hyprwire-git/usr/include/hyprwire/core/implementation/ServerImpl.hpp
-- Installing: /home/oniichanx/.cache/yay/hyprwire-git/pkg/hyprwire-git/usr/include/hyprwire/core/implementation/Spec.hpp
-- Installing: /home/oniichanx/.cache/yay/hyprwire-git/pkg/hyprwire-git/usr/include/hyprwire/core/implementation/Types.hpp
-- Installing: /home/oniichanx/.cache/yay/hyprwire-git/pkg/hyprwire-git/usr/include/hyprwire/core/types
-- Installing: /home/oniichanx/.cache/yay/hyprwire-git/pkg/hyprwire-git/usr/include/hyprwire/core/types/MessageMagic.hpp
-- Installing: /home/oniichanx/.cache/yay/hyprwire-git/pkg/hyprwire-git/usr/include/hyprwire/hyprwire.hpp
-- Installing: /home/oniichanx/.cache/yay/hyprwire-git/pkg/hyprwire-git/usr/lib/pkgconfig/hyprwire.pc
==> Tidying install...
  -> Removing libtool files...
  -> Removing static library files...
  -> Purging unwanted files...
  -> Stripping unneeded symbols from binaries and libraries...
  -> Compressing man and info pages...
==> Checking for packaging issues...
==> Creating package "hyprwire-git"...
  -> Generating .PKGINFO file...
  -> Generating .BUILDINFO file...
  -> Generating .MTREE file...
  -> Compressing package...
==> Creating package "hyprwire-git-debug"...
  -> Generating .PKGINFO file...
  -> Generating .BUILDINFO file...
  -> Generating .MTREE file...
  -> Compressing package...
==> Leaving fakeroot environment.
==> Finished making: hyprwire-git 0.3.1.r1.g04be289-1 (Thu 07 May 2026 04:06:01 AM +07)
==> Cleaning up...
==> Making package: hyprcursor-git 0.1.12.r1.g2fd3642-1 (Thu 07 May 2026 04:06:01 AM +07)
==> Checking runtime dependencies...
==> Checking buildtime dependencies...
==> Retrieving sources...
  -> Updating hyprcursor git repo...
==> Validating source files with sha256sums...
    hyprcursor ... Skipped
==> Removing existing $srcdir/ directory...
==> Extracting sources...
  -> Creating working copy of hyprcursor git repo...
Cloning into 'hyprcursor'...
done.
==> Starting pkgver()...
==> Updated version: hyprcursor-git 0.1.13.r4.g3943590-1
==> Sources are ready.
==> Making package: hyprcursor-git 0.1.13.r4.g3943590-1 (Thu 07 May 2026 04:06:03 AM +07)
==> Checking runtime dependencies...
==> Checking buildtime dependencies...
==> WARNING: Using existing $srcdir/ tree
==> Starting pkgver()...
==> Starting build()...
-- The C compiler identification is GNU 16.1.1
-- The CXX compiler identification is GNU 16.1.1
-- Detecting C compiler ABI info
-- Detecting C compiler ABI info - done
-- Check for working C compiler: /usr/bin/cc - skipped
-- Detecting C compile features
-- Detecting C compile features - done
-- Detecting CXX compiler ABI info
-- Detecting CXX compiler ABI info - done
-- Check for working CXX compiler: /usr/bin/c++ - skipped
-- Detecting CXX compile features
-- Detecting CXX compile features - done
-- Found PkgConfig: /usr/bin/pkg-config (found version "2.5.1")
-- Checking for modules 'hyprlang>=0.4.2;libzip;cairo;librsvg-2.0;tomlplusplus'
--   Found hyprlang, version 0.6.8
--   Found libzip, version 1.11.4
--   Found cairo, version 1.18.4
--   Found librsvg-2.0, version 2.62.1
--   Found tomlplusplus, version 3.4.0
-- Configuring hyprcursor in Release
-- Configuring done (0.2s)
-- Generating done (0.0s)
-- Build files have been written to: /home/oniichanx/.cache/yay/hyprcursor-git/src/build
[0/2] Re-checking globbed directories...
[1/16] Building C object CMakeFiles/hyprcursor_test_c.dir/tests/c_test.c.o
[2/16] Building CXX object CMakeFiles/hyprcursor.dir/libhyprcursor/hyprcursor_c.cpp.o
[3/16] Building CXX object CMakeFiles/hyprcursor.dir/libhyprcursor/VarList.cpp.o
[4/16] Building CXX object CMakeFiles/hyprcursor_test1.dir/tests/full_rendering.cpp.o
[5/16] Building CXX object CMakeFiles/hyprcursor_test2.dir/tests/only_metadata.cpp.o
[6/16] Building CXX object CMakeFiles/hyprcursor.dir/libhyprcursor/manifest.cpp.o
[7/16] Building CXX object CMakeFiles/hyprcursor.dir/libhyprcursor/hyprcursor.cpp.o
[8/16] Building CXX object CMakeFiles/hyprcursor.dir/libhyprcursor/meta.cpp.o
/home/oniichanx/.cache/yay/hyprcursor-git/src/hyprcursor/libhyprcursor/meta.cpp: In function ‘Hyprlang::CParseResult parseDefineSize(const char*, const char*)’:
/home/oniichanx/.cache/yay/hyprcursor-git/src/hyprcursor/libhyprcursor/meta.cpp:85:29: warning: unused variable ‘DELAY’ [-Wunused-variable]
   85 |         auto                DELAY = 0;
      |                             ^~~~~
[9/16] Building CXX object CMakeFiles/hyprcursor-util.dir/hyprcursor-util/src/main.cpp.o
/home/oniichanx/.cache/yay/hyprcursor-git/src/hyprcursor/hyprcursor-util/src/main.cpp: In function ‘std::string spawnSync(const std::string&)’:
/home/oniichanx/.cache/yay/hyprcursor-git/src/hyprcursor/hyprcursor-util/src/main.cpp:229:50: warning: ignoring attributes on template argument ‘int (*)(FILE*)’ [-Wignored-attributes]
  229 |     const std::unique_ptr<FILE, decltype(&pclose)> pipe(popen(cmd.c_str(), "r"), pclose);
      |                                                  ^
/home/oniichanx/.cache/yay/hyprcursor-git/src/hyprcursor/hyprcursor-util/src/main.cpp: At global scope:
/home/oniichanx/.cache/yay/hyprcursor-git/src/hyprcursor/hyprcursor-util/src/main.cpp:31:20: warning: ‘std::string removeBeginEndSpacesTabs(std::string)’ defined but not used [-Wunused-function]
   31 | static std::string removeBeginEndSpacesTabs(std::string str) {
      |                    ^~~~~~~~~~~~~~~~~~~~~~~~
[10/16] Linking CXX shared library libhyprcursor.so.0.1.13
[11/16] Creating library symlink libhyprcursor.so.0 libhyprcursor.so
[12/16] Linking C executable hyprcursor_test_c
[13/16] Linking CXX executable hyprcursor_test1
[14/16] Linking CXX executable hyprcursor_test2
[15/16] Linking CXX executable hyprcursor-util
==> Entering fakeroot environment...
==> Starting package()...
-- Install configuration: "None"
-- Installing: /home/oniichanx/.cache/yay/hyprcursor-git/pkg/hyprcursor-git/usr/lib/libhyprcursor.so.0.1.13
-- Installing: /home/oniichanx/.cache/yay/hyprcursor-git/pkg/hyprcursor-git/usr/lib/libhyprcursor.so.0
-- Installing: /home/oniichanx/.cache/yay/hyprcursor-git/pkg/hyprcursor-git/usr/lib/libhyprcursor.so
-- Installing: /home/oniichanx/.cache/yay/hyprcursor-git/pkg/hyprcursor-git/usr/include/hyprcursor.hpp
-- Installing: /home/oniichanx/.cache/yay/hyprcursor-git/pkg/hyprcursor-git/usr/bin/hyprcursor-util
-- Set non-toolchain portion of runtime path of "/home/oniichanx/.cache/yay/hyprcursor-git/pkg/hyprcursor-git/usr/bin/hyprcursor-util" to ""
-- Installing: /home/oniichanx/.cache/yay/hyprcursor-git/pkg/hyprcursor-git/usr/include/hyprcursor
-- Installing: /home/oniichanx/.cache/yay/hyprcursor-git/pkg/hyprcursor-git/usr/include/hyprcursor/hyprcursor.h
-- Installing: /home/oniichanx/.cache/yay/hyprcursor-git/pkg/hyprcursor-git/usr/include/hyprcursor/hyprcursor.hpp
-- Installing: /home/oniichanx/.cache/yay/hyprcursor-git/pkg/hyprcursor-git/usr/include/hyprcursor/shared.h
-- Installing: /home/oniichanx/.cache/yay/hyprcursor-git/pkg/hyprcursor-git/usr/lib/pkgconfig/hyprcursor.pc
==> Tidying install...
  -> Removing libtool files...
  -> Removing static library files...
  -> Purging unwanted files...
  -> Stripping unneeded symbols from binaries and libraries...
  -> Compressing man and info pages...
==> Checking for packaging issues...
==> Creating package "hyprcursor-git"...
  -> Generating .PKGINFO file...
  -> Generating .BUILDINFO file...
  -> Generating .MTREE file...
  -> Compressing package...
==> Creating package "hyprcursor-git-debug"...
  -> Generating .PKGINFO file...
  -> Generating .BUILDINFO file...
  -> Generating .MTREE file...
  -> Compressing package...
==> Leaving fakeroot environment.
==> Finished making: hyprcursor-git 0.1.13.r4.g3943590-1 (Thu 07 May 2026 04:06:09 AM +07)
==> Cleaning up...
==> Making package: hyprland-protocols-git 0.7.0.r1.g3f3860b-1 (Thu 07 May 2026 04:06:09 AM +07)
==> Checking runtime dependencies...
==> Checking buildtime dependencies...
==> Retrieving sources...
  -> Updating hyprland-protocols git repo...
==> Validating source files with sha256sums...
    hyprland-protocols ... Skipped
==> Removing existing $srcdir/ directory...
==> Extracting sources...
  -> Creating working copy of hyprland-protocols git repo...
Cloning into 'hyprland-protocols'...
done.
==> Starting pkgver()...
==> Updated version: hyprland-protocols-git 0.7.0.r4.g1cb6db5-1
==> Sources are ready.
==> Making package: hyprland-protocols-git 0.7.0.r4.g1cb6db5-1 (Thu 07 May 2026 04:06:11 AM +07)
==> Checking runtime dependencies...
==> Checking buildtime dependencies...
==> WARNING: Using existing $srcdir/ tree
==> Starting pkgver()...
==> Starting build()...
-- Configuring done (0.0s)
-- Generating done (0.0s)
-- Build files have been written to: /home/oniichanx/.cache/yay/hyprland-protocols-git/src/build
ninja: no work to do.
==> Entering fakeroot environment...
==> Starting package()...
-- Install configuration: "None"
-- Installing: /home/oniichanx/.cache/yay/hyprland-protocols-git/pkg/hyprland-protocols-git/usr/share/hyprland-protocols/protocols/hyprland-toplevel-export-v1.xml
-- Installing: /home/oniichanx/.cache/yay/hyprland-protocols-git/pkg/hyprland-protocols-git/usr/share/hyprland-protocols/protocols/hyprland-global-shortcuts-v1.xml
-- Installing: /home/oniichanx/.cache/yay/hyprland-protocols-git/pkg/hyprland-protocols-git/usr/share/hyprland-protocols/protocols/hyprland-focus-grab-v1.xml
-- Installing: /home/oniichanx/.cache/yay/hyprland-protocols-git/pkg/hyprland-protocols-git/usr/share/hyprland-protocols/protocols/hyprland-ctm-control-v1.xml
-- Installing: /home/oniichanx/.cache/yay/hyprland-protocols-git/pkg/hyprland-protocols-git/usr/share/hyprland-protocols/protocols/hyprland-surface-v1.xml
-- Installing: /home/oniichanx/.cache/yay/hyprland-protocols-git/pkg/hyprland-protocols-git/usr/share/hyprland-protocols/protocols/hyprland-lock-notify-v1.xml
-- Installing: /home/oniichanx/.cache/yay/hyprland-protocols-git/pkg/hyprland-protocols-git/usr/share/hyprland-protocols/protocols/hyprland-toplevel-mapping-v1.xml
-- Installing: /home/oniichanx/.cache/yay/hyprland-protocols-git/pkg/hyprland-protocols-git/usr/share/hyprland-protocols/protocols/hyprland-input-capture-v1.xml
-- Installing: /home/oniichanx/.cache/yay/hyprland-protocols-git/pkg/hyprland-protocols-git/usr/share/pkgconfig/hyprland-protocols.pc
==> Tidying install...
  -> Removing libtool files...
  -> Removing static library files...
  -> Purging unwanted files...
  -> Stripping unneeded symbols from binaries and libraries...
  -> Compressing man and info pages...
==> Checking for packaging issues...
==> Creating package "hyprland-protocols-git"...
  -> Generating .PKGINFO file...
  -> Generating .BUILDINFO file...
  -> Generating .MTREE file...
  -> Compressing package...
==> Leaving fakeroot environment.
==> Finished making: hyprland-protocols-git 0.7.0.r4.g1cb6db5-1 (Thu 07 May 2026 04:06:11 AM +07)
==> Cleaning up...
==> Making package: hyprland-guiutils-git 0.1.0.r0.ga415eba-1 (Thu 07 May 2026 04:06:12 AM +07)
==> Checking runtime dependencies...
==> Checking buildtime dependencies...
==> Retrieving sources...
  -> Updating hyprland-guiutils git repo...
==> Validating source files with sha256sums...
    hyprland-guiutils ... Skipped
==> Removing existing $srcdir/ directory...
==> Extracting sources...
  -> Creating working copy of hyprland-guiutils git repo...
Cloning into 'hyprland-guiutils'...
done.
==> Starting pkgver()...
==> Updated version: hyprland-guiutils-git 0.2.1.r5.ga968d21-1
==> Sources are ready.
==> Making package: hyprland-guiutils-git 0.2.1.r5.ga968d21-1 (Thu 07 May 2026 04:06:14 AM +07)
==> Checking runtime dependencies...
==> Checking buildtime dependencies...
==> WARNING: Using existing $srcdir/ tree
==> Starting pkgver()...
==> Starting build()...
-- The C compiler identification is GNU 16.1.1
-- The CXX compiler identification is GNU 16.1.1
-- Detecting C compiler ABI info
-- Detecting C compiler ABI info - done
-- Check for working C compiler: /usr/bin/cc - skipped
-- Detecting C compile features
-- Detecting C compile features - done
-- Detecting CXX compiler ABI info
-- Detecting CXX compiler ABI info - done
-- Check for working CXX compiler: /usr/bin/c++ - skipped
-- Detecting CXX compile features
-- Detecting CXX compile features - done
-- Configuring hyprland-guiutils!
-- Performing Test CMAKE_HAVE_LIBC_PTHREAD
-- Performing Test CMAKE_HAVE_LIBC_PTHREAD - Success
-- Found Threads: TRUE
-- Found PkgConfig: /usr/bin/pkg-config (found version "2.5.1")
-- Checking for modules 'hyprlang>=0.6.0;hyprutils>=0.10.2;hyprtoolkit>=0.4.0;pixman-1;xkbcommon;libdrm'
--   Found hyprlang, version 0.6.8
--   Found hyprutils, version 0.13.0
--   Found hyprtoolkit, version 0.5.4
--   Found pixman-1, version 0.46.4
--   Found xkbcommon, version 1.13.1
--   Found libdrm, version 2.4.131
-- Configuring done (0.3s)
-- Generating done (0.0s)
-- Build files have been written to: /home/oniichanx/.cache/yay/hyprland-guiutils-git/src/build
[1/10] Building CXX object utils/donate-screen/CMakeFiles/hyprland-donate-screen.dir/src/main.cpp.o
[2/10] Building CXX object utils/update-screen/CMakeFiles/hyprland-update-screen.dir/src/main.cpp.o
[3/10] Linking CXX executable utils/donate-screen/hyprland-donate-screen
[4/10] Building CXX object utils/dialog/CMakeFiles/hyprland-dialog.dir/src/main.cpp.o
[5/10] Building CXX object utils/run/CMakeFiles/hyprland-run.dir/src/main.cpp.o
[6/10] Building CXX object utils/welcome/CMakeFiles/hyprland-welcome.dir/src/main.cpp.o
[7/10] Linking CXX executable utils/update-screen/hyprland-update-screen
[8/10] Linking CXX executable utils/dialog/hyprland-dialog
[9/10] Linking CXX executable utils/run/hyprland-run
[10/10] Linking CXX executable utils/welcome/hyprland-welcome
==> Entering fakeroot environment...
==> Starting package()...
-- Install configuration: "None"
-- Installing: /home/oniichanx/.cache/yay/hyprland-guiutils-git/pkg/hyprland-guiutils-git/usr/bin/hyprland-dialog
-- Installing: /home/oniichanx/.cache/yay/hyprland-guiutils-git/pkg/hyprland-guiutils-git/usr/bin/hyprland-donate-screen
-- Installing: /home/oniichanx/.cache/yay/hyprland-guiutils-git/pkg/hyprland-guiutils-git/usr/bin/hyprland-update-screen
-- Installing: /home/oniichanx/.cache/yay/hyprland-guiutils-git/pkg/hyprland-guiutils-git/usr/bin/hyprland-welcome
-- Installing: /home/oniichanx/.cache/yay/hyprland-guiutils-git/pkg/hyprland-guiutils-git/usr/bin/hyprland-run
==> Tidying install...
  -> Removing libtool files...
  -> Removing static library files...
  -> Purging unwanted files...
  -> Stripping unneeded symbols from binaries and libraries...
  -> Compressing man and info pages...
==> Checking for packaging issues...
==> Creating package "hyprland-guiutils-git"...
  -> Generating .PKGINFO file...
  -> Generating .BUILDINFO file...
  -> Generating .MTREE file...
  -> Compressing package...
==> Creating package "hyprland-guiutils-git-debug"...
  -> Generating .PKGINFO file...
  -> Generating .BUILDINFO file...
  -> Generating .MTREE file...
  -> Compressing package...
==> Leaving fakeroot environment.
==> Finished making: hyprland-guiutils-git 0.2.1.r5.ga968d21-1 (Thu 07 May 2026 04:06:18 AM +07)
==> Cleaning up...
loading packages...
resolving dependencies...
looking for conflicting packages...

Packages (7) hyprcursor-git-0.1.13.r4.g3943590-1  hyprcursor-git-debug-0.1.13.r4.g3943590-1  hyprland-guiutils-git-0.2.1.r5.ga968d21-1  hyprland-guiutils-git-debug-0.2.1.r5.ga968d21-1  hyprland-protocols-git-0.7.0.r4.g1cb6db5-1  hyprwire-git-0.3.1.r1.g04be289-1  hyprwire-git-debug-0.3.1.r1.g04be289-1

Total Installed Size:  26.18 MiB

:: Proceed with installation? [Y/n] 
checking keyring...
checking package integrity...
loading package files...
checking for file conflicts...
checking available disk space...
:: Processing package changes...
installing hyprwire-git...
installing hyprwire-git-debug...
installing hyprcursor-git...
installing hyprcursor-git-debug...
installing hyprland-protocols-git...
installing hyprland-guiutils-git...
installing hyprland-guiutils-git-debug...
:: Running post-transaction hooks...
(1/1) Arming ConditionNeedsUpdate...
==> Making package: hyprland-git 0.54.0.r252.g80763b1-1 (Thu 07 May 2026 04:06:18 AM +07)
==> Checking runtime dependencies...
==> Checking buildtime dependencies...
==> Retrieving sources...
  -> Updating hyprland git repo...
  -> Updating udis86 git repo...
==> Validating source files with sha256sums...
    hyprland ... Skipped
    udis86 ... Skipped
==> Removing existing $srcdir/ directory...
==> Extracting sources...
  -> Creating working copy of hyprland git repo...
Cloning into 'hyprland'...
done.
  -> Creating working copy of udis86 git repo...
Cloning into 'udis86'...
done.
==> Starting prepare()...
Submodule 'subprojects/hyprland-protocols' (https://github.com/hyprwm/hyprland-protocols) registered for path 'subprojects/hyprland-protocols'
Submodule 'subprojects/tracy' (https://github.com/wolfpld/tracy) registered for path 'subprojects/tracy'
Submodule 'subprojects/udis86' (https://github.com/canihavesomecoffee/udis86) registered for path 'subprojects/udis86'
Cloning into '/home/oniichanx/.cache/yay/hyprland-git/src/hyprland/subprojects/hyprland-protocols'...
Skipping submodule 'subprojects/tracy'
Cloning into '/home/oniichanx/.cache/yay/hyprland-git/src/hyprland/subprojects/udis86'...
done.
Submodule path 'subprojects/hyprland-protocols': checked out '3a5c2bda1c1a4e55cc1330c782547695a93f05b2'
Submodule path 'subprojects/udis86': checked out '5336633af70f3917760a6d441ff02d93477b0c86'
==> Starting pkgver()...
==> Updated version: hyprland-git 0.54.0.r327.ge965938-1
==> Sources are ready.
==> Making package: hyprland-git 0.54.0.r327.ge965938-1 (Thu 07 May 2026 04:06:22 AM +07)
==> Checking runtime dependencies...
==> Checking buildtime dependencies...
==> WARNING: Using existing $srcdir/ tree
==> Starting pkgver()...
==> Starting build()...
-- The C compiler identification is GNU 16.1.1
-- The CXX compiler identification is GNU 16.1.1
-- Detecting C compiler ABI info
-- Detecting C compiler ABI info - done
-- Check for working C compiler: /usr/bin/cc - skipped
-- Detecting C compile features
-- Detecting C compile features - done
-- Detecting CXX compiler ABI info
-- Detecting CXX compiler ABI info - done
-- Check for working CXX compiler: /usr/bin/c++ - skipped
-- Detecting CXX compile features
-- Detecting CXX compile features - done
-- Gathering git info
-- Generating shader includes
--	blur1.frag
--	blur1.glsl
--	blur2.frag
--	blur2.glsl
--	blurfinish.frag
--	blurFinish.glsl
--	blurprepare.frag
--	blurprepare.glsl
--	border.frag
--	border.glsl
--	CM.glsl
--	cm_helpers.glsl
--	constants.h
--	defines.h
--	ext.frag
--	gain.glsl
--	glitch.frag
--	inner_glow.frag
--	inner_glow.glsl
--	passthru.frag
--	quad.frag
--	rgbamatte.frag
--	rounding.glsl
--	shadow.frag
--	shadow.glsl
--	surface.frag
--	tex300.vert
--	tex320.vert
--	tonemap.glsl
-- Found PkgConfig: /usr/bin/pkg-config (found version "2.5.1")
-- Checking for module 'udis86>=1.7.2'
--   Package 'udis86' not found
-- Found Python3: /usr/bin/python3.14 (found version "3.14.4") found components: Interpreter
Building itab.c/itab.h...
-- udis86 dependency not found, falling back to subproject
-- Found wayland-protocols at //usr/share/wayland-protocols
-- Found wayland-scanner pkgdatadir at //usr/share/wayland
-- Configuring Hyprland in Release with CMake
-- Checking deps...
-- Performing Test CMAKE_HAVE_LIBC_PTHREAD
-- Performing Test CMAKE_HAVE_LIBC_PTHREAD - Success
-- Found Threads: TRUE
-- Found OpenGL: /usr/lib/libOpenGL.so  found components: GLES3
-- Checking for module 'aquamarine>=0.9.3'
--   Found aquamarine, version 0.11.0
-- Checking for module 'hyprlang>=0.6.7'
--   Found hyprlang, version 0.6.8
-- Checking for module 'hyprcursor>=0.1.7'
--   Found hyprcursor, version 0.1.13
-- Checking for module 'hyprutils>=0.13.0'
--   Found hyprutils, version 0.13.0
-- Checking for module 'hyprgraphics>=0.5.1'
--   Found hyprgraphics, version 0.5.1
-- Detected git repository root: /home/oniichanx/.cache/yay/hyprland-git/src/hyprland
-- Checking for modules 'xkbcommon>=1.11.0;uuid;wayland-server>=1.22.91;wayland-protocols>=1.47;cairo;pango;pangocairo;pixman-1;xcursor;libdrm;libinput>=1.28;gbm;gio-2.0;re2;muparser;lcms2'
--   Found xkbcommon, version 1.13.1
--   Found uuid, version 2.42.0
--   Found wayland-server, version 1.25.0
--   Found wayland-protocols, version 1.48
--   Found cairo, version 1.18.4
--   Found pango, version 1.57.1
--   Found pangocairo, version 1.57.1
--   Found pixman-1, version 0.46.4
--   Found xcursor, version 1.2.3
--   Found libdrm, version 2.4.131
--   Found libinput, version 1.31.1
--   Found gbm, version 26.0.6-arch1.1
--   Found gio-2.0, version 2.88.1
--   Found re2, version 11.0.0
--   Found muparser, version 2.3.5
--   Found lcms2, version 2.19
-- Checking for one of the modules 'lua55;lua5.5;lua-55;lua-5.5;lua>=5.5;lua<5.6'
-- Looking for execinfo.h
-- Looking for execinfo.h - found
-- Configuration supports execinfo
-- Looking for backtrace in execinfo
-- Looking for backtrace in execinfo - not found
-- Looking for sys/timerfd.h
-- Looking for sys/timerfd.h - found
-- Checking for module 'epoll-shim'
--   Package 'epoll-shim' not found
-- Looking for sys/inotify.h
-- Looking for sys/inotify.h - found
-- Checking for module 'libinotify'
--   Package 'libinotify' not found
-- XWAYLAND Enabled (NO_XWAYLAND not defined) checking deps...
-- Checking for modules 'xcb;xcb-render;xcb-xfixes;xcb-icccm;xcb-composite;xcb-res;xcb-errors'
--   Found xcb, version 1.17.0
--   Found xcb-render, version 1.17.0
--   Found xcb-xfixes, version 1.17.0
--   Found xcb-icccm, version 0.4.2
--   Found xcb-composite, version 1.17.0
--   Found xcb-res, version 1.17.0
--   Found xcb-errors, version 1.0.1
-- SYSTEMD support is requested (NO_SYSTEMD not defined)...
-- UWSM support is enabled (NO_UWSM not defined)...
-- Setting precompiled headers
-- Setting link libraries
-- Checking for module 'hyprland-protocols>=0.6.4'
--   Found hyprland-protocols, version 0.7.0
-- hyprland-protocols dependency set to //usr/share/hyprland-protocols
-- Checking for modules 'hyprutils>=0.2.4;hyprwire;re2'
--   Found hyprutils, version 0.13.0
--   Found hyprwire, version 0.3.1
--   Found re2, version 11.0.0
-- Checking for module 'hyprutils>=0.10.3'
--   Found hyprutils, version 0.13.0
-- Checking for modules 'tomlplusplus;hyprutils>=0.7.0'
--   Found tomlplusplus, version 3.4.0
--   Found hyprutils, version 0.13.0
-- hyprpm is enabled (NO_HYPRPM not defined)
-- Testing is disabled
-- Configuring done (1.2s)
-- Generating done (0.1s)
-- Build files have been written to: /home/oniichanx/.cache/yay/hyprland-git/src/hyprland/build
[0/2] Re-checking globbed directories...
[1/853] Generating /home/oniichanx/.cache/yay/hyprland-git/src/hyprland/protocols/hyprland-global-shortcuts-v1.cpp, /home/oniichanx/.cache/yay/hyprland-git/src/hyprland/protocols/hyprland-global-shortcuts-v1.hpp
[2/853] Generating /home/oniichanx/.cache/yay/hyprland-git/src/hyprland/protocols/text-input-unstable-v1.cpp, /home/oniichanx/.cache/yay/hyprland-git/src/hyprland/protocols/text-input-unstable-v1.hpp
[3/853] Generating /home/oniichanx/.cache/yay/hyprland-git/src/hyprland/protocols/hyprland-toplevel-export-v1.cpp, /home/oniichanx/.cache/yay/hyprland-git/src/hyprland/protocols/hyprland-toplevel-export-v1.hpp
[4/853] Generating /home/oniichanx/.cache/yay/hyprland-git/src/hyprland/protocols/wlr-screencopy-unstable-v1.cpp, /home/oniichanx/.cache/yay/hyprland-git/src/hyprland/protocols/wlr-screencopy-unstable-v1.hpp
[5/853] Generating /home/oniichanx/.cache/yay/hyprland-git/src/hyprland/protocols/wlr-gamma-control-unstable-v1.cpp, /home/oniichanx/.cache/yay/hyprland-git/src/hyprland/protocols/wlr-gamma-control-unstable-v1.hpp
[6/853] Generating /home/oniichanx/.cache/yay/hyprland-git/src/hyprland/protocols/wlr-foreign-toplevel-management-unstable-v1.cpp, /home/oniichanx/.cache/yay/hyprland-git/src/hyprland/protocols/wlr-foreign-toplevel-management-unstable-v1.hpp
[7/853] Generating /home/oniichanx/.cache/yay/hyprland-git/src/hyprland/protocols/wlr-output-power-management-unstable-v1.cpp, /home/oniichanx/.cache/yay/hyprland-git/src/hyprland/protocols/wlr-output-power-management-unstable-v1.hpp
[8/853] Generating /home/oniichanx/.cache/yay/hyprland-git/src/hyprland/protocols/virtual-keyboard-unstable-v1.cpp, /home/oniichanx/.cache/yay/hyprland-git/src/hyprland/protocols/virtual-keyboard-unstable-v1.hpp
[9/853] Generating /home/oniichanx/.cache/yay/hyprland-git/src/hyprland/protocols/wlr-virtual-pointer-unstable-v1.cpp, /home/oniichanx/.cache/yay/hyprland-git/src/hyprland/protocols/wlr-virtual-pointer-unstable-v1.hpp
[10/853] Generating /home/oniichanx/.cache/yay/hyprland-git/src/hyprland/protocols/input-method-unstable-v2.cpp, /home/oniichanx/.cache/yay/hyprland-git/src/hyprland/protocols/input-method-unstable-v2.hpp
[11/853] Generating /home/oniichanx/.cache/yay/hyprland-git/src/hyprland/protocols/wlr-output-management-unstable-v1.cpp, /home/oniichanx/.cache/yay/hyprland-git/src/hyprland/protocols/wlr-output-management-unstable-v1.hpp
[12/853] Generating /home/oniichanx/.cache/yay/hyprland-git/src/hyprland/protocols/kde-server-decoration.cpp, /home/oniichanx/.cache/yay/hyprland-git/src/hyprland/protocols/kde-server-decoration.hpp
[13/853] Generating /home/oniichanx/.cache/yay/hyprland-git/src/hyprland/protocols/wlr-data-control-unstable-v1.cpp, /home/oniichanx/.cache/yay/hyprland-git/src/hyprland/protocols/wlr-data-control-unstable-v1.hpp
[14/853] Generating /home/oniichanx/.cache/yay/hyprland-git/src/hyprland/protocols/hyprland-focus-grab-v1.cpp, /home/oniichanx/.cache/yay/hyprland-git/src/hyprland/protocols/hyprland-focus-grab-v1.hpp
[15/853] Generating /home/oniichanx/.cache/yay/hyprland-git/src/hyprland/protocols/wlr-layer-shell-unstable-v1.cpp, /home/oniichanx/.cache/yay/hyprland-git/src/hyprland/protocols/wlr-layer-shell-unstable-v1.hpp
[16/853] Generating /home/oniichanx/.cache/yay/hyprland-git/src/hyprland/protocols/wayland-drm.cpp, /home/oniichanx/.cache/yay/hyprland-git/src/hyprland/protocols/wayland-drm.hpp
[17/853] Generating /home/oniichanx/.cache/yay/hyprland-git/src/hyprland/protocols/hyprland-ctm-control-v1.cpp, /home/oniichanx/.cache/yay/hyprland-git/src/hyprland/protocols/hyprland-ctm-control-v1.hpp
[18/853] Generating /home/oniichanx/.cache/yay/hyprland-git/src/hyprland/protocols/hyprland-surface-v1.cpp, /home/oniichanx/.cache/yay/hyprland-git/src/hyprland/protocols/hyprland-surface-v1.hpp
[19/853] Generating /home/oniichanx/.cache/yay/hyprland-git/src/hyprland/protocols/hyprland-lock-notify-v1.cpp, /home/oniichanx/.cache/yay/hyprland-git/src/hyprland/protocols/hyprland-lock-notify-v1.hpp
[20/853] Generating /home/oniichanx/.cache/yay/hyprland-git/src/hyprland/protocols/hyprland-toplevel-mapping-v1.cpp, /home/oniichanx/.cache/yay/hyprland-git/src/hyprland/protocols/hyprland-toplevel-mapping-v1.hpp
[21/853] Generating /home/oniichanx/.cache/yay/hyprland-git/src/hyprland/protocols/tearing-control-v1.cpp, /home/oniichanx/.cache/yay/hyprland-git/src/hyprland/protocols/tearing-control-v1.hpp
[22/853] Generating /home/oniichanx/.cache/yay/hyprland-git/src/hyprland/protocols/cursor-shape-v1.cpp, /home/oniichanx/.cache/yay/hyprland-git/src/hyprland/protocols/cursor-shape-v1.hpp
[23/853] Generating /home/oniichanx/.cache/yay/hyprland-git/src/hyprland/protocols/relative-pointer-unstable-v1.cpp, /home/oniichanx/.cache/yay/hyprland-git/src/hyprland/protocols/relative-pointer-unstable-v1.hpp
[24/853] Generating /home/oniichanx/.cache/yay/hyprland-git/src/hyprland/protocols/fractional-scale-v1.cpp, /home/oniichanx/.cache/yay/hyprland-git/src/hyprland/protocols/fractional-scale-v1.hpp
[25/853] Generating /home/oniichanx/.cache/yay/hyprland-git/src/hyprland/protocols/xdg-output-unstable-v1.cpp, /home/oniichanx/.cache/yay/hyprland-git/src/hyprland/protocols/xdg-output-unstable-v1.hpp
[26/853] Generating /home/oniichanx/.cache/yay/hyprland-git/src/hyprland/protocols/idle-inhibit-unstable-v1.cpp, /home/oniichanx/.cache/yay/hyprland-git/src/hyprland/protocols/idle-inhibit-unstable-v1.hpp
[27/853] Generating /home/oniichanx/.cache/yay/hyprland-git/src/hyprland/protocols/xdg-decoration-unstable-v1.cpp, /home/oniichanx/.cache/yay/hyprland-git/src/hyprland/protocols/xdg-decoration-unstable-v1.hpp
[28/853] Generating /home/oniichanx/.cache/yay/hyprland-git/src/hyprland/protocols/alpha-modifier-v1.cpp, /home/oniichanx/.cache/yay/hyprland-git/src/hyprland/protocols/alpha-modifier-v1.hpp
[29/853] Generating /home/oniichanx/.cache/yay/hyprland-git/src/hyprland/protocols/ext-foreign-toplevel-list-v1.cpp, /home/oniichanx/.cache/yay/hyprland-git/src/hyprland/protocols/ext-foreign-toplevel-list-v1.hpp
[30/853] Generating /home/oniichanx/.cache/yay/hyprland-git/src/hyprland/protocols/pointer-gestures-unstable-v1.cpp, /home/oniichanx/.cache/yay/hyprland-git/src/hyprland/protocols/pointer-gestures-unstable-v1.hpp
[31/853] Generating /home/oniichanx/.cache/yay/hyprland-git/src/hyprland/protocols/keyboard-shortcuts-inhibit-unstable-v1.cpp, /home/oniichanx/.cache/yay/hyprland-git/src/hyprland/protocols/keyboard-shortcuts-inhibit-unstable-v1.hpp
[32/853] Generating /home/oniichanx/.cache/yay/hyprland-git/src/hyprland/protocols/xdg-foreign-unstable-v2.cpp, /home/oniichanx/.cache/yay/hyprland-git/src/hyprland/protocols/xdg-foreign-unstable-v2.hpp
[33/853] Generating /home/oniichanx/.cache/yay/hyprland-git/src/hyprland/protocols/text-input-unstable-v3.cpp, /home/oniichanx/.cache/yay/hyprland-git/src/hyprland/protocols/text-input-unstable-v3.hpp
[34/853] Generating /home/oniichanx/.cache/yay/hyprland-git/src/hyprland/protocols/pointer-constraints-unstable-v1.cpp, /home/oniichanx/.cache/yay/hyprland-git/src/hyprland/protocols/pointer-constraints-unstable-v1.hpp
[35/853] Generating /home/oniichanx/.cache/yay/hyprland-git/src/hyprland/protocols/xdg-activation-v1.cpp, /home/oniichanx/.cache/yay/hyprland-git/src/hyprland/protocols/xdg-activation-v1.hpp
[36/853] Generating /home/oniichanx/.cache/yay/hyprland-git/src/hyprland/protocols/ext-idle-notify-v1.cpp, /home/oniichanx/.cache/yay/hyprland-git/src/hyprland/protocols/ext-idle-notify-v1.hpp
[37/853] Generating /home/oniichanx/.cache/yay/hyprland-git/src/hyprland/protocols/ext-session-lock-v1.cpp, /home/oniichanx/.cache/yay/hyprland-git/src/hyprland/protocols/ext-session-lock-v1.hpp
[38/853] Generating /home/oniichanx/.cache/yay/hyprland-git/src/hyprland/protocols/tablet-v2.cpp, /home/oniichanx/.cache/yay/hyprland-git/src/hyprland/protocols/tablet-v2.hpp
[39/853] Generating /home/oniichanx/.cache/yay/hyprland-git/src/hyprland/protocols/presentation-time.cpp, /home/oniichanx/.cache/yay/hyprland-git/src/hyprland/protocols/presentation-time.hpp
[40/853] Generating /home/oniichanx/.cache/yay/hyprland-git/src/hyprland/protocols/xdg-shell.cpp, /home/oniichanx/.cache/yay/hyprland-git/src/hyprland/protocols/xdg-shell.hpp
[41/853] Generating /home/oniichanx/.cache/yay/hyprland-git/src/hyprland/protocols/primary-selection-unstable-v1.cpp, /home/oniichanx/.cache/yay/hyprland-git/src/hyprland/protocols/primary-selection-unstable-v1.hpp
[42/853] Generating /home/oniichanx/.cache/yay/hyprland-git/src/hyprland/protocols/xwayland-shell-v1.cpp, /home/oniichanx/.cache/yay/hyprland-git/src/hyprland/protocols/xwayland-shell-v1.hpp
[43/853] Generating /home/oniichanx/.cache/yay/hyprland-git/src/hyprland/protocols/viewporter.cpp, /home/oniichanx/.cache/yay/hyprland-git/src/hyprland/protocols/viewporter.hpp
[44/853] Generating /home/oniichanx/.cache/yay/hyprland-git/src/hyprland/protocols/linux-dmabuf-v1.cpp, /home/oniichanx/.cache/yay/hyprland-git/src/hyprland/protocols/linux-dmabuf-v1.hpp
[45/853] Generating /home/oniichanx/.cache/yay/hyprland-git/src/hyprland/protocols/drm-lease-v1.cpp, /home/oniichanx/.cache/yay/hyprland-git/src/hyprland/protocols/drm-lease-v1.hpp
[46/853] Generating /home/oniichanx/.cache/yay/hyprland-git/src/hyprland/protocols/linux-drm-syncobj-v1.cpp, /home/oniichanx/.cache/yay/hyprland-git/src/hyprland/protocols/linux-drm-syncobj-v1.hpp
[47/853] Generating /home/oniichanx/.cache/yay/hyprland-git/src/hyprland/protocols/xdg-dialog-v1.cpp, /home/oniichanx/.cache/yay/hyprland-git/src/hyprland/protocols/xdg-dialog-v1.hpp
[48/853] Generating /home/oniichanx/.cache/yay/hyprland-git/src/hyprland/protocols/single-pixel-buffer-v1.cpp, /home/oniichanx/.cache/yay/hyprland-git/src/hyprland/protocols/single-pixel-buffer-v1.hpp
[49/853] Generating /home/oniichanx/.cache/yay/hyprland-git/src/hyprland/protocols/security-context-v1.cpp, /home/oniichanx/.cache/yay/hyprland-git/src/hyprland/protocols/security-context-v1.hpp
[50/853] Generating /home/oniichanx/.cache/yay/hyprland-git/src/hyprland/protocols/content-type-v1.cpp, /home/oniichanx/.cache/yay/hyprland-git/src/hyprland/protocols/content-type-v1.hpp
[51/853] Generating /home/oniichanx/.cache/yay/hyprland-git/src/hyprland/protocols/color-management-v1.cpp, /home/oniichanx/.cache/yay/hyprland-git/src/hyprland/protocols/color-management-v1.hpp
[52/853] Generating /home/oniichanx/.cache/yay/hyprland-git/src/hyprland/protocols/xdg-toplevel-tag-v1.cpp, /home/oniichanx/.cache/yay/hyprland-git/src/hyprland/protocols/xdg-toplevel-tag-v1.hpp
[53/853] Generating /home/oniichanx/.cache/yay/hyprland-git/src/hyprland/protocols/xdg-system-bell-v1.cpp, /home/oniichanx/.cache/yay/hyprland-git/src/hyprland/protocols/xdg-system-bell-v1.hpp
[54/853] Generating /home/oniichanx/.cache/yay/hyprland-git/src/hyprland/protocols/ext-workspace-v1.cpp, /home/oniichanx/.cache/yay/hyprland-git/src/hyprland/protocols/ext-workspace-v1.hpp
[55/853] Generating /home/oniichanx/.cache/yay/hyprland-git/src/hyprland/protocols/ext-data-control-v1.cpp, /home/oniichanx/.cache/yay/hyprland-git/src/hyprland/protocols/ext-data-control-v1.hpp
[56/853] Generating /home/oniichanx/.cache/yay/hyprland-git/src/hyprland/protocols/pointer-warp-v1.cpp, /home/oniichanx/.cache/yay/hyprland-git/src/hyprland/protocols/pointer-warp-v1.hpp
[57/853] Generating /home/oniichanx/.cache/yay/hyprland-git/src/hyprland/protocols/fifo-v1.cpp, /home/oniichanx/.cache/yay/hyprland-git/src/hyprland/protocols/fifo-v1.hpp
[58/853] Generating /home/oniichanx/.cache/yay/hyprland-git/src/hyprland/protocols/commit-timing-v1.cpp, /home/oniichanx/.cache/yay/hyprland-git/src/hyprland/protocols/commit-timing-v1.hpp
[59/853] Generating /home/oniichanx/.cache/yay/hyprland-git/src/hyprland/protocols/ext-image-capture-source-v1.cpp, /home/oniichanx/.cache/yay/hyprland-git/src/hyprland/protocols/ext-image-capture-source-v1.hpp
[60/853] Generating /home/oniichanx/.cache/yay/hyprland-git/src/hyprland/protocols/ext-image-copy-capture-v1.cpp, /home/oniichanx/.cache/yay/hyprland-git/src/hyprland/protocols/ext-image-copy-capture-v1.hpp
[61/853] Generating /home/oniichanx/.cache/yay/hyprland-git/src/hyprland/protocols/wayland.cpp, /home/oniichanx/.cache/yay/hyprland-git/src/hyprland/protocols/wayland.hpp
[62/853] Generating /home/oniichanx/.cache/yay/hyprland-git/src/hyprland/hyprctl/hw-protocols/hyprpaper_core-client.cpp, /home/oniichanx/.cache/yay/hyprland-git/src/hyprland/hyprctl/hw-protocols/hyprpaper_core-client.hpp, /home/oniichanx/.cache/yay/hyprland-git/src/hyprland/hyprctl/hw-protocols/hyprpaper_core-spec.hpp
[63/853] Building C object subprojects/udis86/libudis86/CMakeFiles/libudis86.dir/syn-intel.c.o
[64/853] Building C object subprojects/udis86/libudis86/CMakeFiles/libudis86.dir/syn-att.c.o
[65/853] Building C object subprojects/udis86/libudis86/CMakeFiles/libudis86.dir/syn.c.o
[66/853] Building C object subprojects/udis86/libudis86/CMakeFiles/libudis86.dir/udis86.c.o
[67/853] Generating Lua API stubs for LuaLS
[lua-stubs] unchanged: /home/oniichanx/.cache/yay/hyprland-git/src/hyprland/meta/hl.meta.lua
[68/853] Building C object subprojects/udis86/libudis86/CMakeFiles/libudis86.dir/decode.c.o
[69/853] Building C object subprojects/udis86/libudis86/CMakeFiles/libudis86.dir/itab.c.o
[70/853] Scanning /home/oniichanx/.cache/yay/hyprland-git/src/hyprland/src/main.cpp for CXX dependencies
[71/853] Generating CXX dyndep file CMakeFiles/Hyprland.dir/CXX.dd
[72/853] Linking C static library subprojects/udis86/libudis86/liblibudis86.a
[73/853] Building CXX object hyprpm/CMakeFiles/hyprpm.dir/src/core/Plugin.cpp.o
[74/853] Building CXX object hyprctl/CMakeFiles/hyprctl.dir/hw-protocols/hyprpaper_core-client.cpp.o
[75/853] Building CXX object hyprpm/CMakeFiles/hyprpm.dir/src/core/Manifest.cpp.o
[76/853] Building CXX object CMakeFiles/hyprland_lib.dir/cmake_pch.hxx.gch
[77/853] Scanning /home/oniichanx/.cache/yay/hyprland-git/src/hyprland/src/config/ConfigManager.cpp for CXX dependencies
[78/853] Scanning /home/oniichanx/.cache/yay/hyprland-git/src/hyprland/src/config/legacy/DispatcherTranslator.cpp for CXX dependencies
[79/853] Scanning /home/oniichanx/.cache/yay/hyprland-git/src/hyprland/src/Compositor.cpp for CXX dependencies
[80/853] Scanning /home/oniichanx/.cache/yay/hyprland-git/src/hyprland/src/config/ConfigValue.cpp for CXX dependencies
[81/853] Scanning /home/oniichanx/.cache/yay/hyprland-git/src/hyprland/src/config/legacy/ConfigManager.cpp for CXX dependencies
[82/853] Scanning /home/oniichanx/.cache/yay/hyprland-git/src/hyprland/src/config/lua/ConfigManager.cpp for CXX dependencies
[83/853] Building CXX object hyprpm/CMakeFiles/hyprpm.dir/src/progress/CProgressBar.cpp.o
[84/853] Scanning /home/oniichanx/.cache/yay/hyprland-git/src/hyprland/src/config/lua/LuaEventHandler.cpp for CXX dependencies
[85/853] Scanning /home/oniichanx/.cache/yay/hyprland-git/src/hyprland/src/config/lua/LuaBindings.cpp for CXX dependencies
[86/853] Scanning /home/oniichanx/.cache/yay/hyprland-git/src/hyprland/src/config/lua/bindings/LuaBindingsDispatcherUtils.cpp for CXX dependencies
[87/853] Scanning /home/oniichanx/.cache/yay/hyprland-git/src/hyprland/src/config/lua/bindings/LuaBindingsConfigRules.cpp for CXX dependencies
[88/853] Scanning /home/oniichanx/.cache/yay/hyprland-git/src/hyprland/src/config/lua/bindings/LuaBindingsNotification.cpp for CXX dependencies
[89/853] Scanning /home/oniichanx/.cache/yay/hyprland-git/src/hyprland/src/config/lua/bindings/LuaBindingsQuery.cpp for CXX dependencies
[90/853] Scanning /home/oniichanx/.cache/yay/hyprland-git/src/hyprland/src/config/lua/bindings/LuaBindingsInternal.cpp for CXX dependencies
[91/853] Building CXX object hyprpm/CMakeFiles/hyprpm.dir/src/core/HyprlandSocket.cpp.o
[92/853] Scanning /home/oniichanx/.cache/yay/hyprland-git/src/hyprland/src/config/lua/bindings/LuaBindingsToplevel.cpp for CXX dependencies
[93/853] Scanning /home/oniichanx/.cache/yay/hyprland-git/src/hyprland/src/config/lua/bindings/LuaBindingsDispatchers.cpp for CXX dependencies
[94/853] Scanning /home/oniichanx/.cache/yay/hyprland-git/src/hyprland/src/config/lua/bindings/LuaBindingsRegistration.cpp for CXX dependencies
[95/853] Scanning /home/oniichanx/.cache/yay/hyprland-git/src/hyprland/src/config/lua/layout/LuaLayoutContext.cpp for CXX dependencies
[96/853] Scanning /home/oniichanx/.cache/yay/hyprland-git/src/hyprland/src/config/lua/layout/LuaLayoutTarget.cpp for CXX dependencies
[97/853] Scanning /home/oniichanx/.cache/yay/hyprland-git/src/hyprland/src/config/lua/objects/LuaEventSubscription.cpp for CXX dependencies
[98/853] Building CXX object hyprpm/CMakeFiles/hyprpm.dir/src/main.cpp.o
[99/853] Scanning /home/oniichanx/.cache/yay/hyprland-git/src/hyprland/src/config/lua/objects/LuaGroup.cpp for CXX dependencies
[100/853] Building CXX object start/CMakeFiles/start-hyprland.dir/src/main.cpp.o
[101/853] Scanning /home/oniichanx/.cache/yay/hyprland-git/src/hyprland/src/config/lua/objects/LuaKeybind.cpp for CXX dependencies
[102/853] Scanning /home/oniichanx/.cache/yay/hyprland-git/src/hyprland/src/config/lua/objects/LuaLayerSurface.cpp for CXX dependencies
[103/853] Scanning /home/oniichanx/.cache/yay/hyprland-git/src/hyprland/src/config/lua/layout/LuaLayoutProvider.cpp for CXX dependencies
[104/853] Scanning /home/oniichanx/.cache/yay/hyprland-git/src/hyprland/src/config/lua/objects/LuaLayerRule.cpp for CXX dependencies
[105/853] Scanning /home/oniichanx/.cache/yay/hyprland-git/src/hyprland/src/config/lua/objects/LuaTimer.cpp for CXX dependencies
[106/853] Scanning /home/oniichanx/.cache/yay/hyprland-git/src/hyprland/src/config/lua/objects/LuaWindowRule.cpp for CXX dependencies
[107/853] Scanning /home/oniichanx/.cache/yay/hyprland-git/src/hyprland/src/config/lua/objects/LuaWorkspace.cpp for CXX dependencies
[108/853] Scanning /home/oniichanx/.cache/yay/hyprland-git/src/hyprland/src/config/lua/objects/LuaMonitor.cpp for CXX dependencies
[109/853] Scanning /home/oniichanx/.cache/yay/hyprland-git/src/hyprland/src/config/lua/objects/LuaWindow.cpp for CXX dependencies
[110/853] Scanning /home/oniichanx/.cache/yay/hyprland-git/src/hyprland/src/config/lua/objects/LuaNotification.cpp for CXX dependencies
[111/853] Scanning /home/oniichanx/.cache/yay/hyprland-git/src/hyprland/src/config/lua/types/LuaConfigColor.cpp for CXX dependencies
[112/853] Scanning /home/oniichanx/.cache/yay/hyprland-git/src/hyprland/src/config/lua/types/LuaConfigCssGap.cpp for CXX dependencies
[113/853] Scanning /home/oniichanx/.cache/yay/hyprland-git/src/hyprland/src/config/lua/types/LuaConfigExpressionVec2.cpp for CXX dependencies
[114/853] Scanning /home/oniichanx/.cache/yay/hyprland-git/src/hyprland/src/config/lua/types/LuaConfigBool.cpp for CXX dependencies
[115/853] Scanning /home/oniichanx/.cache/yay/hyprland-git/src/hyprland/src/config/lua/types/LuaConfigFloat.cpp for CXX dependencies
[116/853] Building CXX object hyprpm/CMakeFiles/hyprpm.dir/src/helpers/Sys.cpp.o
[117/853] Scanning /home/oniichanx/.cache/yay/hyprland-git/src/hyprland/src/config/lua/types/LuaConfigFontWeight.cpp for CXX dependencies
[118/853] Scanning /home/oniichanx/.cache/yay/hyprland-git/src/hyprland/src/config/lua/types/LuaConfigInt.cpp for CXX dependencies
[119/853] Scanning /home/oniichanx/.cache/yay/hyprland-git/src/hyprland/src/config/lua/types/LuaConfigString.cpp for CXX dependencies
[120/853] Scanning /home/oniichanx/.cache/yay/hyprland-git/src/hyprland/src/config/lua/types/LuaConfigValue.cpp for CXX dependencies
[121/853] Scanning /home/oniichanx/.cache/yay/hyprland-git/src/hyprland/src/config/lua/types/LuaConfigGradient.cpp for CXX dependencies
[122/853] Scanning /home/oniichanx/.cache/yay/hyprland-git/src/hyprland/src/config/lua/types/LuaConfigUtils.cpp for CXX dependencies
[123/853] Scanning /home/oniichanx/.cache/yay/hyprland-git/src/hyprland/src/config/lua/types/LuaConfigVec2.cpp for CXX dependencies
[124/853] Building CXX object start/CMakeFiles/start-hyprland.dir/src/core/Instance.cpp.o
[125/853] Scanning /home/oniichanx/.cache/yay/hyprland-git/src/hyprland/src/config/shared/monitor/MonitorRuleManager.cpp for CXX dependencies
[126/853] Scanning /home/oniichanx/.cache/yay/hyprland-git/src/hyprland/src/config/shared/workspace/WorkspaceRule.cpp for CXX dependencies
[127/853] Scanning /home/oniichanx/.cache/yay/hyprland-git/src/hyprland/src/config/shared/workspace/WorkspaceRuleManager.cpp for CXX dependencies
[128/853] Scanning /home/oniichanx/.cache/yay/hyprland-git/src/hyprland/src/config/shared/animation/AnimationTree.cpp for CXX dependencies
[129/853] Scanning /home/oniichanx/.cache/yay/hyprland-git/src/hyprland/src/config/shared/monitor/Parser.cpp for CXX dependencies
[130/853] Scanning /home/oniichanx/.cache/yay/hyprland-git/src/hyprland/src/config/shared/inotify/ConfigWatcher.cpp for CXX dependencies
[131/853] Scanning /home/oniichanx/.cache/yay/hyprland-git/src/hyprland/src/config/supplementary/jeremy/Jeremy.cpp for CXX dependencies
[132/853] Scanning /home/oniichanx/.cache/yay/hyprland-git/src/hyprland/src/config/supplementary/executor/Executor.cpp for CXX dependencies
[133/853] Scanning /home/oniichanx/.cache/yay/hyprland-git/src/hyprland/src/config/shared/actions/ConfigActions.cpp for CXX dependencies
[134/853] Scanning /home/oniichanx/.cache/yay/hyprland-git/src/hyprland/src/config/supplementary/propRefresher/PropRefresher.cpp for CXX dependencies
[135/853] Scanning /home/oniichanx/.cache/yay/hyprland-git/src/hyprland/src/config/values/types/BoolValue.cpp for CXX dependencies
[136/853] Scanning /home/oniichanx/.cache/yay/hyprland-git/src/hyprland/src/config/values/ConfigValues.cpp for CXX dependencies
[137/853] Building CXX object hyprctl/CMakeFiles/hyprctl.dir/src/hyprpaper/Hyprpaper.cpp.o
[138/853] Scanning /home/oniichanx/.cache/yay/hyprland-git/src/hyprland/src/config/values/types/FloatValue.cpp for CXX dependencies
[139/853] Scanning /home/oniichanx/.cache/yay/hyprland-git/src/hyprland/src/config/values/types/CssGapValue.cpp for CXX dependencies
[140/853] Scanning /home/oniichanx/.cache/yay/hyprland-git/src/hyprland/src/config/values/types/ColorValue.cpp for CXX dependencies
[141/853] Scanning /home/oniichanx/.cache/yay/hyprland-git/src/hyprland/src/config/values/types/IntValue.cpp for CXX dependencies
[142/853] Scanning /home/oniichanx/.cache/yay/hyprland-git/src/hyprland/src/config/values/types/StringValue.cpp for CXX dependencies
[143/853] Scanning /home/oniichanx/.cache/yay/hyprland-git/src/hyprland/src/config/values/types/FontWeightValue.cpp for CXX dependencies
[144/853] Scanning /home/oniichanx/.cache/yay/hyprland-git/src/hyprland/src/config/values/types/IValue.cpp for CXX dependencies
[145/853] Scanning /home/oniichanx/.cache/yay/hyprland-git/src/hyprland/src/debug/HyprCtl.cpp for CXX dependencies
[146/853] Scanning /home/oniichanx/.cache/yay/hyprland-git/src/hyprland/src/config/values/types/GradientValue.cpp for CXX dependencies
[147/853] Scanning /home/oniichanx/.cache/yay/hyprland-git/src/hyprland/src/config/values/types/Vec2Value.cpp for CXX dependencies
[148/853] Scanning /home/oniichanx/.cache/yay/hyprland-git/src/hyprland/src/debug/Overlay.cpp for CXX dependencies
[149/853] Scanning /home/oniichanx/.cache/yay/hyprland-git/src/hyprland/src/debug/crash/CrashReporter.cpp for CXX dependencies
[150/853] Scanning /home/oniichanx/.cache/yay/hyprland-git/src/hyprland/src/debug/log/Logger.cpp for CXX dependencies
[151/853] Scanning /home/oniichanx/.cache/yay/hyprland-git/src/hyprland/src/desktop/history/WindowHistoryTracker.cpp for CXX dependencies
[152/853] Scanning /home/oniichanx/.cache/yay/hyprland-git/src/hyprland/src/desktop/Workspace.cpp for CXX dependencies
[153/853] Scanning /home/oniichanx/.cache/yay/hyprland-git/src/hyprland/src/desktop/reserved/ReservedArea.cpp for CXX dependencies
[154/853] Scanning /home/oniichanx/.cache/yay/hyprland-git/src/hyprland/src/desktop/history/WorkspaceHistoryTracker.cpp for CXX dependencies
[155/853] Scanning /home/oniichanx/.cache/yay/hyprland-git/src/hyprland/src/debug/crash/SignalSafe.cpp for CXX dependencies
[156/853] Scanning /home/oniichanx/.cache/yay/hyprland-git/src/hyprland/src/desktop/rule/Rule.cpp for CXX dependencies
[157/853] Scanning /home/oniichanx/.cache/yay/hyprland-git/src/hyprland/src/desktop/rule/matchEngine/IntMatchEngine.cpp for CXX dependencies
[158/853] Scanning /home/oniichanx/.cache/yay/hyprland-git/src/hyprland/src/desktop/rule/matchEngine/MatchEngine.cpp for CXX dependencies
[159/853] Scanning /home/oniichanx/.cache/yay/hyprland-git/src/hyprland/src/desktop/rule/layerRule/LayerRule.cpp for CXX dependencies
[160/853] Scanning /home/oniichanx/.cache/yay/hyprland-git/src/hyprland/src/desktop/rule/layerRule/LayerRuleApplicator.cpp for CXX dependencies
[161/853] Scanning /home/oniichanx/.cache/yay/hyprland-git/src/hyprland/src/desktop/rule/matchEngine/TagMatchEngine.cpp for CXX dependencies
[162/853] Scanning /home/oniichanx/.cache/yay/hyprland-git/src/hyprland/src/desktop/rule/layerRule/LayerRuleEffectContainer.cpp for CXX dependencies
[163/853] Scanning /home/oniichanx/.cache/yay/hyprland-git/src/hyprland/src/desktop/rule/matchEngine/WorkspaceMatchEngine.cpp for CXX dependencies
[164/853] Scanning /home/oniichanx/.cache/yay/hyprland-git/src/hyprland/src/desktop/rule/Engine.cpp for CXX dependencies
[165/853] Scanning /home/oniichanx/.cache/yay/hyprland-git/src/hyprland/src/desktop/rule/windowRule/WindowRule.cpp for CXX dependencies
[166/853] Scanning /home/oniichanx/.cache/yay/hyprland-git/src/hyprland/src/desktop/rule/windowRule/WindowRuleApplicator.cpp for CXX dependencies
[167/853] Scanning /home/oniichanx/.cache/yay/hyprland-git/src/hyprland/src/desktop/rule/matchEngine/BoolMatchEngine.cpp for CXX dependencies
[168/853] Scanning /home/oniichanx/.cache/yay/hyprland-git/src/hyprland/src/desktop/rule/matchEngine/RegexMatchEngine.cpp for CXX dependencies
[169/853] Scanning /home/oniichanx/.cache/yay/hyprland-git/src/hyprland/src/desktop/rule/windowRule/WindowRuleEffectContainer.cpp for CXX dependencies
[170/853] Scanning /home/oniichanx/.cache/yay/hyprland-git/src/hyprland/src/desktop/state/FloatState.cpp for CXX dependencies
[171/853] Scanning /home/oniichanx/.cache/yay/hyprland-git/src/hyprland/src/desktop/state/FocusState.cpp for CXX dependencies
[172/853] Scanning /home/oniichanx/.cache/yay/hyprland-git/src/hyprland/src/desktop/view/View.cpp for CXX dependencies
[173/853] Scanning /home/oniichanx/.cache/yay/hyprland-git/src/hyprland/src/devices/IHID.cpp for CXX dependencies
[174/853] Scanning /home/oniichanx/.cache/yay/hyprland-git/src/hyprland/src/desktop/view/Group.cpp for CXX dependencies
[175/853] Scanning /home/oniichanx/.cache/yay/hyprland-git/src/hyprland/src/desktop/view/WLSurface.cpp for CXX dependencies
[176/853] Scanning /home/oniichanx/.cache/yay/hyprland-git/src/hyprland/src/desktop/view/Subsurface.cpp for CXX dependencies
[177/853] Scanning /home/oniichanx/.cache/yay/hyprland-git/src/hyprland/src/desktop/view/GlobalViewMethods.cpp for CXX dependencies
[178/853] Scanning /home/oniichanx/.cache/yay/hyprland-git/src/hyprland/src/desktop/view/SessionLock.cpp for CXX dependencies
[179/853] Scanning /home/oniichanx/.cache/yay/hyprland-git/src/hyprland/src/desktop/view/Popup.cpp for CXX dependencies
[180/853] Scanning /home/oniichanx/.cache/yay/hyprland-git/src/hyprland/src/devices/IKeyboard.cpp for CXX dependencies
[181/853] Scanning /home/oniichanx/.cache/yay/hyprland-git/src/hyprland/src/devices/IPointer.cpp for CXX dependencies
[182/853] Scanning /home/oniichanx/.cache/yay/hyprland-git/src/hyprland/src/desktop/view/LayerSurface.cpp for CXX dependencies
[183/853] Scanning /home/oniichanx/.cache/yay/hyprland-git/src/hyprland/src/desktop/view/Window.cpp for CXX dependencies
[184/853] Scanning /home/oniichanx/.cache/yay/hyprland-git/src/hyprland/src/devices/ITouch.cpp for CXX dependencies
[185/853] Scanning /home/oniichanx/.cache/yay/hyprland-git/src/hyprland/src/devices/TouchDevice.cpp for CXX dependencies
[186/853] Scanning /home/oniichanx/.cache/yay/hyprland-git/src/hyprland/src/devices/VirtualKeyboard.cpp for CXX dependencies
[187/853] Building CXX object hyprpm/CMakeFiles/hyprpm.dir/src/core/DataState.cpp.o
[188/853] Scanning /home/oniichanx/.cache/yay/hyprland-git/src/hyprland/src/devices/Mouse.cpp for CXX dependencies
[189/853] Scanning /home/oniichanx/.cache/yay/hyprland-git/src/hyprland/src/devices/VirtualPointer.cpp for CXX dependencies
[190/853] Scanning /home/oniichanx/.cache/yay/hyprland-git/src/hyprland/src/helpers/AsyncDialogBox.cpp for CXX dependencies
[191/853] Scanning /home/oniichanx/.cache/yay/hyprland-git/src/hyprland/src/errorOverlay/Overlay.cpp for CXX dependencies
[192/853] Building CXX object hyprctl/CMakeFiles/hyprctl.dir/src/main.cpp.o
[193/853] Scanning /home/oniichanx/.cache/yay/hyprland-git/src/hyprland/src/helpers/Color.cpp for CXX dependencies
[194/853] Scanning /home/oniichanx/.cache/yay/hyprland-git/src/hyprland/src/helpers/CMType.cpp for CXX dependencies
[195/853] Scanning /home/oniichanx/.cache/yay/hyprland-git/src/hyprland/src/helpers/DamageRing.cpp for CXX dependencies
[196/853] Scanning /home/oniichanx/.cache/yay/hyprland-git/src/hyprland/src/helpers/Drm.cpp for CXX dependencies
[197/853] Scanning /home/oniichanx/.cache/yay/hyprland-git/src/hyprland/src/devices/Keyboard.cpp for CXX dependencies
[198/853] Scanning /home/oniichanx/.cache/yay/hyprland-git/src/hyprland/src/devices/Tablet.cpp for CXX dependencies
[199/853] Scanning /home/oniichanx/.cache/yay/hyprland-git/src/hyprland/src/helpers/MainLoopExecutor.cpp for CXX dependencies
[200/853] Scanning /home/oniichanx/.cache/yay/hyprland-git/src/hyprland/src/helpers/Format.cpp for CXX dependencies
[201/853] Scanning /home/oniichanx/.cache/yay/hyprland-git/src/hyprland/src/helpers/MiscFunctions.cpp for CXX dependencies
[202/853] Scanning /home/oniichanx/.cache/yay/hyprland-git/src/hyprland/src/event/EventBus.cpp for CXX dependencies
[203/853] Scanning /home/oniichanx/.cache/yay/hyprland-git/src/hyprland/src/helpers/MonitorFrameScheduler.cpp for CXX dependencies
[204/853] Scanning /home/oniichanx/.cache/yay/hyprland-git/src/hyprland/src/helpers/TagKeeper.cpp for CXX dependencies
[205/853] Scanning /home/oniichanx/.cache/yay/hyprland-git/src/hyprland/src/helpers/Monitor.cpp for CXX dependencies
[206/853] Scanning /home/oniichanx/.cache/yay/hyprland-git/src/hyprland/src/helpers/MonitorResources.cpp for CXX dependencies
[207/853] Scanning /home/oniichanx/.cache/yay/hyprland-git/src/hyprland/src/helpers/TransferFunction.cpp for CXX dependencies
[208/853] Scanning /home/oniichanx/.cache/yay/hyprland-git/src/hyprland/src/helpers/MonitorZoomController.cpp for CXX dependencies
[209/853] Scanning /home/oniichanx/.cache/yay/hyprland-git/src/hyprland/src/helpers/SdDaemon.cpp for CXX dependencies
[210/853] Scanning /home/oniichanx/.cache/yay/hyprland-git/src/hyprland/src/helpers/cm/ColorManagement.cpp for CXX dependencies
[211/853] Scanning /home/oniichanx/.cache/yay/hyprland-git/src/hyprland/src/helpers/env/Env.cpp for CXX dependencies
[212/853] Scanning /home/oniichanx/.cache/yay/hyprland-git/src/hyprland/src/helpers/fs/FsUtils.cpp for CXX dependencies
[213/853] Scanning /home/oniichanx/.cache/yay/hyprland-git/src/hyprland/src/helpers/math/Direction.cpp for CXX dependencies
[214/853] Scanning /home/oniichanx/.cache/yay/hyprland-git/src/hyprland/src/helpers/SystemInfo.cpp for CXX dependencies
[215/853] Scanning /home/oniichanx/.cache/yay/hyprland-git/src/hyprland/src/helpers/math/Expression.cpp for CXX dependencies
[216/853] Scanning /home/oniichanx/.cache/yay/hyprland-git/src/hyprland/src/helpers/WLClasses.cpp for CXX dependencies
[217/853] Scanning /home/oniichanx/.cache/yay/hyprland-git/src/hyprland/src/helpers/time/Time.cpp for CXX dependencies
[218/853] Scanning /home/oniichanx/.cache/yay/hyprland-git/src/hyprland/src/helpers/math/Math.cpp for CXX dependencies
[219/853] Scanning /home/oniichanx/.cache/yay/hyprland-git/src/hyprland/src/helpers/time/Timer.cpp for CXX dependencies
[220/853] Scanning /home/oniichanx/.cache/yay/hyprland-git/src/hyprland/src/helpers/sync/SyncTimeline.cpp for CXX dependencies
[221/853] Scanning /home/oniichanx/.cache/yay/hyprland-git/src/hyprland/src/helpers/sync/SyncReleaser.cpp for CXX dependencies
[222/853] Scanning /home/oniichanx/.cache/yay/hyprland-git/src/hyprland/src/helpers/cm/ICC.cpp for CXX dependencies
[223/853] Scanning /home/oniichanx/.cache/yay/hyprland-git/src/hyprland/src/i18n/Engine.cpp for CXX dependencies
[224/853] Scanning /home/oniichanx/.cache/yay/hyprland-git/src/hyprland/src/init/initHelpers.cpp for CXX dependencies
[225/853] Scanning /home/oniichanx/.cache/yay/hyprland-git/src/hyprland/src/layout/algorithm/FloatingAlgorithm.cpp for CXX dependencies
[226/853] Scanning /home/oniichanx/.cache/yay/hyprland-git/src/hyprland/src/layout/LayoutManager.cpp for CXX dependencies
[227/853] Scanning /home/oniichanx/.cache/yay/hyprland-git/src/hyprland/src/layout/algorithm/tiled/dwindle/DwindleAlgorithm.cpp for CXX dependencies
[228/853] Scanning /home/oniichanx/.cache/yay/hyprland-git/src/hyprland/src/layout/algorithm/floating/default/DefaultFloatingAlgorithm.cpp for CXX dependencies
[229/853] Scanning /home/oniichanx/.cache/yay/hyprland-git/src/hyprland/src/layout/algorithm/ModeAlgorithm.cpp for CXX dependencies
[230/853] Scanning /home/oniichanx/.cache/yay/hyprland-git/src/hyprland/src/layout/algorithm/tiled/monocle/MonocleAlgorithm.cpp for CXX dependencies
[231/853] Scanning /home/oniichanx/.cache/yay/hyprland-git/src/hyprland/src/layout/algorithm/tiled/scrolling/ScrollTapeController.cpp for CXX dependencies
[232/853] Scanning /home/oniichanx/.cache/yay/hyprland-git/src/hyprland/src/layout/algorithm/Algorithm.cpp for CXX dependencies
[233/853] Scanning /home/oniichanx/.cache/yay/hyprland-git/src/hyprland/src/layout/algorithm/tiled/scrolling/ScrollingAlgorithm.cpp for CXX dependencies
[234/853] Scanning /home/oniichanx/.cache/yay/hyprland-git/src/hyprland/src/layout/supplementary/DragController.cpp for CXX dependencies
[235/853] Scanning /home/oniichanx/.cache/yay/hyprland-git/src/hyprland/src/layout/target/Target.cpp for CXX dependencies
[236/853] Scanning /home/oniichanx/.cache/yay/hyprland-git/src/hyprland/src/layout/algorithm/tiled/master/MasterAlgorithm.cpp for CXX dependencies
[237/853] Scanning /home/oniichanx/.cache/yay/hyprland-git/src/hyprland/src/layout/supplementary/WorkspaceAlgoMatcher.cpp for CXX dependencies
[238/853] Scanning /home/oniichanx/.cache/yay/hyprland-git/src/hyprland/src/layout/target/WindowGroupTarget.cpp for CXX dependencies
[239/853] Scanning /home/oniichanx/.cache/yay/hyprland-git/src/hyprland/src/layout/target/WindowTarget.cpp for CXX dependencies
[240/853] Scanning /home/oniichanx/.cache/yay/hyprland-git/src/hyprland/src/managers/ANRManager.cpp for CXX dependencies
[241/853] Scanning /home/oniichanx/.cache/yay/hyprland-git/src/hyprland/src/managers/CursorManager.cpp for CXX dependencies
[242/853] Scanning /home/oniichanx/.cache/yay/hyprland-git/src/hyprland/src/managers/KeybindManager.cpp for CXX dependencies
[243/853] Scanning /home/oniichanx/.cache/yay/hyprland-git/src/hyprland/src/managers/EventManager.cpp for CXX dependencies
[244/853] Scanning /home/oniichanx/.cache/yay/hyprland-git/src/hyprland/src/managers/PointerManager.cpp for CXX dependencies
[245/853] Scanning /home/oniichanx/.cache/yay/hyprland-git/src/hyprland/src/layout/space/Space.cpp for CXX dependencies
[246/853] Scanning /home/oniichanx/.cache/yay/hyprland-git/src/hyprland/src/managers/TokenManager.cpp for CXX dependencies
[247/853] Scanning /home/oniichanx/.cache/yay/hyprland-git/src/hyprland/src/managers/SeatManager.cpp for CXX dependencies
[248/853] Scanning /home/oniichanx/.cache/yay/hyprland-git/src/hyprland/src/managers/SessionLockManager.cpp for CXX dependencies
[249/853] Scanning /home/oniichanx/.cache/yay/hyprland-git/src/hyprland/src/managers/DonationNagManager.cpp for CXX dependencies
[250/853] Scanning /home/oniichanx/.cache/yay/hyprland-git/src/hyprland/src/managers/VersionKeeperManager.cpp for CXX dependencies
[251/853] Building CXX object start/CMakeFiles/start-hyprland.dir/src/helpers/Nix.cpp.o
[252/853] Scanning /home/oniichanx/.cache/yay/hyprland-git/src/hyprland/src/managers/WelcomeManager.cpp for CXX dependencies
[253/853] Scanning /home/oniichanx/.cache/yay/hyprland-git/src/hyprland/src/managers/eventLoop/EventLoopTimer.cpp for CXX dependencies
[254/853] Scanning /home/oniichanx/.cache/yay/hyprland-git/src/hyprland/src/managers/animation/AnimationManager.cpp for CXX dependencies
[255/853] Building CXX object CMakeFiles/Hyprland.dir/src/main.cpp.o
[256/853] Scanning /home/oniichanx/.cache/yay/hyprland-git/src/hyprland/src/managers/XWaylandManager.cpp for CXX dependencies
[257/853] Scanning /home/oniichanx/.cache/yay/hyprland-git/src/hyprland/src/managers/animation/DesktopAnimationManager.cpp for CXX dependencies
[258/853] Scanning /home/oniichanx/.cache/yay/hyprland-git/src/hyprland/src/managers/ProtocolManager.cpp for CXX dependencies
[259/853] Scanning /home/oniichanx/.cache/yay/hyprland-git/src/hyprland/src/managers/XCursorManager.cpp for CXX dependencies
[260/853] Scanning /home/oniichanx/.cache/yay/hyprland-git/src/hyprland/src/managers/input/IdleInhibitor.cpp for CXX dependencies
[261/853] Scanning /home/oniichanx/.cache/yay/hyprland-git/src/hyprland/src/managers/input/InputManager.cpp for CXX dependencies
[262/853] Scanning /home/oniichanx/.cache/yay/hyprland-git/src/hyprland/src/managers/eventLoop/EventLoopManager.cpp for CXX dependencies
[263/853] Scanning /home/oniichanx/.cache/yay/hyprland-git/src/hyprland/src/managers/input/InputMethodPopup.cpp for CXX dependencies
[264/853] Scanning /home/oniichanx/.cache/yay/hyprland-git/src/hyprland/src/managers/input/InputMethodRelay.cpp for CXX dependencies
[265/853] Scanning /home/oniichanx/.cache/yay/hyprland-git/src/hyprland/src/managers/input/TextInput.cpp for CXX dependencies
[266/853] Scanning /home/oniichanx/.cache/yay/hyprland-git/src/hyprland/src/managers/input/Tablets.cpp for CXX dependencies
[267/853] Scanning /home/oniichanx/.cache/yay/hyprland-git/src/hyprland/src/managers/cursor/CursorShapeOverrideController.cpp for CXX dependencies
[268/853] Scanning /home/oniichanx/.cache/yay/hyprland-git/src/hyprland/src/managers/input/Touch.cpp for CXX dependencies
[269/853] Scanning /home/oniichanx/.cache/yay/hyprland-git/src/hyprland/src/managers/input/trackpad/TrackpadGestures.cpp for CXX dependencies
[270/853] Scanning /home/oniichanx/.cache/yay/hyprland-git/src/hyprland/src/managers/input/UnifiedWorkspaceSwipeGesture.cpp for CXX dependencies
[271/853] Scanning /home/oniichanx/.cache/yay/hyprland-git/src/hyprland/src/managers/input/trackpad/gestures/ITrackpadGesture.cpp for CXX dependencies
[272/853] Scanning /home/oniichanx/.cache/yay/hyprland-git/src/hyprland/src/managers/input/trackpad/gestures/FloatGesture.cpp for CXX dependencies
[273/853] Scanning /home/oniichanx/.cache/yay/hyprland-git/src/hyprland/src/managers/input/trackpad/gestures/LuaFunctionGesture.cpp for CXX dependencies
[274/853] Scanning /home/oniichanx/.cache/yay/hyprland-git/src/hyprland/src/managers/input/trackpad/gestures/DispatcherGesture.cpp for CXX dependencies
[275/853] Scanning /home/oniichanx/.cache/yay/hyprland-git/src/hyprland/src/managers/input/trackpad/gestures/MoveGesture.cpp for CXX dependencies
[276/853] Scanning /home/oniichanx/.cache/yay/hyprland-git/src/hyprland/src/managers/input/trackpad/gestures/SpecialWorkspaceGesture.cpp for CXX dependencies
[277/853] Scanning /home/oniichanx/.cache/yay/hyprland-git/src/hyprland/src/managers/input/trackpad/gestures/CursorZoomGesture.cpp for CXX dependencies
[278/853] Scanning /home/oniichanx/.cache/yay/hyprland-git/src/hyprland/src/managers/input/trackpad/gestures/WorkspaceSwipeGesture.cpp for CXX dependencies
[279/853] Scanning /home/oniichanx/.cache/yay/hyprland-git/src/hyprland/src/managers/input/trackpad/gestures/ResizeGesture.cpp for CXX dependencies
[280/853] Scanning /home/oniichanx/.cache/yay/hyprland-git/src/hyprland/src/managers/permissions/DynamicPermissionManager.cpp for CXX dependencies
[281/853] Scanning /home/oniichanx/.cache/yay/hyprland-git/src/hyprland/src/managers/input/trackpad/gestures/CloseGesture.cpp for CXX dependencies
[282/853] Scanning /home/oniichanx/.cache/yay/hyprland-git/src/hyprland/src/managers/screenshare/CursorshareSession.cpp for CXX dependencies
[283/853] Scanning /home/oniichanx/.cache/yay/hyprland-git/src/hyprland/src/managers/screenshare/ScreenshareManager.cpp for CXX dependencies
[284/853] Scanning /home/oniichanx/.cache/yay/hyprland-git/src/hyprland/src/managers/input/trackpad/gestures/FullscreenGesture.cpp for CXX dependencies
[285/853] Scanning /home/oniichanx/.cache/yay/hyprland-git/src/hyprland/src/managers/screenshare/ScreenshareFrame.cpp for CXX dependencies
[286/853] Scanning /home/oniichanx/.cache/yay/hyprland-git/src/hyprland/src/managers/screenshare/ScreenshareSession.cpp for CXX dependencies
[287/853] Scanning /home/oniichanx/.cache/yay/hyprland-git/src/hyprland/src/notification/Notification.cpp for CXX dependencies
[288/853] Scanning /home/oniichanx/.cache/yay/hyprland-git/src/hyprland/src/plugins/HookSystem.cpp for CXX dependencies
[289/853] Scanning /home/oniichanx/.cache/yay/hyprland-git/src/hyprland/src/notification/NotificationOverlay.cpp for CXX dependencies
[290/853] Scanning /home/oniichanx/.cache/yay/hyprland-git/src/hyprland/src/protocols/CTMControl.cpp for CXX dependencies
[291/853] Scanning /home/oniichanx/.cache/yay/hyprland-git/src/hyprland/src/protocols/CommitTiming.cpp for CXX dependencies
[292/853] Scanning /home/oniichanx/.cache/yay/hyprland-git/src/hyprland/src/protocols/ContentType.cpp for CXX dependencies
[293/853] Scanning /home/oniichanx/.cache/yay/hyprland-git/src/hyprland/src/protocols/DRMLease.cpp for CXX dependencies
[294/853] Scanning /home/oniichanx/.cache/yay/hyprland-git/src/hyprland/src/plugins/PluginSystem.cpp for CXX dependencies
[295/853] Scanning /home/oniichanx/.cache/yay/hyprland-git/src/hyprland/src/protocols/ColorManagement.cpp for CXX dependencies
[296/853] Scanning /home/oniichanx/.cache/yay/hyprland-git/src/hyprland/src/protocols/DataDeviceWlr.cpp for CXX dependencies
[297/853] Scanning /home/oniichanx/.cache/yay/hyprland-git/src/hyprland/src/protocols/AlphaModifier.cpp for CXX dependencies
[298/853] Scanning /home/oniichanx/.cache/yay/hyprland-git/src/hyprland/src/protocols/CursorShape.cpp for CXX dependencies
[299/853] Scanning /home/oniichanx/.cache/yay/hyprland-git/src/hyprland/src/protocols/ExtDataDevice.cpp for CXX dependencies
[300/853] Scanning /home/oniichanx/.cache/yay/hyprland-git/src/hyprland/src/protocols/DRMSyncobj.cpp for CXX dependencies
[301/853] Scanning /home/oniichanx/.cache/yay/hyprland-git/src/hyprland/src/protocols/FocusGrab.cpp for CXX dependencies
[302/853] Scanning /home/oniichanx/.cache/yay/hyprland-git/src/hyprland/src/protocols/ForeignToplevel.cpp for CXX dependencies
[303/853] Scanning /home/oniichanx/.cache/yay/hyprland-git/src/hyprland/src/plugins/PluginAPI.cpp for CXX dependencies
[304/853] Scanning /home/oniichanx/.cache/yay/hyprland-git/src/hyprland/src/protocols/Fifo.cpp for CXX dependencies
[305/853] Scanning /home/oniichanx/.cache/yay/hyprland-git/src/hyprland/src/protocols/FractionalScale.cpp for CXX dependencies
[306/853] Scanning /home/oniichanx/.cache/yay/hyprland-git/src/hyprland/src/protocols/ForeignToplevelWlr.cpp for CXX dependencies
[307/853] Scanning /home/oniichanx/.cache/yay/hyprland-git/src/hyprland/src/protocols/GammaControl.cpp for CXX dependencies
[308/853] Scanning /home/oniichanx/.cache/yay/hyprland-git/src/hyprland/src/protocols/GlobalShortcuts.cpp for CXX dependencies
[309/853] Scanning /home/oniichanx/.cache/yay/hyprland-git/src/hyprland/src/protocols/ImageCaptureSource.cpp for CXX dependencies
[310/853] Scanning /home/oniichanx/.cache/yay/hyprland-git/src/hyprland/src/protocols/HyprlandSurface.cpp for CXX dependencies
[311/853] Scanning /home/oniichanx/.cache/yay/hyprland-git/src/hyprland/src/protocols/ExtWorkspace.cpp for CXX dependencies
[312/853] Scanning /home/oniichanx/.cache/yay/hyprland-git/src/hyprland/src/protocols/InputMethodV2.cpp for CXX dependencies
[313/853] Scanning /home/oniichanx/.cache/yay/hyprland-git/src/hyprland/src/protocols/ImageCopyCapture.cpp for CXX dependencies
[314/853] Scanning /home/oniichanx/.cache/yay/hyprland-git/src/hyprland/src/protocols/IdleInhibit.cpp for CXX dependencies
[315/853] Scanning /home/oniichanx/.cache/yay/hyprland-git/src/hyprland/src/protocols/LockNotify.cpp for CXX dependencies
[316/853] Scanning /home/oniichanx/.cache/yay/hyprland-git/src/hyprland/src/protocols/LinuxDMABUF.cpp for CXX dependencies
[317/853] Scanning /home/oniichanx/.cache/yay/hyprland-git/src/hyprland/src/protocols/LayerShell.cpp for CXX dependencies
[318/853] Scanning /home/oniichanx/.cache/yay/hyprland-git/src/hyprland/src/protocols/MesaDRM.cpp for CXX dependencies
[319/853] Scanning /home/oniichanx/.cache/yay/hyprland-git/src/hyprland/src/protocols/OutputPower.cpp for CXX dependencies
[320/853] Scanning /home/oniichanx/.cache/yay/hyprland-git/src/hyprland/src/protocols/IdleNotify.cpp for CXX dependencies
[321/853] Scanning /home/oniichanx/.cache/yay/hyprland-git/src/hyprland/src/protocols/PointerGestures.cpp for CXX dependencies
[322/853] Scanning /home/oniichanx/.cache/yay/hyprland-git/src/hyprland/src/protocols/PointerConstraints.cpp for CXX dependencies
[323/853] Scanning /home/oniichanx/.cache/yay/hyprland-git/src/hyprland/src/protocols/PresentationTime.cpp for CXX dependencies
[324/853] Scanning /home/oniichanx/.cache/yay/hyprland-git/src/hyprland/src/protocols/SecurityContext.cpp for CXX dependencies
[325/853] Scanning /home/oniichanx/.cache/yay/hyprland-git/src/hyprland/src/protocols/OutputManagement.cpp for CXX dependencies
[326/853] Scanning /home/oniichanx/.cache/yay/hyprland-git/src/hyprland/src/protocols/ServerDecorationKDE.cpp for CXX dependencies
[327/853] Scanning /home/oniichanx/.cache/yay/hyprland-git/src/hyprland/src/protocols/PrimarySelection.cpp for CXX dependencies
[328/853] Scanning /home/oniichanx/.cache/yay/hyprland-git/src/hyprland/src/protocols/PointerWarp.cpp for CXX dependencies
[329/853] Scanning /home/oniichanx/.cache/yay/hyprland-git/src/hyprland/src/protocols/Screencopy.cpp for CXX dependencies
[330/853] Scanning /home/oniichanx/.cache/yay/hyprland-git/src/hyprland/src/protocols/SessionLock.cpp for CXX dependencies
[331/853] Scanning /home/oniichanx/.cache/yay/hyprland-git/src/hyprland/src/protocols/ShortcutsInhibit.cpp for CXX dependencies
[332/853] Scanning /home/oniichanx/.cache/yay/hyprland-git/src/hyprland/src/protocols/SinglePixel.cpp for CXX dependencies
[333/853] Scanning /home/oniichanx/.cache/yay/hyprland-git/src/hyprland/src/protocols/Tablet.cpp for CXX dependencies
[334/853] Scanning /home/oniichanx/.cache/yay/hyprland-git/src/hyprland/src/protocols/TextInputV1.cpp for CXX dependencies
[335/853] Scanning /home/oniichanx/.cache/yay/hyprland-git/src/hyprland/src/protocols/TearingControl.cpp for CXX dependencies
[336/853] Scanning /home/oniichanx/.cache/yay/hyprland-git/src/hyprland/src/protocols/RelativePointer.cpp for CXX dependencies
[337/853] Scanning /home/oniichanx/.cache/yay/hyprland-git/src/hyprland/src/protocols/ToplevelMapping.cpp for CXX dependencies
[338/853] Scanning /home/oniichanx/.cache/yay/hyprland-git/src/hyprland/src/protocols/ToplevelExport.cpp for CXX dependencies
[339/853] Scanning /home/oniichanx/.cache/yay/hyprland-git/src/hyprland/src/protocols/Viewporter.cpp for CXX dependencies
[340/853] Scanning /home/oniichanx/.cache/yay/hyprland-git/src/hyprland/src/protocols/VirtualKeyboard.cpp for CXX dependencies
[341/853] Scanning /home/oniichanx/.cache/yay/hyprland-git/src/hyprland/src/protocols/VirtualPointer.cpp for CXX dependencies
[342/853] Scanning /home/oniichanx/.cache/yay/hyprland-git/src/hyprland/src/protocols/WaylandProtocol.cpp for CXX dependencies
[343/853] Scanning /home/oniichanx/.cache/yay/hyprland-git/src/hyprland/src/protocols/XDGActivation.cpp for CXX dependencies
[344/853] Scanning /home/oniichanx/.cache/yay/hyprland-git/src/hyprland/src/protocols/XDGDialog.cpp for CXX dependencies
[345/853] Scanning /home/oniichanx/.cache/yay/hyprland-git/src/hyprland/src/protocols/XDGDecoration.cpp for CXX dependencies
[346/853] Scanning /home/oniichanx/.cache/yay/hyprland-git/src/hyprland/src/protocols/TextInputV3.cpp for CXX dependencies
[347/853] Scanning /home/oniichanx/.cache/yay/hyprland-git/src/hyprland/src/protocols/XDGForeignV2.cpp for CXX dependencies
[348/853] Scanning /home/oniichanx/.cache/yay/hyprland-git/src/hyprland/src/protocols/XDGOutput.cpp for CXX dependencies
[349/853] Scanning /home/oniichanx/.cache/yay/hyprland-git/src/hyprland/src/protocols/XDGShell.cpp for CXX dependencies
[350/853] Scanning /home/oniichanx/.cache/yay/hyprland-git/src/hyprland/src/protocols/XDGBell.cpp for CXX dependencies
[351/853] Scanning /home/oniichanx/.cache/yay/hyprland-git/src/hyprland/src/protocols/XDGTag.cpp for CXX dependencies
[352/853] Scanning /home/oniichanx/.cache/yay/hyprland-git/src/hyprland/src/protocols/core/Output.cpp for CXX dependencies
[353/853] Scanning /home/oniichanx/.cache/yay/hyprland-git/src/hyprland/src/protocols/core/Compositor.cpp for CXX dependencies
[354/853] Scanning /home/oniichanx/.cache/yay/hyprland-git/src/hyprland/src/protocols/core/DataDevice.cpp for CXX dependencies
[355/853] Scanning /home/oniichanx/.cache/yay/hyprland-git/src/hyprland/src/protocols/core/Seat.cpp for CXX dependencies
[356/853] Scanning /home/oniichanx/.cache/yay/hyprland-git/src/hyprland/src/protocols/core/Shm.cpp for CXX dependencies
[357/853] Scanning /home/oniichanx/.cache/yay/hyprland-git/src/hyprland/src/protocols/core/Subcompositor.cpp for CXX dependencies
[358/853] Scanning /home/oniichanx/.cache/yay/hyprland-git/src/hyprland/src/protocols/types/ContentType.cpp for CXX dependencies
[359/853] Scanning /home/oniichanx/.cache/yay/hyprland-git/src/hyprland/src/protocols/types/Buffer.cpp for CXX dependencies
[360/853] Scanning /home/oniichanx/.cache/yay/hyprland-git/src/hyprland/src/protocols/XWaylandShell.cpp for CXX dependencies
[361/853] Scanning /home/oniichanx/.cache/yay/hyprland-git/src/hyprland/src/protocols/types/DataDevice.cpp for CXX dependencies
[362/853] Scanning /home/oniichanx/.cache/yay/hyprland-git/src/hyprland/src/protocols/types/DMABuffer.cpp for CXX dependencies
[363/853] Scanning /home/oniichanx/.cache/yay/hyprland-git/src/hyprland/src/protocols/types/SurfaceState.cpp for CXX dependencies
[364/853] Scanning /home/oniichanx/.cache/yay/hyprland-git/src/hyprland/src/protocols/types/SurfaceStateQueue.cpp for CXX dependencies
[365/853] Scanning /home/oniichanx/.cache/yay/hyprland-git/src/hyprland/src/render/GLRenderer.cpp for CXX dependencies
[366/853] Scanning /home/oniichanx/.cache/yay/hyprland-git/src/hyprland/src/render/Renderbuffer.cpp for CXX dependencies
[367/853] Scanning /home/oniichanx/.cache/yay/hyprland-git/src/hyprland/src/render/ElementRenderer.cpp for CXX dependencies
[368/853] Scanning /home/oniichanx/.cache/yay/hyprland-git/src/hyprland/src/render/SyncFDManager.cpp for CXX dependencies
[369/853] Scanning /home/oniichanx/.cache/yay/hyprland-git/src/hyprland/src/protocols/types/WLBuffer.cpp for CXX dependencies
[370/853] Scanning /home/oniichanx/.cache/yay/hyprland-git/src/hyprland/src/render/Texture.cpp for CXX dependencies
[371/853] Scanning /home/oniichanx/.cache/yay/hyprland-git/src/hyprland/src/render/OpenGL.cpp for CXX dependencies
[372/853] Scanning /home/oniichanx/.cache/yay/hyprland-git/src/hyprland/src/render/Shader.cpp for CXX dependencies
[373/853] Scanning /home/oniichanx/.cache/yay/hyprland-git/src/hyprland/src/render/ShaderLoader.cpp for CXX dependencies
[374/853] Scanning /home/oniichanx/.cache/yay/hyprland-git/src/hyprland/src/render/Framebuffer.cpp for CXX dependencies
[375/853] Scanning /home/oniichanx/.cache/yay/hyprland-git/src/hyprland/src/render/Renderer.cpp for CXX dependencies
[376/853] Scanning /home/oniichanx/.cache/yay/hyprland-git/src/hyprland/src/render/Transformer.cpp for CXX dependencies
[377/853] Scanning /home/oniichanx/.cache/yay/hyprland-git/src/hyprland/src/render/decorations/CHyprBorderDecoration.cpp for CXX dependencies
[378/853] Scanning /home/oniichanx/.cache/yay/hyprland-git/src/hyprland/src/render/decorations/CHyprDropShadowDecoration.cpp for CXX dependencies
[379/853] Scanning /home/oniichanx/.cache/yay/hyprland-git/src/hyprland/src/render/decorations/CHyprInnerGlowDecoration.cpp for CXX dependencies
[380/853] Scanning /home/oniichanx/.cache/yay/hyprland-git/src/hyprland/src/render/gl/GLElementRenderer.cpp for CXX dependencies
[381/853] Scanning /home/oniichanx/.cache/yay/hyprland-git/src/hyprland/src/render/gl/GLFramebuffer.cpp for CXX dependencies
[382/853] Scanning /home/oniichanx/.cache/yay/hyprland-git/src/hyprland/src/render/pass/ClearPassElement.cpp for CXX dependencies
[383/853] Scanning /home/oniichanx/.cache/yay/hyprland-git/src/hyprland/src/render/gl/GLTexture.cpp for CXX dependencies
[384/853] Scanning /home/oniichanx/.cache/yay/hyprland-git/src/hyprland/src/render/decorations/IHyprWindowDecoration.cpp for CXX dependencies
[385/853] Scanning /home/oniichanx/.cache/yay/hyprland-git/src/hyprland/src/render/pass/InnerGlowPassElement.cpp for CXX dependencies
[386/853] Scanning /home/oniichanx/.cache/yay/hyprland-git/src/hyprland/src/render/decorations/DecorationPositioner.cpp for CXX dependencies
[387/853] Scanning /home/oniichanx/.cache/yay/hyprland-git/src/hyprland/src/render/pass/PassElement.cpp for CXX dependencies
[388/853] Scanning /home/oniichanx/.cache/yay/hyprland-git/src/hyprland/src/render/pass/PreBlurElement.cpp for CXX dependencies
[389/853] Scanning /home/oniichanx/.cache/yay/hyprland-git/src/hyprland/src/render/pass/Pass.cpp for CXX dependencies
[390/853] Scanning /home/oniichanx/.cache/yay/hyprland-git/src/hyprland/src/render/pass/RectPassElement.cpp for CXX dependencies
[391/853] Scanning /home/oniichanx/.cache/yay/hyprland-git/src/hyprland/src/render/pass/BorderPassElement.cpp for CXX dependencies
[392/853] Scanning /home/oniichanx/.cache/yay/hyprland-git/src/hyprland/src/render/gl/GLRenderbuffer.cpp for CXX dependencies
[393/853] Scanning /home/oniichanx/.cache/yay/hyprland-git/src/hyprland/src/render/decorations/CHyprGroupBarDecoration.cpp for CXX dependencies
[394/853] Scanning /home/oniichanx/.cache/yay/hyprland-git/src/hyprland/src/render/pass/FramebufferElement.cpp for CXX dependencies
[395/853] Scanning /home/oniichanx/.cache/yay/hyprland-git/src/hyprland/src/render/pass/ShadowPassElement.cpp for CXX dependencies
[396/853] Scanning /home/oniichanx/.cache/yay/hyprland-git/src/hyprland/src/render/pass/RendererHintsPassElement.cpp for CXX dependencies
[397/853] Scanning /home/oniichanx/.cache/yay/hyprland-git/src/hyprland/src/render/pass/TexPassElement.cpp for CXX dependencies
[398/853] Scanning /home/oniichanx/.cache/yay/hyprland-git/src/hyprland/src/render/pass/SurfacePassElement.cpp for CXX dependencies
[399/853] Scanning /home/oniichanx/.cache/yay/hyprland-git/src/hyprland/src/xwayland/XDataSource.cpp for CXX dependencies
[400/853] Scanning /home/oniichanx/.cache/yay/hyprland-git/src/hyprland/protocols/hyprland-global-shortcuts-v1.cpp for CXX dependencies
[401/853] Scanning /home/oniichanx/.cache/yay/hyprland-git/src/hyprland/protocols/text-input-unstable-v1.cpp for CXX dependencies
[402/853] Scanning /home/oniichanx/.cache/yay/hyprland-git/src/hyprland/protocols/wlr-screencopy-unstable-v1.cpp for CXX dependencies
[403/853] Scanning /home/oniichanx/.cache/yay/hyprland-git/src/hyprland/src/xwayland/XWayland.cpp for CXX dependencies
[404/853] Scanning /home/oniichanx/.cache/yay/hyprland-git/src/hyprland/src/render/pass/TextureMatteElement.cpp for CXX dependencies
[405/853] Scanning /home/oniichanx/.cache/yay/hyprland-git/src/hyprland/src/xwayland/XWM.cpp for CXX dependencies
[406/853] Scanning /home/oniichanx/.cache/yay/hyprland-git/src/hyprland/src/xwayland/XSurface.cpp for CXX dependencies
[407/853] Scanning /home/oniichanx/.cache/yay/hyprland-git/src/hyprland/src/xwayland/Dnd.cpp for CXX dependencies
[408/853] Scanning /home/oniichanx/.cache/yay/hyprland-git/src/hyprland/protocols/wlr-foreign-toplevel-management-unstable-v1.cpp for CXX dependencies
[409/853] Scanning /home/oniichanx/.cache/yay/hyprland-git/src/hyprland/protocols/wlr-output-power-management-unstable-v1.cpp for CXX dependencies
[410/853] Scanning /home/oniichanx/.cache/yay/hyprland-git/src/hyprland/protocols/virtual-keyboard-unstable-v1.cpp for CXX dependencies
[411/853] Scanning /home/oniichanx/.cache/yay/hyprland-git/src/hyprland/protocols/hyprland-toplevel-export-v1.cpp for CXX dependencies
[412/853] Scanning /home/oniichanx/.cache/yay/hyprland-git/src/hyprland/src/xwayland/Server.cpp for CXX dependencies
[413/853] Scanning /home/oniichanx/.cache/yay/hyprland-git/src/hyprland/protocols/wlr-gamma-control-unstable-v1.cpp for CXX dependencies
[414/853] Scanning /home/oniichanx/.cache/yay/hyprland-git/src/hyprland/protocols/wlr-virtual-pointer-unstable-v1.cpp for CXX dependencies
[415/853] Scanning /home/oniichanx/.cache/yay/hyprland-git/src/hyprland/protocols/input-method-unstable-v2.cpp for CXX dependencies
[416/853] Scanning /home/oniichanx/.cache/yay/hyprland-git/src/hyprland/protocols/kde-server-decoration.cpp for CXX dependencies
[417/853] Scanning /home/oniichanx/.cache/yay/hyprland-git/src/hyprland/protocols/wlr-output-management-unstable-v1.cpp for CXX dependencies
[418/853] Scanning /home/oniichanx/.cache/yay/hyprland-git/src/hyprland/protocols/wlr-data-control-unstable-v1.cpp for CXX dependencies
[419/853] Scanning /home/oniichanx/.cache/yay/hyprland-git/src/hyprland/protocols/hyprland-focus-grab-v1.cpp for CXX dependencies
[420/853] Scanning /home/oniichanx/.cache/yay/hyprland-git/src/hyprland/protocols/hyprland-ctm-control-v1.cpp for CXX dependencies
[421/853] Scanning /home/oniichanx/.cache/yay/hyprland-git/src/hyprland/protocols/wayland-drm.cpp for CXX dependencies
[422/853] Scanning /home/oniichanx/.cache/yay/hyprland-git/src/hyprland/protocols/hyprland-toplevel-mapping-v1.cpp for CXX dependencies
[423/853] Scanning /home/oniichanx/.cache/yay/hyprland-git/src/hyprland/protocols/wlr-layer-shell-unstable-v1.cpp for CXX dependencies
[424/853] Scanning /home/oniichanx/.cache/yay/hyprland-git/src/hyprland/protocols/hyprland-lock-notify-v1.cpp for CXX dependencies
[425/853] Scanning /home/oniichanx/.cache/yay/hyprland-git/src/hyprland/protocols/fractional-scale-v1.cpp for CXX dependencies
[426/853] Scanning /home/oniichanx/.cache/yay/hyprland-git/src/hyprland/protocols/hyprland-surface-v1.cpp for CXX dependencies
[427/853] Scanning /home/oniichanx/.cache/yay/hyprland-git/src/hyprland/protocols/cursor-shape-v1.cpp for CXX dependencies
[428/853] Scanning /home/oniichanx/.cache/yay/hyprland-git/src/hyprland/protocols/tearing-control-v1.cpp for CXX dependencies
[429/853] Scanning /home/oniichanx/.cache/yay/hyprland-git/src/hyprland/protocols/xdg-output-unstable-v1.cpp for CXX dependencies
[430/853] Scanning /home/oniichanx/.cache/yay/hyprland-git/src/hyprland/protocols/alpha-modifier-v1.cpp for CXX dependencies
[431/853] Scanning /home/oniichanx/.cache/yay/hyprland-git/src/hyprland/protocols/xdg-decoration-unstable-v1.cpp for CXX dependencies
[432/853] Scanning /home/oniichanx/.cache/yay/hyprland-git/src/hyprland/protocols/keyboard-shortcuts-inhibit-unstable-v1.cpp for CXX dependencies
[433/853] Scanning /home/oniichanx/.cache/yay/hyprland-git/src/hyprland/protocols/pointer-gestures-unstable-v1.cpp for CXX dependencies
[434/853] Scanning /home/oniichanx/.cache/yay/hyprland-git/src/hyprland/protocols/ext-foreign-toplevel-list-v1.cpp for CXX dependencies
[435/853] Scanning /home/oniichanx/.cache/yay/hyprland-git/src/hyprland/protocols/text-input-unstable-v3.cpp for CXX dependencies
[436/853] Scanning /home/oniichanx/.cache/yay/hyprland-git/src/hyprland/protocols/idle-inhibit-unstable-v1.cpp for CXX dependencies
[437/853] Scanning /home/oniichanx/.cache/yay/hyprland-git/src/hyprland/protocols/relative-pointer-unstable-v1.cpp for CXX dependencies
[438/853] Scanning /home/oniichanx/.cache/yay/hyprland-git/src/hyprland/protocols/xdg-foreign-unstable-v2.cpp for CXX dependencies
[439/853] Scanning /home/oniichanx/.cache/yay/hyprland-git/src/hyprland/protocols/ext-session-lock-v1.cpp for CXX dependencies
[440/853] Scanning /home/oniichanx/.cache/yay/hyprland-git/src/hyprland/protocols/tablet-v2.cpp for CXX dependencies
[441/853] Scanning /home/oniichanx/.cache/yay/hyprland-git/src/hyprland/protocols/presentation-time.cpp for CXX dependencies
[442/853] Scanning /home/oniichanx/.cache/yay/hyprland-git/src/hyprland/protocols/primary-selection-unstable-v1.cpp for CXX dependencies
[443/853] Scanning /home/oniichanx/.cache/yay/hyprland-git/src/hyprland/protocols/xdg-shell.cpp for CXX dependencies
[444/853] Scanning /home/oniichanx/.cache/yay/hyprland-git/src/hyprland/protocols/ext-idle-notify-v1.cpp for CXX dependencies
[445/853] Scanning /home/oniichanx/.cache/yay/hyprland-git/src/hyprland/protocols/xwayland-shell-v1.cpp for CXX dependencies
[446/853] Scanning /home/oniichanx/.cache/yay/hyprland-git/src/hyprland/protocols/viewporter.cpp for CXX dependencies
[447/853] Scanning /home/oniichanx/.cache/yay/hyprland-git/src/hyprland/protocols/linux-dmabuf-v1.cpp for CXX dependencies
[448/853] Scanning /home/oniichanx/.cache/yay/hyprland-git/src/hyprland/protocols/drm-lease-v1.cpp for CXX dependencies
[449/853] Scanning /home/oniichanx/.cache/yay/hyprland-git/src/hyprland/protocols/pointer-constraints-unstable-v1.cpp for CXX dependencies
[450/853] Scanning /home/oniichanx/.cache/yay/hyprland-git/src/hyprland/protocols/xdg-dialog-v1.cpp for CXX dependencies
[451/853] Scanning /home/oniichanx/.cache/yay/hyprland-git/src/hyprland/protocols/security-context-v1.cpp for CXX dependencies
[452/853] Scanning /home/oniichanx/.cache/yay/hyprland-git/src/hyprland/protocols/linux-drm-syncobj-v1.cpp for CXX dependencies
[453/853] Scanning /home/oniichanx/.cache/yay/hyprland-git/src/hyprland/protocols/xdg-activation-v1.cpp for CXX dependencies
[454/853] Scanning /home/oniichanx/.cache/yay/hyprland-git/src/hyprland/protocols/single-pixel-buffer-v1.cpp for CXX dependencies
[455/853] Scanning /home/oniichanx/.cache/yay/hyprland-git/src/hyprland/protocols/content-type-v1.cpp for CXX dependencies
[456/853] Scanning /home/oniichanx/.cache/yay/hyprland-git/src/hyprland/protocols/color-management-v1.cpp for CXX dependencies
[457/853] Scanning /home/oniichanx/.cache/yay/hyprland-git/src/hyprland/protocols/xdg-system-bell-v1.cpp for CXX dependencies
[458/853] Linking CXX executable start/start-hyprland
[459/853] Scanning /home/oniichanx/.cache/yay/hyprland-git/src/hyprland/protocols/ext-workspace-v1.cpp for CXX dependencies
[460/853] Linking CXX executable hyprctl/hyprctl
[461/853] Scanning /home/oniichanx/.cache/yay/hyprland-git/src/hyprland/protocols/fifo-v1.cpp for CXX dependencies
[462/853] Scanning /home/oniichanx/.cache/yay/hyprland-git/src/hyprland/protocols/pointer-warp-v1.cpp for CXX dependencies
[463/853] Scanning /home/oniichanx/.cache/yay/hyprland-git/src/hyprland/protocols/ext-data-control-v1.cpp for CXX dependencies
[464/853] Scanning /home/oniichanx/.cache/yay/hyprland-git/src/hyprland/protocols/xdg-toplevel-tag-v1.cpp for CXX dependencies
[465/853] Scanning /home/oniichanx/.cache/yay/hyprland-git/src/hyprland/protocols/commit-timing-v1.cpp for CXX dependencies
[466/853] Scanning /home/oniichanx/.cache/yay/hyprland-git/src/hyprland/protocols/ext-image-capture-source-v1.cpp for CXX dependencies
[467/853] Scanning /home/oniichanx/.cache/yay/hyprland-git/src/hyprland/protocols/ext-image-copy-capture-v1.cpp for CXX dependencies
[468/853] Scanning /home/oniichanx/.cache/yay/hyprland-git/src/hyprland/protocols/wayland.cpp for CXX dependencies
[469/853] Generating CXX dyndep file CMakeFiles/hyprland_lib.dir/CXX.dd
[470/853] Building CXX object CMakeFiles/hyprland_lib.dir/src/config/lua/LuaBindings.cpp.o
[471/853] Building CXX object CMakeFiles/hyprland_lib.dir/src/config/ConfigValue.cpp.o
[472/853] Building CXX object hyprpm/CMakeFiles/hyprpm.dir/src/core/PluginManager.cpp.o
[473/853] Building CXX object CMakeFiles/hyprland_lib.dir/src/config/lua/bindings/LuaBindingsDispatcherUtils.cpp.o
[474/853] Building CXX object CMakeFiles/hyprland_lib.dir/src/config/lua/bindings/LuaBindingsNotification.cpp.o
[475/853] Building CXX object CMakeFiles/hyprland_lib.dir/src/config/lua/bindings/LuaBindingsQuery.cpp.o
[476/853] Building CXX object CMakeFiles/hyprland_lib.dir/src/config/lua/layout/LuaLayoutContext.cpp.o
[477/853] Building CXX object CMakeFiles/hyprland_lib.dir/src/config/ConfigManager.cpp.o
[478/853] Building CXX object CMakeFiles/hyprland_lib.dir/src/config/lua/bindings/LuaBindingsRegistration.cpp.o
[479/853] Building CXX object CMakeFiles/hyprland_lib.dir/src/config/lua/bindings/LuaBindingsInternal.cpp.o
[480/853] Building CXX object CMakeFiles/hyprland_lib.dir/src/config/lua/bindings/LuaBindingsToplevel.cpp.o
[481/853] Building CXX object CMakeFiles/hyprland_lib.dir/src/config/legacy/DispatcherTranslator.cpp.o
[482/853] Building CXX object CMakeFiles/hyprland_lib.dir/src/config/lua/bindings/LuaBindingsDispatchers.cpp.o
[483/853] Building CXX object CMakeFiles/hyprland_lib.dir/src/config/lua/LuaEventHandler.cpp.o
[484/853] Building CXX object CMakeFiles/hyprland_lib.dir/src/config/lua/layout/LuaLayoutTarget.cpp.o
[485/853] Building CXX object CMakeFiles/hyprland_lib.dir/src/config/lua/objects/LuaLayerRule.cpp.o
[486/853] Building CXX object CMakeFiles/hyprland_lib.dir/src/config/lua/objects/LuaGroup.cpp.o
[487/853] Building CXX object CMakeFiles/hyprland_lib.dir/src/config/lua/objects/LuaKeybind.cpp.o
[488/853] Building CXX object CMakeFiles/hyprland_lib.dir/src/config/lua/ConfigManager.cpp.o
[489/853] Building CXX object CMakeFiles/hyprland_lib.dir/src/config/lua/types/LuaConfigBool.cpp.o
[490/853] Building CXX object CMakeFiles/hyprland_lib.dir/src/config/lua/objects/LuaMonitor.cpp.o
[491/853] Building CXX object CMakeFiles/hyprland_lib.dir/src/config/lua/objects/LuaTimer.cpp.o
[492/853] Building CXX object CMakeFiles/hyprland_lib.dir/src/config/lua/objects/LuaWindowRule.cpp.o
[493/853] Building CXX object CMakeFiles/hyprland_lib.dir/src/config/lua/objects/LuaLayerSurface.cpp.o
[494/853] Building CXX object CMakeFiles/hyprland_lib.dir/src/config/lua/objects/LuaNotification.cpp.o
[495/853] Building CXX object CMakeFiles/hyprland_lib.dir/src/config/lua/objects/LuaEventSubscription.cpp.o
[496/853] Building CXX object CMakeFiles/hyprland_lib.dir/src/config/lua/objects/LuaWorkspace.cpp.o
[497/853] Building CXX object CMakeFiles/hyprland_lib.dir/src/config/lua/layout/LuaLayoutProvider.cpp.o
[498/853] Building CXX object CMakeFiles/hyprland_lib.dir/src/config/lua/types/LuaConfigString.cpp.o
[499/853] Building CXX object CMakeFiles/hyprland_lib.dir/src/config/lua/types/LuaConfigColor.cpp.o
[500/853] Building CXX object CMakeFiles/hyprland_lib.dir/src/config/lua/types/LuaConfigExpressionVec2.cpp.o
[501/853] Building CXX object CMakeFiles/hyprland_lib.dir/src/config/lua/types/LuaConfigCssGap.cpp.o
[502/853] Building CXX object CMakeFiles/hyprland_lib.dir/src/config/lua/types/LuaConfigFloat.cpp.o
[503/853] Building CXX object CMakeFiles/hyprland_lib.dir/src/config/lua/bindings/LuaBindingsConfigRules.cpp.o
[504/853] Building CXX object CMakeFiles/hyprland_lib.dir/src/config/lua/types/LuaConfigUtils.cpp.o
[505/853] Building CXX object CMakeFiles/hyprland_lib.dir/src/config/legacy/ConfigManager.cpp.o
[506/853] Building CXX object CMakeFiles/hyprland_lib.dir/src/config/shared/animation/AnimationTree.cpp.o
[507/853] Building CXX object CMakeFiles/hyprland_lib.dir/src/config/lua/types/LuaConfigFontWeight.cpp.o
[508/853] Building CXX object CMakeFiles/hyprland_lib.dir/src/config/lua/types/LuaConfigGradient.cpp.o
[509/853] Building CXX object CMakeFiles/hyprland_lib.dir/src/config/lua/objects/LuaWindow.cpp.o
[510/853] Building CXX object CMakeFiles/hyprland_lib.dir/src/config/lua/types/LuaConfigInt.cpp.o
[511/853] Building CXX object CMakeFiles/hyprland_lib.dir/src/config/lua/types/LuaConfigVec2.cpp.o
[512/853] Building CXX object CMakeFiles/hyprland_lib.dir/src/config/lua/types/LuaConfigValue.cpp.o
[513/853] Building CXX object CMakeFiles/hyprland_lib.dir/src/config/values/types/BoolValue.cpp.o
[514/853] Building CXX object CMakeFiles/hyprland_lib.dir/src/config/values/types/FloatValue.cpp.o
[515/853] Building CXX object CMakeFiles/hyprland_lib.dir/src/Compositor.cpp.o
[516/853] Building CXX object CMakeFiles/hyprland_lib.dir/src/config/supplementary/jeremy/Jeremy.cpp.o
[517/853] Building CXX object CMakeFiles/hyprland_lib.dir/src/config/shared/inotify/ConfigWatcher.cpp.o
[518/853] Building CXX object CMakeFiles/hyprland_lib.dir/src/config/values/types/IValue.cpp.o
[519/853] Building CXX object CMakeFiles/hyprland_lib.dir/src/config/supplementary/propRefresher/PropRefresher.cpp.o
[520/853] Building CXX object CMakeFiles/hyprland_lib.dir/src/config/values/types/Vec2Value.cpp.o
[521/853] Building CXX object CMakeFiles/hyprland_lib.dir/src/config/shared/workspace/WorkspaceRule.cpp.o
[522/853] Building CXX object CMakeFiles/hyprland_lib.dir/src/config/shared/monitor/Parser.cpp.o
[523/853] Building CXX object CMakeFiles/hyprland_lib.dir/src/debug/crash/SignalSafe.cpp.o
[524/853] Building CXX object CMakeFiles/hyprland_lib.dir/src/config/values/types/ColorValue.cpp.o
[525/853] Building CXX object CMakeFiles/hyprland_lib.dir/src/config/shared/workspace/WorkspaceRuleManager.cpp.o
[526/853] Building CXX object CMakeFiles/hyprland_lib.dir/src/config/values/types/CssGapValue.cpp.o
[527/853] Building CXX object CMakeFiles/hyprland_lib.dir/src/config/shared/monitor/MonitorRuleManager.cpp.o
[528/853] Building CXX object CMakeFiles/hyprland_lib.dir/src/config/values/types/FontWeightValue.cpp.o
[529/853] Building CXX object CMakeFiles/hyprland_lib.dir/src/config/values/types/GradientValue.cpp.o
[530/853] Building CXX object CMakeFiles/hyprland_lib.dir/src/config/values/types/IntValue.cpp.o
[531/853] Building CXX object CMakeFiles/hyprland_lib.dir/src/config/values/types/StringValue.cpp.o
[532/853] Building CXX object CMakeFiles/hyprland_lib.dir/src/config/supplementary/executor/Executor.cpp.o
[533/853] Building CXX object CMakeFiles/hyprland_lib.dir/src/desktop/history/WindowHistoryTracker.cpp.o
[534/853] Building CXX object CMakeFiles/hyprland_lib.dir/src/desktop/rule/matchEngine/BoolMatchEngine.cpp.o
[535/853] Building CXX object CMakeFiles/hyprland_lib.dir/src/debug/crash/CrashReporter.cpp.o
[536/853] Building CXX object CMakeFiles/hyprland_lib.dir/src/desktop/rule/Engine.cpp.o
[537/853] Building CXX object CMakeFiles/hyprland_lib.dir/src/desktop/rule/layerRule/LayerRuleEffectContainer.cpp.o
[538/853] Building CXX object CMakeFiles/hyprland_lib.dir/src/desktop/rule/matchEngine/MatchEngine.cpp.o
[539/853] Building CXX object CMakeFiles/hyprland_lib.dir/src/debug/log/Logger.cpp.o
[540/853] Building CXX object CMakeFiles/hyprland_lib.dir/src/desktop/rule/matchEngine/RegexMatchEngine.cpp.o
[541/853] Building CXX object CMakeFiles/hyprland_lib.dir/src/config/shared/actions/ConfigActions.cpp.o
[542/853] Building CXX object CMakeFiles/hyprland_lib.dir/src/desktop/rule/matchEngine/TagMatchEngine.cpp.o
[543/853] Building CXX object CMakeFiles/hyprland_lib.dir/src/desktop/reserved/ReservedArea.cpp.o
[544/853] Building CXX object CMakeFiles/hyprland_lib.dir/src/desktop/rule/matchEngine/WorkspaceMatchEngine.cpp.o
[545/853] Building CXX object CMakeFiles/hyprland_lib.dir/src/debug/Overlay.cpp.o
[546/853] Building CXX object CMakeFiles/hyprland_lib.dir/src/desktop/rule/Rule.cpp.o
[547/853] Building CXX object CMakeFiles/hyprland_lib.dir/src/desktop/rule/windowRule/WindowRuleEffectContainer.cpp.o
[548/853] Building CXX object CMakeFiles/hyprland_lib.dir/src/desktop/history/WorkspaceHistoryTracker.cpp.o
[549/853] Building CXX object CMakeFiles/hyprland_lib.dir/src/desktop/rule/layerRule/LayerRule.cpp.o
[550/853] Building CXX object CMakeFiles/hyprland_lib.dir/src/desktop/rule/layerRule/LayerRuleApplicator.cpp.o
[551/853] Building CXX object CMakeFiles/hyprland_lib.dir/src/desktop/rule/matchEngine/IntMatchEngine.cpp.o
[552/853] Building CXX object CMakeFiles/hyprland_lib.dir/src/desktop/view/GlobalViewMethods.cpp.o
[553/853] Building CXX object CMakeFiles/hyprland_lib.dir/src/desktop/view/View.cpp.o
[554/853] Building CXX object CMakeFiles/hyprland_lib.dir/src/desktop/Workspace.cpp.o
[555/853] Building CXX object CMakeFiles/hyprland_lib.dir/src/config/values/ConfigValues.cpp.o
[556/853] Building CXX object CMakeFiles/hyprland_lib.dir/src/desktop/view/SessionLock.cpp.o
[557/853] Building CXX object CMakeFiles/hyprland_lib.dir/src/devices/IHID.cpp.o
[558/853] Building CXX object CMakeFiles/hyprland_lib.dir/src/devices/IPointer.cpp.o
[559/853] Building CXX object CMakeFiles/hyprland_lib.dir/src/devices/ITouch.cpp.o
[560/853] Building CXX object CMakeFiles/hyprland_lib.dir/src/desktop/state/FloatState.cpp.o
[561/853] Building CXX object CMakeFiles/hyprland_lib.dir/src/devices/Keyboard.cpp.o
[562/853] Building CXX object CMakeFiles/hyprland_lib.dir/src/devices/Mouse.cpp.o
[563/853] Building CXX object CMakeFiles/hyprland_lib.dir/src/devices/VirtualKeyboard.cpp.o
[564/853] Building CXX object CMakeFiles/hyprland_lib.dir/src/devices/TouchDevice.cpp.o
[565/853] Building CXX object CMakeFiles/hyprland_lib.dir/src/desktop/state/FocusState.cpp.o
[566/853] Building CXX object CMakeFiles/hyprland_lib.dir/src/desktop/rule/windowRule/WindowRule.cpp.o
[567/853] Building CXX object CMakeFiles/hyprland_lib.dir/src/desktop/view/Group.cpp.o
[568/853] Building CXX object CMakeFiles/hyprland_lib.dir/src/desktop/view/WLSurface.cpp.o
[569/853] Building CXX object CMakeFiles/hyprland_lib.dir/src/desktop/view/Subsurface.cpp.o
[570/853] Building CXX object CMakeFiles/hyprland_lib.dir/src/desktop/rule/windowRule/WindowRuleApplicator.cpp.o
[571/853] Building CXX object CMakeFiles/hyprland_lib.dir/src/helpers/DamageRing.cpp.o
[572/853] Building CXX object CMakeFiles/hyprland_lib.dir/src/event/EventBus.cpp.o
[573/853] Building CXX object CMakeFiles/hyprland_lib.dir/src/helpers/CMType.cpp.o
[574/853] Building CXX object CMakeFiles/hyprland_lib.dir/src/devices/VirtualPointer.cpp.o
[575/853] Building CXX object CMakeFiles/hyprland_lib.dir/src/desktop/view/LayerSurface.cpp.o
[576/853] Building CXX object CMakeFiles/hyprland_lib.dir/src/helpers/Drm.cpp.o
[577/853] Building CXX object CMakeFiles/hyprland_lib.dir/src/helpers/Color.cpp.o
[578/853] Building CXX object CMakeFiles/hyprland_lib.dir/src/helpers/Format.cpp.o
[579/853] Building CXX object CMakeFiles/hyprland_lib.dir/src/desktop/view/Popup.cpp.o
[580/853] Building CXX object CMakeFiles/hyprland_lib.dir/src/debug/HyprCtl.cpp.o
[581/853] Building CXX object CMakeFiles/hyprland_lib.dir/src/devices/IKeyboard.cpp.o
[582/853] Building CXX object CMakeFiles/hyprland_lib.dir/src/helpers/SdDaemon.cpp.o
[583/853] Building CXX object CMakeFiles/hyprland_lib.dir/src/devices/Tablet.cpp.o
[584/853] Building CXX object CMakeFiles/hyprland_lib.dir/src/helpers/TagKeeper.cpp.o
[585/853] Building CXX object CMakeFiles/hyprland_lib.dir/src/helpers/WLClasses.cpp.o
[586/853] Building CXX object CMakeFiles/hyprland_lib.dir/src/helpers/env/Env.cpp.o
[587/853] Building CXX object CMakeFiles/hyprland_lib.dir/src/errorOverlay/Overlay.cpp.o
[588/853] Building CXX object CMakeFiles/hyprland_lib.dir/src/helpers/MainLoopExecutor.cpp.o
[589/853] Building CXX object CMakeFiles/hyprland_lib.dir/src/helpers/math/Direction.cpp.o
[590/853] Building CXX object CMakeFiles/hyprland_lib.dir/src/helpers/fs/FsUtils.cpp.o
[591/853] Building CXX object CMakeFiles/hyprland_lib.dir/src/helpers/AsyncDialogBox.cpp.o
[592/853] Building CXX object CMakeFiles/hyprland_lib.dir/src/helpers/sync/SyncReleaser.cpp.o
[593/853] Building CXX object CMakeFiles/hyprland_lib.dir/src/helpers/time/Time.cpp.o
[594/853] Building CXX object CMakeFiles/hyprland_lib.dir/src/helpers/TransferFunction.cpp.o
[595/853] Building CXX object CMakeFiles/hyprland_lib.dir/src/helpers/time/Timer.cpp.o
[596/853] Building CXX object CMakeFiles/hyprland_lib.dir/src/helpers/MonitorResources.cpp.o
[597/853] Building CXX object CMakeFiles/hyprland_lib.dir/src/init/initHelpers.cpp.o
[598/853] Building CXX object CMakeFiles/hyprland_lib.dir/src/helpers/MonitorZoomController.cpp.o
[599/853] Building CXX object CMakeFiles/hyprland_lib.dir/src/helpers/SystemInfo.cpp.o
[600/853] Building CXX object CMakeFiles/hyprland_lib.dir/src/helpers/cm/ColorManagement.cpp.o
[601/853] Building CXX object CMakeFiles/hyprland_lib.dir/src/helpers/MonitorFrameScheduler.cpp.o
[602/853] Building CXX object CMakeFiles/hyprland_lib.dir/src/helpers/math/Math.cpp.o
[603/853] Building CXX object CMakeFiles/hyprland_lib.dir/src/helpers/math/Expression.cpp.o
[604/853] Building CXX object CMakeFiles/hyprland_lib.dir/src/layout/algorithm/FloatingAlgorithm.cpp.o
[605/853] Building CXX object CMakeFiles/hyprland_lib.dir/src/helpers/MiscFunctions.cpp.o
[606/853] Building CXX object CMakeFiles/hyprland_lib.dir/src/helpers/cm/ICC.cpp.o
[607/853] Building CXX object CMakeFiles/hyprland_lib.dir/src/layout/algorithm/ModeAlgorithm.cpp.o
[608/853] Building CXX object CMakeFiles/hyprland_lib.dir/src/desktop/view/Window.cpp.o
[609/853] Building CXX object CMakeFiles/hyprland_lib.dir/src/helpers/sync/SyncTimeline.cpp.o
[610/853] Building CXX object CMakeFiles/hyprland_lib.dir/src/layout/target/Target.cpp.o
[611/853] Building CXX object CMakeFiles/hyprland_lib.dir/src/layout/target/WindowGroupTarget.cpp.o
[612/853] Building CXX object CMakeFiles/hyprland_lib.dir/src/layout/algorithm/Algorithm.cpp.o
[613/853] Building CXX object CMakeFiles/hyprland_lib.dir/src/layout/LayoutManager.cpp.o
[614/853] Building CXX object CMakeFiles/hyprland_lib.dir/src/layout/algorithm/tiled/scrolling/ScrollTapeController.cpp.o
[615/853] Building CXX object CMakeFiles/hyprland_lib.dir/src/layout/algorithm/floating/default/DefaultFloatingAlgorithm.cpp.o
[616/853] Building CXX object CMakeFiles/hyprland_lib.dir/src/layout/space/Space.cpp.o
[617/853] Building CXX object CMakeFiles/hyprland_lib.dir/src/layout/algorithm/tiled/monocle/MonocleAlgorithm.cpp.o
[618/853] Building CXX object CMakeFiles/hyprland_lib.dir/src/layout/algorithm/tiled/dwindle/DwindleAlgorithm.cpp.o
[619/853] Building CXX object CMakeFiles/hyprland_lib.dir/src/layout/supplementary/WorkspaceAlgoMatcher.cpp.o
[620/853] Building CXX object CMakeFiles/hyprland_lib.dir/src/layout/supplementary/DragController.cpp.o
[621/853] Building CXX object CMakeFiles/hyprland_lib.dir/src/helpers/Monitor.cpp.o
[622/853] Building CXX object CMakeFiles/hyprland_lib.dir/src/layout/target/WindowTarget.cpp.o
[623/853] Building CXX object CMakeFiles/hyprland_lib.dir/src/managers/DonationNagManager.cpp.o
[624/853] Building CXX object CMakeFiles/hyprland_lib.dir/src/layout/algorithm/tiled/master/MasterAlgorithm.cpp.o
[625/853] Building CXX object CMakeFiles/hyprland_lib.dir/src/managers/ANRManager.cpp.o
[626/853] Building CXX object CMakeFiles/hyprland_lib.dir/src/managers/CursorManager.cpp.o
[627/853] Building CXX object CMakeFiles/hyprland_lib.dir/src/managers/cursor/CursorShapeOverrideController.cpp.o
[628/853] Building CXX object CMakeFiles/hyprland_lib.dir/src/managers/EventManager.cpp.o
[629/853] Building CXX object CMakeFiles/hyprland_lib.dir/src/managers/TokenManager.cpp.o
[630/853] Building CXX object CMakeFiles/hyprland_lib.dir/src/layout/algorithm/tiled/scrolling/ScrollingAlgorithm.cpp.o
[631/853] Building CXX object CMakeFiles/hyprland_lib.dir/src/managers/eventLoop/EventLoopTimer.cpp.o
[632/853] Building CXX object CMakeFiles/hyprland_lib.dir/src/managers/VersionKeeperManager.cpp.o
[633/853] Building CXX object CMakeFiles/hyprland_lib.dir/src/managers/WelcomeManager.cpp.o
[634/853] Building CXX object CMakeFiles/hyprland_lib.dir/src/managers/SeatManager.cpp.o
[635/853] Building CXX object CMakeFiles/hyprland_lib.dir/src/managers/SessionLockManager.cpp.o
[636/853] Building CXX object CMakeFiles/hyprland_lib.dir/src/managers/input/InputMethodRelay.cpp.o
[637/853] Building CXX object CMakeFiles/hyprland_lib.dir/src/managers/XCursorManager.cpp.o
[638/853] Building CXX object CMakeFiles/hyprland_lib.dir/src/managers/KeybindManager.cpp.o
[639/853] Building CXX object CMakeFiles/hyprland_lib.dir/src/managers/input/InputMethodPopup.cpp.o
[640/853] Building CXX object CMakeFiles/hyprland_lib.dir/src/managers/input/TextInput.cpp.o
[641/853] Building CXX object CMakeFiles/hyprland_lib.dir/src/managers/PointerManager.cpp.o
[642/853] Building CXX object CMakeFiles/hyprland_lib.dir/src/managers/XWaylandManager.cpp.o
[643/853] Building CXX object CMakeFiles/hyprland_lib.dir/src/managers/input/Tablets.cpp.o
[644/853] Building CXX object CMakeFiles/hyprland_lib.dir/src/managers/animation/DesktopAnimationManager.cpp.o
[645/853] Building CXX object CMakeFiles/hyprland_lib.dir/src/managers/animation/AnimationManager.cpp.o
[646/853] Building CXX object CMakeFiles/hyprland_lib.dir/src/managers/input/trackpad/gestures/DispatcherGesture.cpp.o
[647/853] Building CXX object CMakeFiles/hyprland_lib.dir/src/managers/eventLoop/EventLoopManager.cpp.o
[648/853] Building CXX object CMakeFiles/hyprland_lib.dir/src/managers/input/trackpad/gestures/ITrackpadGesture.cpp.o
[649/853] Building CXX object CMakeFiles/hyprland_lib.dir/src/managers/input/IdleInhibitor.cpp.o
[650/853] Building CXX object CMakeFiles/hyprland_lib.dir/src/managers/input/trackpad/gestures/CursorZoomGesture.cpp.o
[651/853] Building CXX object CMakeFiles/hyprland_lib.dir/src/managers/input/trackpad/gestures/LuaFunctionGesture.cpp.o
[652/853] Building CXX object CMakeFiles/hyprland_lib.dir/src/managers/ProtocolManager.cpp.o
[653/853] Building CXX object CMakeFiles/hyprland_lib.dir/src/managers/input/trackpad/gestures/FloatGesture.cpp.o
[654/853] Building CXX object CMakeFiles/hyprland_lib.dir/src/managers/input/trackpad/gestures/FullscreenGesture.cpp.o
[655/853] Building CXX object CMakeFiles/hyprland_lib.dir/src/managers/input/trackpad/TrackpadGestures.cpp.o
[656/853] Building CXX object CMakeFiles/hyprland_lib.dir/src/managers/input/trackpad/gestures/MoveGesture.cpp.o
[657/853] Building CXX object CMakeFiles/hyprland_lib.dir/src/managers/input/Touch.cpp.o
[658/853] Building CXX object CMakeFiles/hyprland_lib.dir/src/managers/input/trackpad/gestures/ResizeGesture.cpp.o
[659/853] Building CXX object CMakeFiles/hyprland_lib.dir/src/notification/Notification.cpp.o
[660/853] Building CXX object CMakeFiles/hyprland_lib.dir/src/managers/input/trackpad/gestures/SpecialWorkspaceGesture.cpp.o
[661/853] Building CXX object CMakeFiles/hyprland_lib.dir/src/managers/input/UnifiedWorkspaceSwipeGesture.cpp.o
[662/853] Building CXX object CMakeFiles/hyprland_lib.dir/src/managers/input/trackpad/gestures/CloseGesture.cpp.o
[663/853] Building CXX object CMakeFiles/hyprland_lib.dir/src/protocols/CommitTiming.cpp.o
[664/853] Building CXX object CMakeFiles/hyprland_lib.dir/src/managers/screenshare/CursorshareSession.cpp.o
[665/853] Building CXX object CMakeFiles/hyprland_lib.dir/src/managers/input/trackpad/gestures/WorkspaceSwipeGesture.cpp.o
[666/853] Building CXX object CMakeFiles/hyprland_lib.dir/src/plugins/HookSystem.cpp.o
[667/853] Building CXX object CMakeFiles/hyprland_lib.dir/src/protocols/CursorShape.cpp.o
[668/853] Building CXX object CMakeFiles/hyprland_lib.dir/src/managers/screenshare/ScreenshareManager.cpp.o
[669/853] Building CXX object CMakeFiles/hyprland_lib.dir/src/managers/permissions/DynamicPermissionManager.cpp.o
[670/853] Building CXX object CMakeFiles/hyprland_lib.dir/src/managers/screenshare/ScreenshareSession.cpp.o
[671/853] Building CXX object CMakeFiles/hyprland_lib.dir/src/managers/screenshare/ScreenshareFrame.cpp.o
[672/853] Building CXX object CMakeFiles/hyprland_lib.dir/src/notification/NotificationOverlay.cpp.o
[673/853] Building CXX object CMakeFiles/hyprland_lib.dir/src/managers/input/InputManager.cpp.o
[674/853] Building CXX object CMakeFiles/hyprland_lib.dir/src/plugins/PluginSystem.cpp.o
[675/853] Building CXX object CMakeFiles/hyprland_lib.dir/src/plugins/PluginAPI.cpp.o
[676/853] Building CXX object CMakeFiles/hyprland_lib.dir/src/protocols/ContentType.cpp.o
[677/853] Building CXX object CMakeFiles/hyprland_lib.dir/src/protocols/CTMControl.cpp.o
[678/853] Building CXX object CMakeFiles/hyprland_lib.dir/src/protocols/AlphaModifier.cpp.o
[679/853] Building CXX object CMakeFiles/hyprland_lib.dir/src/protocols/GlobalShortcuts.cpp.o
[680/853] Building CXX object CMakeFiles/hyprland_lib.dir/src/protocols/IdleInhibit.cpp.o
[681/853] Building CXX object CMakeFiles/hyprland_lib.dir/src/protocols/ColorManagement.cpp.o
[682/853] Building CXX object CMakeFiles/hyprland_lib.dir/src/i18n/Engine.cpp.o
/home/oniichanx/.cache/yay/hyprland-git/src/hyprland/src/i18n/Engine.cpp: In constructor ‘I18n::CI18nEngine::CI18nEngine()’:
/home/oniichanx/.cache/yay/hyprland-git/src/hyprland/src/i18n/Engine.cpp:18:1: note: variable tracking size limit exceeded with ‘-fvar-tracking-assignments’, retrying without
   18 | I18n::CI18nEngine::CI18nEngine() {
      | ^~~~
[683/853] Building CXX object CMakeFiles/hyprland_lib.dir/src/protocols/DRMSyncobj.cpp.o
[684/853] Building CXX object CMakeFiles/hyprland_lib.dir/src/protocols/DataDeviceWlr.cpp.o
[685/853] Building CXX object CMakeFiles/hyprland_lib.dir/src/protocols/FractionalScale.cpp.o
[686/853] Building CXX object CMakeFiles/hyprland_lib.dir/src/protocols/ExtDataDevice.cpp.o
[687/853] Building CXX object CMakeFiles/hyprland_lib.dir/src/protocols/ExtWorkspace.cpp.o
[688/853] Building CXX object CMakeFiles/hyprland_lib.dir/src/protocols/IdleNotify.cpp.o
[689/853] Building CXX object CMakeFiles/hyprland_lib.dir/src/protocols/FocusGrab.cpp.o
[690/853] Building CXX object CMakeFiles/hyprland_lib.dir/src/protocols/Fifo.cpp.o
[691/853] Building CXX object CMakeFiles/hyprland_lib.dir/src/protocols/DRMLease.cpp.o
[692/853] Building CXX object CMakeFiles/hyprland_lib.dir/src/protocols/ForeignToplevel.cpp.o
[693/853] Building CXX object CMakeFiles/hyprland_lib.dir/src/protocols/HyprlandSurface.cpp.o
[694/853] Building CXX object CMakeFiles/hyprland_lib.dir/src/protocols/GammaControl.cpp.o
[695/853] Building CXX object CMakeFiles/hyprland_lib.dir/src/protocols/ForeignToplevelWlr.cpp.o
[696/853] Building CXX object CMakeFiles/hyprland_lib.dir/src/protocols/OutputPower.cpp.o
[697/853] Building CXX object CMakeFiles/hyprland_lib.dir/src/protocols/ImageCaptureSource.cpp.o
[698/853] Building CXX object CMakeFiles/hyprland_lib.dir/src/protocols/RelativePointer.cpp.o
[699/853] Building CXX object CMakeFiles/hyprland_lib.dir/src/protocols/ServerDecorationKDE.cpp.o
[700/853] Building CXX object CMakeFiles/hyprland_lib.dir/src/protocols/InputMethodV2.cpp.o
[701/853] Building CXX object CMakeFiles/hyprland_lib.dir/src/protocols/LayerShell.cpp.o
[702/853] Building CXX object CMakeFiles/hyprland_lib.dir/src/protocols/LockNotify.cpp.o
[703/853] Building CXX object CMakeFiles/hyprland_lib.dir/src/protocols/PointerWarp.cpp.o
[704/853] Building CXX object CMakeFiles/hyprland_lib.dir/src/protocols/PresentationTime.cpp.o
[705/853] Building CXX object CMakeFiles/hyprland_lib.dir/src/protocols/PointerGestures.cpp.o
[706/853] Building CXX object CMakeFiles/hyprland_lib.dir/src/protocols/MesaDRM.cpp.o
[707/853] Building CXX object CMakeFiles/hyprland_lib.dir/src/protocols/ImageCopyCapture.cpp.o
[708/853] Building CXX object CMakeFiles/hyprland_lib.dir/src/protocols/PrimarySelection.cpp.o
[709/853] Building CXX object CMakeFiles/hyprland_lib.dir/src/protocols/PointerConstraints.cpp.o
[710/853] Building CXX object CMakeFiles/hyprland_lib.dir/src/protocols/SecurityContext.cpp.o
[711/853] Building CXX object CMakeFiles/hyprland_lib.dir/src/protocols/TearingControl.cpp.o
[712/853] Building CXX object CMakeFiles/hyprland_lib.dir/src/protocols/LinuxDMABUF.cpp.o
[713/853] Building CXX object CMakeFiles/hyprland_lib.dir/src/protocols/Screencopy.cpp.o
[714/853] Building CXX object CMakeFiles/hyprland_lib.dir/src/protocols/ShortcutsInhibit.cpp.o
[715/853] Building CXX object CMakeFiles/hyprland_lib.dir/src/protocols/Viewporter.cpp.o
[716/853] Building CXX object CMakeFiles/hyprland_lib.dir/src/protocols/SessionLock.cpp.o
[717/853] Building CXX object CMakeFiles/hyprland_lib.dir/src/protocols/OutputManagement.cpp.o
[718/853] Building CXX object CMakeFiles/hyprland_lib.dir/src/protocols/SinglePixel.cpp.o
[719/853] Building CXX object CMakeFiles/hyprland_lib.dir/src/protocols/TextInputV1.cpp.o
[720/853] Building CXX object CMakeFiles/hyprland_lib.dir/src/protocols/TextInputV3.cpp.o
[721/853] Building CXX object CMakeFiles/hyprland_lib.dir/src/protocols/ToplevelMapping.cpp.o
[722/853] Building CXX object CMakeFiles/hyprland_lib.dir/src/protocols/XDGForeignV2.cpp.o
[723/853] Building CXX object CMakeFiles/hyprland_lib.dir/src/protocols/VirtualPointer.cpp.o
[724/853] Building CXX object CMakeFiles/hyprland_lib.dir/src/protocols/VirtualKeyboard.cpp.o
[725/853] Building CXX object CMakeFiles/hyprland_lib.dir/src/protocols/XDGDialog.cpp.o
[726/853] Building CXX object CMakeFiles/hyprland_lib.dir/src/protocols/XWaylandShell.cpp.o
[727/853] Building CXX object CMakeFiles/hyprland_lib.dir/src/protocols/XDGTag.cpp.o
[728/853] Building CXX object CMakeFiles/hyprland_lib.dir/src/protocols/WaylandProtocol.cpp.o
[729/853] Building CXX object CMakeFiles/hyprland_lib.dir/src/protocols/ToplevelExport.cpp.o
[730/853] Building CXX object CMakeFiles/hyprland_lib.dir/src/protocols/XDGDecoration.cpp.o
[731/853] Building CXX object CMakeFiles/hyprland_lib.dir/src/protocols/XDGActivation.cpp.o
[732/853] Building CXX object CMakeFiles/hyprland_lib.dir/src/protocols/Tablet.cpp.o
[733/853] Building CXX object CMakeFiles/hyprland_lib.dir/src/protocols/types/DataDevice.cpp.o
[734/853] Building CXX object CMakeFiles/hyprland_lib.dir/src/protocols/XDGBell.cpp.o
[735/853] Building CXX object CMakeFiles/hyprland_lib.dir/src/protocols/types/DMABuffer.cpp.o
[736/853] Building CXX object CMakeFiles/hyprland_lib.dir/src/protocols/XDGOutput.cpp.o
[737/853] Building CXX object CMakeFiles/hyprland_lib.dir/src/protocols/core/Output.cpp.o
[738/853] Building CXX object CMakeFiles/hyprland_lib.dir/src/protocols/types/WLBuffer.cpp.o
[739/853] Building CXX object CMakeFiles/hyprland_lib.dir/src/protocols/types/SurfaceState.cpp.o
[740/853] Building CXX object CMakeFiles/hyprland_lib.dir/src/protocols/types/ContentType.cpp.o
[741/853] Building CXX object CMakeFiles/hyprland_lib.dir/src/protocols/types/Buffer.cpp.o
[742/853] Building CXX object CMakeFiles/hyprland_lib.dir/src/render/SyncFDManager.cpp.o
[743/853] Building CXX object CMakeFiles/hyprland_lib.dir/src/protocols/core/Subcompositor.cpp.o
[744/853] Building CXX object CMakeFiles/hyprland_lib.dir/src/render/Framebuffer.cpp.o
[745/853] Building CXX object CMakeFiles/hyprland_lib.dir/src/render/Renderbuffer.cpp.o
[746/853] Building CXX object CMakeFiles/hyprland_lib.dir/src/render/Texture.cpp.o
[747/853] Building CXX object CMakeFiles/hyprland_lib.dir/src/protocols/core/Shm.cpp.o
[748/853] Building CXX object CMakeFiles/hyprland_lib.dir/src/protocols/core/Seat.cpp.o
[749/853] Building CXX object CMakeFiles/hyprland_lib.dir/src/protocols/XDGShell.cpp.o
[750/853] Building CXX object CMakeFiles/hyprland_lib.dir/src/render/Transformer.cpp.o
[751/853] Building CXX object CMakeFiles/hyprland_lib.dir/src/protocols/types/SurfaceStateQueue.cpp.o
[752/853] Building CXX object CMakeFiles/hyprland_lib.dir/src/protocols/core/Compositor.cpp.o
[753/853] Building CXX object CMakeFiles/hyprland_lib.dir/src/render/decorations/IHyprWindowDecoration.cpp.o
[754/853] Building CXX object CMakeFiles/hyprland_lib.dir/src/render/GLRenderer.cpp.o
[755/853] Building CXX object CMakeFiles/hyprland_lib.dir/src/render/ElementRenderer.cpp.o
[756/853] Building CXX object CMakeFiles/hyprland_lib.dir/src/protocols/core/DataDevice.cpp.o
[757/853] Building CXX object CMakeFiles/hyprland_lib.dir/src/render/pass/FramebufferElement.cpp.o
[758/853] Building CXX object CMakeFiles/hyprland_lib.dir/src/render/pass/ClearPassElement.cpp.o
[759/853] Building CXX object CMakeFiles/hyprland_lib.dir/src/render/decorations/DecorationPositioner.cpp.o
[760/853] Building CXX object CMakeFiles/hyprland_lib.dir/src/render/Shader.cpp.o
[761/853] Building CXX object CMakeFiles/hyprland_lib.dir/src/render/pass/InnerGlowPassElement.cpp.o
[762/853] Building CXX object CMakeFiles/hyprland_lib.dir/src/render/ShaderLoader.cpp.o
[763/853] Building CXX object CMakeFiles/hyprland_lib.dir/src/render/pass/PreBlurElement.cpp.o
[764/853] Building CXX object CMakeFiles/hyprland_lib.dir/src/render/gl/GLRenderbuffer.cpp.o
[765/853] Building CXX object CMakeFiles/hyprland_lib.dir/src/render/pass/PassElement.cpp.o
[766/853] Building CXX object CMakeFiles/hyprland_lib.dir/src/render/decorations/CHyprBorderDecoration.cpp.o
[767/853] Building CXX object CMakeFiles/hyprland_lib.dir/src/render/pass/ShadowPassElement.cpp.o
[768/853] Building CXX object CMakeFiles/hyprland_lib.dir/src/render/decorations/CHyprDropShadowDecoration.cpp.o
[769/853] Building CXX object CMakeFiles/hyprland_lib.dir/src/render/gl/GLElementRenderer.cpp.o
[770/853] Building CXX object CMakeFiles/hyprland_lib.dir/src/render/pass/RectPassElement.cpp.o
[771/853] Building CXX object CMakeFiles/hyprland_lib.dir/src/render/pass/BorderPassElement.cpp.o
[772/853] Building CXX object CMakeFiles/hyprland_lib.dir/src/render/pass/RendererHintsPassElement.cpp.o
[773/853] Building CXX object CMakeFiles/hyprland_lib.dir/src/render/decorations/CHyprInnerGlowDecoration.cpp.o
[774/853] Building CXX object CMakeFiles/hyprland_lib.dir/src/render/gl/GLFramebuffer.cpp.o
[775/853] Building CXX object CMakeFiles/hyprland_lib.dir/src/render/pass/TextureMatteElement.cpp.o
[776/853] Building CXX object CMakeFiles/hyprland_lib.dir/src/render/gl/GLTexture.cpp.o
[777/853] Building CXX object CMakeFiles/hyprland_lib.dir/src/render/pass/TexPassElement.cpp.o
[778/853] Building CXX object CMakeFiles/hyprland_lib.dir/protocols/hyprland-global-shortcuts-v1.cpp.o
[779/853] Building CXX object CMakeFiles/hyprland_lib.dir/src/render/decorations/CHyprGroupBarDecoration.cpp.o
[780/853] Building CXX object CMakeFiles/hyprland_lib.dir/protocols/text-input-unstable-v1.cpp.o
[781/853] Building CXX object CMakeFiles/hyprland_lib.dir/protocols/wlr-screencopy-unstable-v1.cpp.o
[782/853] Building CXX object CMakeFiles/hyprland_lib.dir/protocols/hyprland-toplevel-export-v1.cpp.o
[783/853] Building CXX object CMakeFiles/hyprland_lib.dir/src/render/pass/SurfacePassElement.cpp.o
[784/853] Building CXX object CMakeFiles/hyprland_lib.dir/protocols/wlr-gamma-control-unstable-v1.cpp.o
[785/853] Building CXX object CMakeFiles/hyprland_lib.dir/protocols/wlr-foreign-toplevel-management-unstable-v1.cpp.o
[786/853] Building CXX object CMakeFiles/hyprland_lib.dir/protocols/wlr-output-power-management-unstable-v1.cpp.o
[787/853] Building CXX object CMakeFiles/hyprland_lib.dir/protocols/kde-server-decoration.cpp.o
[788/853] Building CXX object CMakeFiles/hyprland_lib.dir/protocols/virtual-keyboard-unstable-v1.cpp.o
[789/853] Building CXX object CMakeFiles/hyprland_lib.dir/src/xwayland/XWayland.cpp.o
[790/853] Building CXX object CMakeFiles/hyprland_lib.dir/protocols/wlr-data-control-unstable-v1.cpp.o
[791/853] Building CXX object CMakeFiles/hyprland_lib.dir/protocols/wlr-output-management-unstable-v1.cpp.o
[792/853] Building CXX object CMakeFiles/hyprland_lib.dir/protocols/hyprland-focus-grab-v1.cpp.o
[793/853] Building CXX object CMakeFiles/hyprland_lib.dir/protocols/wlr-virtual-pointer-unstable-v1.cpp.o
[794/853] Building CXX object CMakeFiles/hyprland_lib.dir/protocols/input-method-unstable-v2.cpp.o
[795/853] Building CXX object CMakeFiles/hyprland_lib.dir/src/render/pass/Pass.cpp.o
[796/853] Building CXX object CMakeFiles/hyprland_lib.dir/protocols/wlr-layer-shell-unstable-v1.cpp.o
[797/853] Building CXX object CMakeFiles/hyprland_lib.dir/protocols/wayland-drm.cpp.o
[798/853] Building CXX object CMakeFiles/hyprland_lib.dir/protocols/hyprland-ctm-control-v1.cpp.o
[799/853] Building CXX object CMakeFiles/hyprland_lib.dir/protocols/hyprland-lock-notify-v1.cpp.o
[800/853] Building CXX object CMakeFiles/hyprland_lib.dir/protocols/hyprland-surface-v1.cpp.o
[801/853] Building CXX object CMakeFiles/hyprland_lib.dir/protocols/hyprland-toplevel-mapping-v1.cpp.o
[802/853] Building CXX object CMakeFiles/hyprland_lib.dir/protocols/xdg-output-unstable-v1.cpp.o
[803/853] Building CXX object CMakeFiles/hyprland_lib.dir/protocols/tearing-control-v1.cpp.o
[804/853] Building CXX object CMakeFiles/hyprland_lib.dir/protocols/fractional-scale-v1.cpp.o
[805/853] Building CXX object CMakeFiles/hyprland_lib.dir/protocols/cursor-shape-v1.cpp.o
[806/853] Building CXX object CMakeFiles/hyprland_lib.dir/src/render/OpenGL.cpp.o
[807/853] Building CXX object CMakeFiles/hyprland_lib.dir/protocols/idle-inhibit-unstable-v1.cpp.o
[808/853] Building CXX object CMakeFiles/hyprland_lib.dir/src/xwayland/XDataSource.cpp.o
[809/853] Building CXX object CMakeFiles/hyprland_lib.dir/src/xwayland/Dnd.cpp.o
[810/853] Building CXX object CMakeFiles/hyprland_lib.dir/protocols/relative-pointer-unstable-v1.cpp.o
[811/853] Building CXX object CMakeFiles/hyprland_lib.dir/protocols/xdg-decoration-unstable-v1.cpp.o
[812/853] Building CXX object CMakeFiles/hyprland_lib.dir/src/xwayland/Server.cpp.o
[813/853] Building CXX object CMakeFiles/hyprland_lib.dir/protocols/alpha-modifier-v1.cpp.o
[814/853] Building CXX object CMakeFiles/hyprland_lib.dir/protocols/ext-foreign-toplevel-list-v1.cpp.o
[815/853] Building CXX object CMakeFiles/hyprland_lib.dir/protocols/pointer-gestures-unstable-v1.cpp.o
[816/853] Building CXX object CMakeFiles/hyprland_lib.dir/protocols/xdg-foreign-unstable-v2.cpp.o
[817/853] Building CXX object CMakeFiles/hyprland_lib.dir/protocols/pointer-constraints-unstable-v1.cpp.o
[818/853] Building CXX object CMakeFiles/hyprland_lib.dir/protocols/keyboard-shortcuts-inhibit-unstable-v1.cpp.o
[819/853] Building CXX object CMakeFiles/hyprland_lib.dir/protocols/text-input-unstable-v3.cpp.o
[820/853] Building CXX object CMakeFiles/hyprland_lib.dir/protocols/ext-idle-notify-v1.cpp.o
[821/853] Building CXX object CMakeFiles/hyprland_lib.dir/src/xwayland/XSurface.cpp.o
[822/853] Building CXX object CMakeFiles/hyprland_lib.dir/protocols/xdg-activation-v1.cpp.o
[823/853] Building CXX object CMakeFiles/hyprland_lib.dir/src/render/Renderer.cpp.o
[824/853] Building CXX object CMakeFiles/hyprland_lib.dir/protocols/ext-session-lock-v1.cpp.o
[825/853] Building CXX object CMakeFiles/hyprland_lib.dir/protocols/xwayland-shell-v1.cpp.o
[826/853] Building CXX object CMakeFiles/hyprland_lib.dir/protocols/viewporter.cpp.o
[827/853] Building CXX object CMakeFiles/hyprland_lib.dir/protocols/presentation-time.cpp.o
[828/853] Building CXX object CMakeFiles/hyprland_lib.dir/protocols/primary-selection-unstable-v1.cpp.o
[829/853] Building CXX object CMakeFiles/hyprland_lib.dir/protocols/tablet-v2.cpp.o
[830/853] Building CXX object CMakeFiles/hyprland_lib.dir/protocols/xdg-shell.cpp.o
[831/853] Building CXX object CMakeFiles/hyprland_lib.dir/protocols/linux-dmabuf-v1.cpp.o
[832/853] Building CXX object CMakeFiles/hyprland_lib.dir/protocols/single-pixel-buffer-v1.cpp.o
[833/853] Building CXX object CMakeFiles/hyprland_lib.dir/protocols/xdg-dialog-v1.cpp.o
[834/853] Building CXX object CMakeFiles/hyprland_lib.dir/protocols/linux-drm-syncobj-v1.cpp.o
[835/853] Building CXX object CMakeFiles/hyprland_lib.dir/protocols/drm-lease-v1.cpp.o
[836/853] Linking CXX executable hyprpm/hyprpm
[837/853] Building CXX object CMakeFiles/hyprland_lib.dir/protocols/security-context-v1.cpp.o
[838/853] Building CXX object CMakeFiles/hyprland_lib.dir/protocols/content-type-v1.cpp.o
[839/853] Building CXX object CMakeFiles/hyprland_lib.dir/protocols/xdg-toplevel-tag-v1.cpp.o
[840/853] Building CXX object CMakeFiles/hyprland_lib.dir/protocols/xdg-system-bell-v1.cpp.o
[841/853] Building CXX object CMakeFiles/hyprland_lib.dir/protocols/commit-timing-v1.cpp.o
[842/853] Building CXX object CMakeFiles/hyprland_lib.dir/protocols/ext-workspace-v1.cpp.o
[843/853] Building CXX object CMakeFiles/hyprland_lib.dir/protocols/pointer-warp-v1.cpp.o
[844/853] Building CXX object CMakeFiles/hyprland_lib.dir/protocols/fifo-v1.cpp.o
[845/853] Building CXX object CMakeFiles/hyprland_lib.dir/protocols/ext-image-capture-source-v1.cpp.o
[846/853] Building CXX object CMakeFiles/hyprland_lib.dir/protocols/ext-data-control-v1.cpp.o
[847/853] Building CXX object CMakeFiles/hyprland_lib.dir/protocols/ext-image-copy-capture-v1.cpp.o
[848/853] Building CXX object CMakeFiles/hyprland_lib.dir/protocols/color-management-v1.cpp.o
[849/853] Building CXX object CMakeFiles/hyprland_lib.dir/src/xwayland/XWM.cpp.o
[850/853] Building CXX object CMakeFiles/hyprland_lib.dir/protocols/wayland.cpp.o
[851/853] Linking CXX static library libhyprland_lib.a
[852/853] Linking CXX executable Hyprland
==> Entering fakeroot environment...
==> Starting package()...
-- Install configuration: "None"
-- Installing: /home/oniichanx/.cache/yay/hyprland-git/pkg/hyprland-git/usr/share/wayland-sessions/hyprland-uwsm.desktop
-- Installing: /home/oniichanx/.cache/yay/hyprland-git/pkg/hyprland-git/usr/bin/hyprctl
-- Installing: /home/oniichanx/.cache/yay/hyprland-git/pkg/hyprland-git/usr/share/bash-completion/completions/hyprctl
-- Installing: /home/oniichanx/.cache/yay/hyprland-git/pkg/hyprland-git/usr/share/fish/vendor_completions.d/hyprctl.fish
-- Installing: /home/oniichanx/.cache/yay/hyprland-git/pkg/hyprland-git/usr/share/zsh/site-functions/_hyprctl
-- Installing: /home/oniichanx/.cache/yay/hyprland-git/pkg/hyprland-git/usr/bin/start-hyprland
-- Installing: /home/oniichanx/.cache/yay/hyprland-git/pkg/hyprland-git/usr/bin/hyprpm
-- Installing: /home/oniichanx/.cache/yay/hyprland-git/pkg/hyprland-git/usr/share/bash-completion/completions/hyprpm
-- Installing: /home/oniichanx/.cache/yay/hyprland-git/pkg/hyprland-git/usr/share/fish/vendor_completions.d/hyprpm.fish
-- Installing: /home/oniichanx/.cache/yay/hyprland-git/pkg/hyprland-git/usr/share/zsh/site-functions/_hyprpm
-- Installing: /home/oniichanx/.cache/yay/hyprland-git/pkg/hyprland-git/usr/bin/Hyprland
-- Installing: /home/oniichanx/.cache/yay/hyprland-git/pkg/hyprland-git/usr/share/wayland-sessions/hyprland.desktop
-- Installing: /home/oniichanx/.cache/yay/hyprland-git/pkg/hyprland-git/usr/share/hypr/lockdead.png
-- Installing: /home/oniichanx/.cache/yay/hyprland-git/pkg/hyprland-git/usr/share/hypr/lockdead2.png
-- Installing: /home/oniichanx/.cache/yay/hyprland-git/pkg/hyprland-git/usr/share/hypr/wall0.png
-- Installing: /home/oniichanx/.cache/yay/hyprland-git/pkg/hyprland-git/usr/share/hypr/wall1.png
-- Installing: /home/oniichanx/.cache/yay/hyprland-git/pkg/hyprland-git/usr/share/hypr/wall2.png
-- Installing: /home/oniichanx/.cache/yay/hyprland-git/pkg/hyprland-git/usr/share/hypr/hyprland.conf
-- Installing: /home/oniichanx/.cache/yay/hyprland-git/pkg/hyprland-git/usr/share/hypr/hyprland.lua
-- Installing: /home/oniichanx/.cache/yay/hyprland-git/pkg/hyprland-git/usr/share/hypr/stubs/hl.meta.lua
-- Installing: /home/oniichanx/.cache/yay/hyprland-git/pkg/hyprland-git/usr/share/xdg-desktop-portal/hyprland-portals.conf
-- Installing: /home/oniichanx/.cache/yay/hyprland-git/pkg/hyprland-git/usr/share/man/man1/Hyprland.1
-- Installing: /home/oniichanx/.cache/yay/hyprland-git/pkg/hyprland-git/usr/share/man/man1/hyprctl.1
-- Installing: /home/oniichanx/.cache/yay/hyprland-git/pkg/hyprland-git/usr/share/pkgconfig/hyprland.pc
-- Installing: /home/oniichanx/.cache/yay/hyprland-git/pkg/hyprland-git/usr/include/hyprland/protocols
-- Installing: /home/oniichanx/.cache/yay/hyprland-git/pkg/hyprland-git/usr/include/hyprland/protocols/hyprland-global-shortcuts-v1.hpp
-- Installing: /home/oniichanx/.cache/yay/hyprland-git/pkg/hyprland-git/usr/include/hyprland/protocols/virtual-keyboard-unstable-v1.hpp
-- Installing: /home/oniichanx/.cache/yay/hyprland-git/pkg/hyprland-git/usr/include/hyprland/protocols/wlr-virtual-pointer-unstable-v1.hpp
-- Installing: /home/oniichanx/.cache/yay/hyprland-git/pkg/hyprland-git/usr/include/hyprland/protocols/wlr-gamma-control-unstable-v1.hpp
-- Installing: /home/oniichanx/.cache/yay/hyprland-git/pkg/hyprland-git/usr/include/hyprland/protocols/hyprland-toplevel-export-v1.hpp
-- Installing: /home/oniichanx/.cache/yay/hyprland-git/pkg/hyprland-git/usr/include/hyprland/protocols/wlr-screencopy-unstable-v1.hpp
-- Installing: /home/oniichanx/.cache/yay/hyprland-git/pkg/hyprland-git/usr/include/hyprland/protocols/text-input-unstable-v1.hpp
-- Installing: /home/oniichanx/.cache/yay/hyprland-git/pkg/hyprland-git/usr/include/hyprland/protocols/wlr-output-power-management-unstable-v1.hpp
-- Installing: /home/oniichanx/.cache/yay/hyprland-git/pkg/hyprland-git/usr/include/hyprland/protocols/wlr-foreign-toplevel-management-unstable-v1.hpp
-- Installing: /home/oniichanx/.cache/yay/hyprland-git/pkg/hyprland-git/usr/include/hyprland/protocols/kde-server-decoration.hpp
-- Installing: /home/oniichanx/.cache/yay/hyprland-git/pkg/hyprland-git/usr/include/hyprland/protocols/input-method-unstable-v2.hpp
-- Installing: /home/oniichanx/.cache/yay/hyprland-git/pkg/hyprland-git/usr/include/hyprland/protocols/hyprland-focus-grab-v1.hpp
-- Installing: /home/oniichanx/.cache/yay/hyprland-git/pkg/hyprland-git/usr/include/hyprland/protocols/wlr-data-control-unstable-v1.hpp
-- Installing: /home/oniichanx/.cache/yay/hyprland-git/pkg/hyprland-git/usr/include/hyprland/protocols/wlr-output-management-unstable-v1.hpp
-- Installing: /home/oniichanx/.cache/yay/hyprland-git/pkg/hyprland-git/usr/include/hyprland/protocols/wlr-layer-shell-unstable-v1.hpp
-- Installing: /home/oniichanx/.cache/yay/hyprland-git/pkg/hyprland-git/usr/include/hyprland/protocols/wayland-drm.hpp
-- Installing: /home/oniichanx/.cache/yay/hyprland-git/pkg/hyprland-git/usr/include/hyprland/protocols/hyprland-ctm-control-v1.hpp
-- Installing: /home/oniichanx/.cache/yay/hyprland-git/pkg/hyprland-git/usr/include/hyprland/protocols/hyprland-surface-v1.hpp
-- Installing: /home/oniichanx/.cache/yay/hyprland-git/pkg/hyprland-git/usr/include/hyprland/protocols/hyprland-lock-notify-v1.hpp
-- Installing: /home/oniichanx/.cache/yay/hyprland-git/pkg/hyprland-git/usr/include/hyprland/protocols/cursor-shape-v1.hpp
-- Installing: /home/oniichanx/.cache/yay/hyprland-git/pkg/hyprland-git/usr/include/hyprland/protocols/relative-pointer-unstable-v1.hpp
-- Installing: /home/oniichanx/.cache/yay/hyprland-git/pkg/hyprland-git/usr/include/hyprland/protocols/tearing-control-v1.hpp
-- Installing: /home/oniichanx/.cache/yay/hyprland-git/pkg/hyprland-git/usr/include/hyprland/protocols/hyprland-toplevel-mapping-v1.hpp
-- Installing: /home/oniichanx/.cache/yay/hyprland-git/pkg/hyprland-git/usr/include/hyprland/protocols/fractional-scale-v1.hpp
-- Installing: /home/oniichanx/.cache/yay/hyprland-git/pkg/hyprland-git/usr/include/hyprland/protocols/xdg-output-unstable-v1.hpp
-- Installing: /home/oniichanx/.cache/yay/hyprland-git/pkg/hyprland-git/usr/include/hyprland/protocols/idle-inhibit-unstable-v1.hpp
-- Installing: /home/oniichanx/.cache/yay/hyprland-git/pkg/hyprland-git/usr/include/hyprland/protocols/xdg-decoration-unstable-v1.hpp
-- Installing: /home/oniichanx/.cache/yay/hyprland-git/pkg/hyprland-git/usr/include/hyprland/protocols/alpha-modifier-v1.hpp
-- Installing: /home/oniichanx/.cache/yay/hyprland-git/pkg/hyprland-git/usr/include/hyprland/protocols/ext-foreign-toplevel-list-v1.hpp
-- Installing: /home/oniichanx/.cache/yay/hyprland-git/pkg/hyprland-git/usr/include/hyprland/protocols/keyboard-shortcuts-inhibit-unstable-v1.hpp
-- Installing: /home/oniichanx/.cache/yay/hyprland-git/pkg/hyprland-git/usr/include/hyprland/protocols/pointer-gestures-unstable-v1.hpp
-- Installing: /home/oniichanx/.cache/yay/hyprland-git/pkg/hyprland-git/usr/include/hyprland/protocols/xdg-foreign-unstable-v2.hpp
-- Installing: /home/oniichanx/.cache/yay/hyprland-git/pkg/hyprland-git/usr/include/hyprland/protocols/pointer-constraints-unstable-v1.hpp
-- Installing: /home/oniichanx/.cache/yay/hyprland-git/pkg/hyprland-git/usr/include/hyprland/protocols/text-input-unstable-v3.hpp
-- Installing: /home/oniichanx/.cache/yay/hyprland-git/pkg/hyprland-git/usr/include/hyprland/protocols/xdg-activation-v1.hpp
-- Installing: /home/oniichanx/.cache/yay/hyprland-git/pkg/hyprland-git/usr/include/hyprland/protocols/ext-idle-notify-v1.hpp
-- Installing: /home/oniichanx/.cache/yay/hyprland-git/pkg/hyprland-git/usr/include/hyprland/protocols/presentation-time.hpp
-- Installing: /home/oniichanx/.cache/yay/hyprland-git/pkg/hyprland-git/usr/include/hyprland/protocols/ext-session-lock-v1.hpp
-- Installing: /home/oniichanx/.cache/yay/hyprland-git/pkg/hyprland-git/usr/include/hyprland/protocols/primary-selection-unstable-v1.hpp
-- Installing: /home/oniichanx/.cache/yay/hyprland-git/pkg/hyprland-git/usr/include/hyprland/protocols/viewporter.hpp
-- Installing: /home/oniichanx/.cache/yay/hyprland-git/pkg/hyprland-git/usr/include/hyprland/protocols/tablet-v2.hpp
-- Installing: /home/oniichanx/.cache/yay/hyprland-git/pkg/hyprland-git/usr/include/hyprland/protocols/xdg-shell.hpp
-- Installing: /home/oniichanx/.cache/yay/hyprland-git/pkg/hyprland-git/usr/include/hyprland/protocols/drm-lease-v1.hpp
-- Installing: /home/oniichanx/.cache/yay/hyprland-git/pkg/hyprland-git/usr/include/hyprland/protocols/xwayland-shell-v1.hpp
-- Installing: /home/oniichanx/.cache/yay/hyprland-git/pkg/hyprland-git/usr/include/hyprland/protocols/linux-drm-syncobj-v1.hpp
-- Installing: /home/oniichanx/.cache/yay/hyprland-git/pkg/hyprland-git/usr/include/hyprland/protocols/linux-dmabuf-v1.hpp
-- Installing: /home/oniichanx/.cache/yay/hyprland-git/pkg/hyprland-git/usr/include/hyprland/protocols/xdg-dialog-v1.hpp
-- Installing: /home/oniichanx/.cache/yay/hyprland-git/pkg/hyprland-git/usr/include/hyprland/protocols/single-pixel-buffer-v1.hpp
-- Installing: /home/oniichanx/.cache/yay/hyprland-git/pkg/hyprland-git/usr/include/hyprland/protocols/security-context-v1.hpp
-- Installing: /home/oniichanx/.cache/yay/hyprland-git/pkg/hyprland-git/usr/include/hyprland/protocols/content-type-v1.hpp
-- Installing: /home/oniichanx/.cache/yay/hyprland-git/pkg/hyprland-git/usr/include/hyprland/protocols/xdg-toplevel-tag-v1.hpp
-- Installing: /home/oniichanx/.cache/yay/hyprland-git/pkg/hyprland-git/usr/include/hyprland/protocols/xdg-system-bell-v1.hpp
-- Installing: /home/oniichanx/.cache/yay/hyprland-git/pkg/hyprland-git/usr/include/hyprland/protocols/ext-workspace-v1.hpp
-- Installing: /home/oniichanx/.cache/yay/hyprland-git/pkg/hyprland-git/usr/include/hyprland/protocols/fifo-v1.hpp
-- Installing: /home/oniichanx/.cache/yay/hyprland-git/pkg/hyprland-git/usr/include/hyprland/protocols/ext-data-control-v1.hpp
-- Installing: /home/oniichanx/.cache/yay/hyprland-git/pkg/hyprland-git/usr/include/hyprland/protocols/pointer-warp-v1.hpp
-- Installing: /home/oniichanx/.cache/yay/hyprland-git/pkg/hyprland-git/usr/include/hyprland/protocols/color-management-v1.hpp
-- Installing: /home/oniichanx/.cache/yay/hyprland-git/pkg/hyprland-git/usr/include/hyprland/protocols/commit-timing-v1.hpp
-- Installing: /home/oniichanx/.cache/yay/hyprland-git/pkg/hyprland-git/usr/include/hyprland/protocols/ext-image-capture-source-v1.hpp
-- Installing: /home/oniichanx/.cache/yay/hyprland-git/pkg/hyprland-git/usr/include/hyprland/protocols/ext-image-copy-capture-v1.hpp
-- Installing: /home/oniichanx/.cache/yay/hyprland-git/pkg/hyprland-git/usr/include/hyprland/protocols/wayland.hpp
-- Installing: /home/oniichanx/.cache/yay/hyprland-git/pkg/hyprland-git/usr/include/hyprland/src
-- Installing: /home/oniichanx/.cache/yay/hyprland-git/pkg/hyprland-git/usr/include/hyprland/src/Compositor.hpp
-- Installing: /home/oniichanx/.cache/yay/hyprland-git/pkg/hyprland-git/usr/include/hyprland/src/SharedDefs.hpp
-- Installing: /home/oniichanx/.cache/yay/hyprland-git/pkg/hyprland-git/usr/include/hyprland/src/config
-- Installing: /home/oniichanx/.cache/yay/hyprland-git/pkg/hyprland-git/usr/include/hyprland/src/config/ConfigManager.hpp
-- Installing: /home/oniichanx/.cache/yay/hyprland-git/pkg/hyprland-git/usr/include/hyprland/src/config/ConfigValue.hpp
-- Installing: /home/oniichanx/.cache/yay/hyprland-git/pkg/hyprland-git/usr/include/hyprland/src/config/legacy
-- Installing: /home/oniichanx/.cache/yay/hyprland-git/pkg/hyprland-git/usr/include/hyprland/src/config/legacy/ConfigManager.hpp
-- Installing: /home/oniichanx/.cache/yay/hyprland-git/pkg/hyprland-git/usr/include/hyprland/src/config/legacy/DefaultConfig.hpp
-- Installing: /home/oniichanx/.cache/yay/hyprland-git/pkg/hyprland-git/usr/include/hyprland/src/config/legacy/DispatcherTranslator.hpp
-- Installing: /home/oniichanx/.cache/yay/hyprland-git/pkg/hyprland-git/usr/include/hyprland/src/config/lua
-- Installing: /home/oniichanx/.cache/yay/hyprland-git/pkg/hyprland-git/usr/include/hyprland/src/config/lua/ConfigManager.hpp
-- Installing: /home/oniichanx/.cache/yay/hyprland-git/pkg/hyprland-git/usr/include/hyprland/src/config/lua/DefaultConfig.hpp
-- Installing: /home/oniichanx/.cache/yay/hyprland-git/pkg/hyprland-git/usr/include/hyprland/src/config/lua/Emergency.hpp
-- Installing: /home/oniichanx/.cache/yay/hyprland-git/pkg/hyprland-git/usr/include/hyprland/src/config/lua/LuaBindings.hpp
-- Installing: /home/oniichanx/.cache/yay/hyprland-git/pkg/hyprland-git/usr/include/hyprland/src/config/lua/LuaEventHandler.hpp
-- Installing: /home/oniichanx/.cache/yay/hyprland-git/pkg/hyprland-git/usr/include/hyprland/src/config/lua/bindings
-- Installing: /home/oniichanx/.cache/yay/hyprland-git/pkg/hyprland-git/usr/include/hyprland/src/config/lua/bindings/LuaBindingsInternal.hpp
-- Installing: /home/oniichanx/.cache/yay/hyprland-git/pkg/hyprland-git/usr/include/hyprland/src/config/lua/layout
-- Installing: /home/oniichanx/.cache/yay/hyprland-git/pkg/hyprland-git/usr/include/hyprland/src/config/lua/layout/LuaLayoutContext.hpp
-- Installing: /home/oniichanx/.cache/yay/hyprland-git/pkg/hyprland-git/usr/include/hyprland/src/config/lua/layout/LuaLayoutProvider.hpp
-- Installing: /home/oniichanx/.cache/yay/hyprland-git/pkg/hyprland-git/usr/include/hyprland/src/config/lua/layout/LuaLayoutTarget.hpp
-- Installing: /home/oniichanx/.cache/yay/hyprland-git/pkg/hyprland-git/usr/include/hyprland/src/config/lua/objects
-- Installing: /home/oniichanx/.cache/yay/hyprland-git/pkg/hyprland-git/usr/include/hyprland/src/config/lua/objects/LuaEventSubscription.hpp
-- Installing: /home/oniichanx/.cache/yay/hyprland-git/pkg/hyprland-git/usr/include/hyprland/src/config/lua/objects/LuaGroup.hpp
-- Installing: /home/oniichanx/.cache/yay/hyprland-git/pkg/hyprland-git/usr/include/hyprland/src/config/lua/objects/LuaKeybind.hpp
-- Installing: /home/oniichanx/.cache/yay/hyprland-git/pkg/hyprland-git/usr/include/hyprland/src/config/lua/objects/LuaLayerRule.hpp
-- Installing: /home/oniichanx/.cache/yay/hyprland-git/pkg/hyprland-git/usr/include/hyprland/src/config/lua/objects/LuaLayerSurface.hpp
-- Installing: /home/oniichanx/.cache/yay/hyprland-git/pkg/hyprland-git/usr/include/hyprland/src/config/lua/objects/LuaMonitor.hpp
-- Installing: /home/oniichanx/.cache/yay/hyprland-git/pkg/hyprland-git/usr/include/hyprland/src/config/lua/objects/LuaNotification.hpp
-- Installing: /home/oniichanx/.cache/yay/hyprland-git/pkg/hyprland-git/usr/include/hyprland/src/config/lua/objects/LuaObjectHelpers.hpp
-- Installing: /home/oniichanx/.cache/yay/hyprland-git/pkg/hyprland-git/usr/include/hyprland/src/config/lua/objects/LuaTimer.hpp
-- Installing: /home/oniichanx/.cache/yay/hyprland-git/pkg/hyprland-git/usr/include/hyprland/src/config/lua/objects/LuaWindow.hpp
-- Installing: /home/oniichanx/.cache/yay/hyprland-git/pkg/hyprland-git/usr/include/hyprland/src/config/lua/objects/LuaWindowRule.hpp
-- Installing: /home/oniichanx/.cache/yay/hyprland-git/pkg/hyprland-git/usr/include/hyprland/src/config/lua/objects/LuaWorkspace.hpp
-- Installing: /home/oniichanx/.cache/yay/hyprland-git/pkg/hyprland-git/usr/include/hyprland/src/config/lua/types
-- Installing: /home/oniichanx/.cache/yay/hyprland-git/pkg/hyprland-git/usr/include/hyprland/src/config/lua/types/LuaConfigBool.hpp
-- Installing: /home/oniichanx/.cache/yay/hyprland-git/pkg/hyprland-git/usr/include/hyprland/src/config/lua/types/LuaConfigColor.hpp
-- Installing: /home/oniichanx/.cache/yay/hyprland-git/pkg/hyprland-git/usr/include/hyprland/src/config/lua/types/LuaConfigCssGap.hpp
-- Installing: /home/oniichanx/.cache/yay/hyprland-git/pkg/hyprland-git/usr/include/hyprland/src/config/lua/types/LuaConfigExpressionVec2.hpp
-- Installing: /home/oniichanx/.cache/yay/hyprland-git/pkg/hyprland-git/usr/include/hyprland/src/config/lua/types/LuaConfigFloat.hpp
-- Installing: /home/oniichanx/.cache/yay/hyprland-git/pkg/hyprland-git/usr/include/hyprland/src/config/lua/types/LuaConfigFontWeight.hpp
-- Installing: /home/oniichanx/.cache/yay/hyprland-git/pkg/hyprland-git/usr/include/hyprland/src/config/lua/types/LuaConfigGradient.hpp
-- Installing: /home/oniichanx/.cache/yay/hyprland-git/pkg/hyprland-git/usr/include/hyprland/src/config/lua/types/LuaConfigInt.hpp
-- Installing: /home/oniichanx/.cache/yay/hyprland-git/pkg/hyprland-git/usr/include/hyprland/src/config/lua/types/LuaConfigString.hpp
-- Installing: /home/oniichanx/.cache/yay/hyprland-git/pkg/hyprland-git/usr/include/hyprland/src/config/lua/types/LuaConfigUtils.hpp
-- Installing: /home/oniichanx/.cache/yay/hyprland-git/pkg/hyprland-git/usr/include/hyprland/src/config/lua/types/LuaConfigValue.hpp
-- Installing: /home/oniichanx/.cache/yay/hyprland-git/pkg/hyprland-git/usr/include/hyprland/src/config/lua/types/LuaConfigVec2.hpp
-- Installing: /home/oniichanx/.cache/yay/hyprland-git/pkg/hyprland-git/usr/include/hyprland/src/config/shared
-- Installing: /home/oniichanx/.cache/yay/hyprland-git/pkg/hyprland-git/usr/include/hyprland/src/config/shared/ConfigErrors.hpp
-- Installing: /home/oniichanx/.cache/yay/hyprland-git/pkg/hyprland-git/usr/include/hyprland/src/config/shared/Types.hpp
-- Installing: /home/oniichanx/.cache/yay/hyprland-git/pkg/hyprland-git/usr/include/hyprland/src/config/shared/actions
-- Installing: /home/oniichanx/.cache/yay/hyprland-git/pkg/hyprland-git/usr/include/hyprland/src/config/shared/actions/ConfigActions.hpp
-- Installing: /home/oniichanx/.cache/yay/hyprland-git/pkg/hyprland-git/usr/include/hyprland/src/config/shared/animation
-- Installing: /home/oniichanx/.cache/yay/hyprland-git/pkg/hyprland-git/usr/include/hyprland/src/config/shared/animation/AnimationTree.hpp
-- Installing: /home/oniichanx/.cache/yay/hyprland-git/pkg/hyprland-git/usr/include/hyprland/src/config/shared/complex
-- Installing: /home/oniichanx/.cache/yay/hyprland-git/pkg/hyprland-git/usr/include/hyprland/src/config/shared/complex/ComplexDataType.hpp
-- Installing: /home/oniichanx/.cache/yay/hyprland-git/pkg/hyprland-git/usr/include/hyprland/src/config/shared/complex/ComplexDataTypes.hpp
-- Installing: /home/oniichanx/.cache/yay/hyprland-git/pkg/hyprland-git/usr/include/hyprland/src/config/shared/inotify
-- Installing: /home/oniichanx/.cache/yay/hyprland-git/pkg/hyprland-git/usr/include/hyprland/src/config/shared/inotify/ConfigWatcher.hpp
-- Installing: /home/oniichanx/.cache/yay/hyprland-git/pkg/hyprland-git/usr/include/hyprland/src/config/shared/monitor
-- Installing: /home/oniichanx/.cache/yay/hyprland-git/pkg/hyprland-git/usr/include/hyprland/src/config/shared/monitor/MonitorRule.hpp
-- Installing: /home/oniichanx/.cache/yay/hyprland-git/pkg/hyprland-git/usr/include/hyprland/src/config/shared/monitor/MonitorRuleManager.hpp
-- Installing: /home/oniichanx/.cache/yay/hyprland-git/pkg/hyprland-git/usr/include/hyprland/src/config/shared/monitor/Parser.hpp
-- Installing: /home/oniichanx/.cache/yay/hyprland-git/pkg/hyprland-git/usr/include/hyprland/src/config/shared/workspace
-- Installing: /home/oniichanx/.cache/yay/hyprland-git/pkg/hyprland-git/usr/include/hyprland/src/config/shared/workspace/WorkspaceRule.hpp
-- Installing: /home/oniichanx/.cache/yay/hyprland-git/pkg/hyprland-git/usr/include/hyprland/src/config/shared/workspace/WorkspaceRuleManager.hpp
-- Installing: /home/oniichanx/.cache/yay/hyprland-git/pkg/hyprland-git/usr/include/hyprland/src/config/supplementary
-- Installing: /home/oniichanx/.cache/yay/hyprland-git/pkg/hyprland-git/usr/include/hyprland/src/config/supplementary/executor
-- Installing: /home/oniichanx/.cache/yay/hyprland-git/pkg/hyprland-git/usr/include/hyprland/src/config/supplementary/executor/Executor.hpp
-- Installing: /home/oniichanx/.cache/yay/hyprland-git/pkg/hyprland-git/usr/include/hyprland/src/config/supplementary/jeremy
-- Installing: /home/oniichanx/.cache/yay/hyprland-git/pkg/hyprland-git/usr/include/hyprland/src/config/supplementary/jeremy/Jeremy.hpp
-- Installing: /home/oniichanx/.cache/yay/hyprland-git/pkg/hyprland-git/usr/include/hyprland/src/config/supplementary/propRefresher
-- Installing: /home/oniichanx/.cache/yay/hyprland-git/pkg/hyprland-git/usr/include/hyprland/src/config/supplementary/propRefresher/PropRefresher.hpp
-- Installing: /home/oniichanx/.cache/yay/hyprland-git/pkg/hyprland-git/usr/include/hyprland/src/config/values
-- Installing: /home/oniichanx/.cache/yay/hyprland-git/pkg/hyprland-git/usr/include/hyprland/src/config/values/ConfigValues.hpp
-- Installing: /home/oniichanx/.cache/yay/hyprland-git/pkg/hyprland-git/usr/include/hyprland/src/config/values/types
-- Installing: /home/oniichanx/.cache/yay/hyprland-git/pkg/hyprland-git/usr/include/hyprland/src/config/values/types/BoolValue.hpp
-- Installing: /home/oniichanx/.cache/yay/hyprland-git/pkg/hyprland-git/usr/include/hyprland/src/config/values/types/ColorValue.hpp
-- Installing: /home/oniichanx/.cache/yay/hyprland-git/pkg/hyprland-git/usr/include/hyprland/src/config/values/types/CssGapValue.hpp
-- Installing: /home/oniichanx/.cache/yay/hyprland-git/pkg/hyprland-git/usr/include/hyprland/src/config/values/types/FloatValue.hpp
-- Installing: /home/oniichanx/.cache/yay/hyprland-git/pkg/hyprland-git/usr/include/hyprland/src/config/values/types/FontWeightValue.hpp
-- Installing: /home/oniichanx/.cache/yay/hyprland-git/pkg/hyprland-git/usr/include/hyprland/src/config/values/types/GradientValue.hpp
-- Installing: /home/oniichanx/.cache/yay/hyprland-git/pkg/hyprland-git/usr/include/hyprland/src/config/values/types/IValue.hpp
-- Installing: /home/oniichanx/.cache/yay/hyprland-git/pkg/hyprland-git/usr/include/hyprland/src/config/values/types/IntValue.hpp
-- Installing: /home/oniichanx/.cache/yay/hyprland-git/pkg/hyprland-git/usr/include/hyprland/src/config/values/types/StringValue.hpp
-- Installing: /home/oniichanx/.cache/yay/hyprland-git/pkg/hyprland-git/usr/include/hyprland/src/config/values/types/Vec2Value.hpp
-- Installing: /home/oniichanx/.cache/yay/hyprland-git/pkg/hyprland-git/usr/include/hyprland/src/debug
-- Installing: /home/oniichanx/.cache/yay/hyprland-git/pkg/hyprland-git/usr/include/hyprland/src/debug/HyprCtl.hpp
-- Installing: /home/oniichanx/.cache/yay/hyprland-git/pkg/hyprland-git/usr/include/hyprland/src/debug/Overlay.hpp
-- Installing: /home/oniichanx/.cache/yay/hyprland-git/pkg/hyprland-git/usr/include/hyprland/src/debug/TracyDefines.hpp
-- Installing: /home/oniichanx/.cache/yay/hyprland-git/pkg/hyprland-git/usr/include/hyprland/src/debug/crash
-- Installing: /home/oniichanx/.cache/yay/hyprland-git/pkg/hyprland-git/usr/include/hyprland/src/debug/crash/CrashReporter.hpp
-- Installing: /home/oniichanx/.cache/yay/hyprland-git/pkg/hyprland-git/usr/include/hyprland/src/debug/crash/SignalSafe.hpp
-- Installing: /home/oniichanx/.cache/yay/hyprland-git/pkg/hyprland-git/usr/include/hyprland/src/debug/log
-- Installing: /home/oniichanx/.cache/yay/hyprland-git/pkg/hyprland-git/usr/include/hyprland/src/debug/log/Logger.hpp
-- Installing: /home/oniichanx/.cache/yay/hyprland-git/pkg/hyprland-git/usr/include/hyprland/src/debug/log/RollingLogFollow.hpp
-- Installing: /home/oniichanx/.cache/yay/hyprland-git/pkg/hyprland-git/usr/include/hyprland/src/defines.hpp
-- Installing: /home/oniichanx/.cache/yay/hyprland-git/pkg/hyprland-git/usr/include/hyprland/src/desktop
-- Installing: /home/oniichanx/.cache/yay/hyprland-git/pkg/hyprland-git/usr/include/hyprland/src/desktop/DesktopTypes.hpp
-- Installing: /home/oniichanx/.cache/yay/hyprland-git/pkg/hyprland-git/usr/include/hyprland/src/desktop/Workspace.hpp
-- Installing: /home/oniichanx/.cache/yay/hyprland-git/pkg/hyprland-git/usr/include/hyprland/src/desktop/history
-- Installing: /home/oniichanx/.cache/yay/hyprland-git/pkg/hyprland-git/usr/include/hyprland/src/desktop/history/WindowHistoryTracker.hpp
-- Installing: /home/oniichanx/.cache/yay/hyprland-git/pkg/hyprland-git/usr/include/hyprland/src/desktop/history/WorkspaceHistoryTracker.hpp
-- Installing: /home/oniichanx/.cache/yay/hyprland-git/pkg/hyprland-git/usr/include/hyprland/src/desktop/reserved
-- Installing: /home/oniichanx/.cache/yay/hyprland-git/pkg/hyprland-git/usr/include/hyprland/src/desktop/reserved/ReservedArea.hpp
-- Installing: /home/oniichanx/.cache/yay/hyprland-git/pkg/hyprland-git/usr/include/hyprland/src/desktop/rule
-- Installing: /home/oniichanx/.cache/yay/hyprland-git/pkg/hyprland-git/usr/include/hyprland/src/desktop/rule/Engine.hpp
-- Installing: /home/oniichanx/.cache/yay/hyprland-git/pkg/hyprland-git/usr/include/hyprland/src/desktop/rule/Rule.hpp
-- Installing: /home/oniichanx/.cache/yay/hyprland-git/pkg/hyprland-git/usr/include/hyprland/src/desktop/rule/RuleWithEffects.hpp
-- Installing: /home/oniichanx/.cache/yay/hyprland-git/pkg/hyprland-git/usr/include/hyprland/src/desktop/rule/effect
-- Installing: /home/oniichanx/.cache/yay/hyprland-git/pkg/hyprland-git/usr/include/hyprland/src/desktop/rule/effect/EffectContainer.hpp
-- Installing: /home/oniichanx/.cache/yay/hyprland-git/pkg/hyprland-git/usr/include/hyprland/src/desktop/rule/layerRule
-- Installing: /home/oniichanx/.cache/yay/hyprland-git/pkg/hyprland-git/usr/include/hyprland/src/desktop/rule/layerRule/LayerRule.hpp
-- Installing: /home/oniichanx/.cache/yay/hyprland-git/pkg/hyprland-git/usr/include/hyprland/src/desktop/rule/layerRule/LayerRuleApplicator.hpp
-- Installing: /home/oniichanx/.cache/yay/hyprland-git/pkg/hyprland-git/usr/include/hyprland/src/desktop/rule/layerRule/LayerRuleEffectContainer.hpp
-- Installing: /home/oniichanx/.cache/yay/hyprland-git/pkg/hyprland-git/usr/include/hyprland/src/desktop/rule/matchEngine
-- Installing: /home/oniichanx/.cache/yay/hyprland-git/pkg/hyprland-git/usr/include/hyprland/src/desktop/rule/matchEngine/BoolMatchEngine.hpp
-- Installing: /home/oniichanx/.cache/yay/hyprland-git/pkg/hyprland-git/usr/include/hyprland/src/desktop/rule/matchEngine/IntMatchEngine.hpp
-- Installing: /home/oniichanx/.cache/yay/hyprland-git/pkg/hyprland-git/usr/include/hyprland/src/desktop/rule/matchEngine/MatchEngine.hpp
-- Installing: /home/oniichanx/.cache/yay/hyprland-git/pkg/hyprland-git/usr/include/hyprland/src/desktop/rule/matchEngine/RegexMatchEngine.hpp
-- Installing: /home/oniichanx/.cache/yay/hyprland-git/pkg/hyprland-git/usr/include/hyprland/src/desktop/rule/matchEngine/TagMatchEngine.hpp
-- Installing: /home/oniichanx/.cache/yay/hyprland-git/pkg/hyprland-git/usr/include/hyprland/src/desktop/rule/matchEngine/WorkspaceMatchEngine.hpp
-- Installing: /home/oniichanx/.cache/yay/hyprland-git/pkg/hyprland-git/usr/include/hyprland/src/desktop/rule/utils
-- Installing: /home/oniichanx/.cache/yay/hyprland-git/pkg/hyprland-git/usr/include/hyprland/src/desktop/rule/utils/SetUtils.hpp
-- Installing: /home/oniichanx/.cache/yay/hyprland-git/pkg/hyprland-git/usr/include/hyprland/src/desktop/rule/windowRule
-- Installing: /home/oniichanx/.cache/yay/hyprland-git/pkg/hyprland-git/usr/include/hyprland/src/desktop/rule/windowRule/WindowRule.hpp
-- Installing: /home/oniichanx/.cache/yay/hyprland-git/pkg/hyprland-git/usr/include/hyprland/src/desktop/rule/windowRule/WindowRuleApplicator.hpp
-- Installing: /home/oniichanx/.cache/yay/hyprland-git/pkg/hyprland-git/usr/include/hyprland/src/desktop/rule/windowRule/WindowRuleEffectContainer.hpp
-- Installing: /home/oniichanx/.cache/yay/hyprland-git/pkg/hyprland-git/usr/include/hyprland/src/desktop/state
-- Installing: /home/oniichanx/.cache/yay/hyprland-git/pkg/hyprland-git/usr/include/hyprland/src/desktop/state/FloatState.hpp
-- Installing: /home/oniichanx/.cache/yay/hyprland-git/pkg/hyprland-git/usr/include/hyprland/src/desktop/state/FocusState.hpp
-- Installing: /home/oniichanx/.cache/yay/hyprland-git/pkg/hyprland-git/usr/include/hyprland/src/desktop/types
-- Installing: /home/oniichanx/.cache/yay/hyprland-git/pkg/hyprland-git/usr/include/hyprland/src/desktop/types/MultiAnimatedVariable.hpp
-- Installing: /home/oniichanx/.cache/yay/hyprland-git/pkg/hyprland-git/usr/include/hyprland/src/desktop/types/OverridableVar.hpp
-- Installing: /home/oniichanx/.cache/yay/hyprland-git/pkg/hyprland-git/usr/include/hyprland/src/desktop/view
-- Installing: /home/oniichanx/.cache/yay/hyprland-git/pkg/hyprland-git/usr/include/hyprland/src/desktop/view/GlobalViewMethods.hpp
-- Installing: /home/oniichanx/.cache/yay/hyprland-git/pkg/hyprland-git/usr/include/hyprland/src/desktop/view/Group.hpp
-- Installing: /home/oniichanx/.cache/yay/hyprland-git/pkg/hyprland-git/usr/include/hyprland/src/desktop/view/LayerSurface.hpp
-- Installing: /home/oniichanx/.cache/yay/hyprland-git/pkg/hyprland-git/usr/include/hyprland/src/desktop/view/Popup.hpp
-- Installing: /home/oniichanx/.cache/yay/hyprland-git/pkg/hyprland-git/usr/include/hyprland/src/desktop/view/SessionLock.hpp
-- Installing: /home/oniichanx/.cache/yay/hyprland-git/pkg/hyprland-git/usr/include/hyprland/src/desktop/view/Subsurface.hpp
-- Installing: /home/oniichanx/.cache/yay/hyprland-git/pkg/hyprland-git/usr/include/hyprland/src/desktop/view/View.hpp
-- Installing: /home/oniichanx/.cache/yay/hyprland-git/pkg/hyprland-git/usr/include/hyprland/src/desktop/view/WLSurface.hpp
-- Installing: /home/oniichanx/.cache/yay/hyprland-git/pkg/hyprland-git/usr/include/hyprland/src/desktop/view/Window.hpp
-- Installing: /home/oniichanx/.cache/yay/hyprland-git/pkg/hyprland-git/usr/include/hyprland/src/devices
-- Installing: /home/oniichanx/.cache/yay/hyprland-git/pkg/hyprland-git/usr/include/hyprland/src/devices/IHID.hpp
-- Installing: /home/oniichanx/.cache/yay/hyprland-git/pkg/hyprland-git/usr/include/hyprland/src/devices/IKeyboard.hpp
-- Installing: /home/oniichanx/.cache/yay/hyprland-git/pkg/hyprland-git/usr/include/hyprland/src/devices/IPointer.hpp
-- Installing: /home/oniichanx/.cache/yay/hyprland-git/pkg/hyprland-git/usr/include/hyprland/src/devices/ITouch.hpp
-- Installing: /home/oniichanx/.cache/yay/hyprland-git/pkg/hyprland-git/usr/include/hyprland/src/devices/Keyboard.hpp
-- Installing: /home/oniichanx/.cache/yay/hyprland-git/pkg/hyprland-git/usr/include/hyprland/src/devices/Mouse.hpp
-- Installing: /home/oniichanx/.cache/yay/hyprland-git/pkg/hyprland-git/usr/include/hyprland/src/devices/Tablet.hpp
-- Installing: /home/oniichanx/.cache/yay/hyprland-git/pkg/hyprland-git/usr/include/hyprland/src/devices/TouchDevice.hpp
-- Installing: /home/oniichanx/.cache/yay/hyprland-git/pkg/hyprland-git/usr/include/hyprland/src/devices/VirtualKeyboard.hpp
-- Installing: /home/oniichanx/.cache/yay/hyprland-git/pkg/hyprland-git/usr/include/hyprland/src/devices/VirtualPointer.hpp
-- Installing: /home/oniichanx/.cache/yay/hyprland-git/pkg/hyprland-git/usr/include/hyprland/src/errorOverlay
-- Installing: /home/oniichanx/.cache/yay/hyprland-git/pkg/hyprland-git/usr/include/hyprland/src/errorOverlay/Overlay.hpp
-- Installing: /home/oniichanx/.cache/yay/hyprland-git/pkg/hyprland-git/usr/include/hyprland/src/event
-- Installing: /home/oniichanx/.cache/yay/hyprland-git/pkg/hyprland-git/usr/include/hyprland/src/event/EventBus.hpp
-- Installing: /home/oniichanx/.cache/yay/hyprland-git/pkg/hyprland-git/usr/include/hyprland/src/helpers
-- Installing: /home/oniichanx/.cache/yay/hyprland-git/pkg/hyprland-git/usr/include/hyprland/src/helpers/AnimatedVariable.hpp
-- Installing: /home/oniichanx/.cache/yay/hyprland-git/pkg/hyprland-git/usr/include/hyprland/src/helpers/AsyncDialogBox.hpp
-- Installing: /home/oniichanx/.cache/yay/hyprland-git/pkg/hyprland-git/usr/include/hyprland/src/helpers/ByteOperations.hpp
-- Installing: /home/oniichanx/.cache/yay/hyprland-git/pkg/hyprland-git/usr/include/hyprland/src/helpers/CMType.hpp
-- Installing: /home/oniichanx/.cache/yay/hyprland-git/pkg/hyprland-git/usr/include/hyprland/src/helpers/Color.hpp
-- Installing: /home/oniichanx/.cache/yay/hyprland-git/pkg/hyprland-git/usr/include/hyprland/src/helpers/CursorShapes.hpp
-- Installing: /home/oniichanx/.cache/yay/hyprland-git/pkg/hyprland-git/usr/include/hyprland/src/helpers/DamageRing.hpp
-- Installing: /home/oniichanx/.cache/yay/hyprland-git/pkg/hyprland-git/usr/include/hyprland/src/helpers/Drm.hpp
-- Installing: /home/oniichanx/.cache/yay/hyprland-git/pkg/hyprland-git/usr/include/hyprland/src/helpers/Format.hpp
-- Installing: /home/oniichanx/.cache/yay/hyprland-git/pkg/hyprland-git/usr/include/hyprland/src/helpers/MainLoopExecutor.hpp
-- Installing: /home/oniichanx/.cache/yay/hyprland-git/pkg/hyprland-git/usr/include/hyprland/src/helpers/MiscFunctions.hpp
-- Installing: /home/oniichanx/.cache/yay/hyprland-git/pkg/hyprland-git/usr/include/hyprland/src/helpers/Monitor.hpp
-- Installing: /home/oniichanx/.cache/yay/hyprland-git/pkg/hyprland-git/usr/include/hyprland/src/helpers/MonitorFrameScheduler.hpp
-- Installing: /home/oniichanx/.cache/yay/hyprland-git/pkg/hyprland-git/usr/include/hyprland/src/helpers/MonitorResources.hpp
-- Installing: /home/oniichanx/.cache/yay/hyprland-git/pkg/hyprland-git/usr/include/hyprland/src/helpers/MonitorZoomController.hpp
-- Installing: /home/oniichanx/.cache/yay/hyprland-git/pkg/hyprland-git/usr/include/hyprland/src/helpers/SdDaemon.hpp
-- Installing: /home/oniichanx/.cache/yay/hyprland-git/pkg/hyprland-git/usr/include/hyprland/src/helpers/Splashes.hpp
-- Installing: /home/oniichanx/.cache/yay/hyprland-git/pkg/hyprland-git/usr/include/hyprland/src/helpers/SystemInfo.hpp
-- Installing: /home/oniichanx/.cache/yay/hyprland-git/pkg/hyprland-git/usr/include/hyprland/src/helpers/TagKeeper.hpp
-- Installing: /home/oniichanx/.cache/yay/hyprland-git/pkg/hyprland-git/usr/include/hyprland/src/helpers/TransferFunction.hpp
-- Installing: /home/oniichanx/.cache/yay/hyprland-git/pkg/hyprland-git/usr/include/hyprland/src/helpers/WLClasses.hpp
-- Installing: /home/oniichanx/.cache/yay/hyprland-git/pkg/hyprland-git/usr/include/hyprland/src/helpers/cm
-- Installing: /home/oniichanx/.cache/yay/hyprland-git/pkg/hyprland-git/usr/include/hyprland/src/helpers/cm/ColorManagement.hpp
-- Installing: /home/oniichanx/.cache/yay/hyprland-git/pkg/hyprland-git/usr/include/hyprland/src/helpers/defer
-- Installing: /home/oniichanx/.cache/yay/hyprland-git/pkg/hyprland-git/usr/include/hyprland/src/helpers/defer/Promise.hpp
-- Installing: /home/oniichanx/.cache/yay/hyprland-git/pkg/hyprland-git/usr/include/hyprland/src/helpers/env
-- Installing: /home/oniichanx/.cache/yay/hyprland-git/pkg/hyprland-git/usr/include/hyprland/src/helpers/env/Env.hpp
-- Installing: /home/oniichanx/.cache/yay/hyprland-git/pkg/hyprland-git/usr/include/hyprland/src/helpers/fs
-- Installing: /home/oniichanx/.cache/yay/hyprland-git/pkg/hyprland-git/usr/include/hyprland/src/helpers/fs/FsUtils.hpp
-- Installing: /home/oniichanx/.cache/yay/hyprland-git/pkg/hyprland-git/usr/include/hyprland/src/helpers/math
-- Installing: /home/oniichanx/.cache/yay/hyprland-git/pkg/hyprland-git/usr/include/hyprland/src/helpers/math/Direction.hpp
-- Installing: /home/oniichanx/.cache/yay/hyprland-git/pkg/hyprland-git/usr/include/hyprland/src/helpers/math/Expression.hpp
-- Installing: /home/oniichanx/.cache/yay/hyprland-git/pkg/hyprland-git/usr/include/hyprland/src/helpers/math/Math.hpp
-- Installing: /home/oniichanx/.cache/yay/hyprland-git/pkg/hyprland-git/usr/include/hyprland/src/helpers/memory
-- Installing: /home/oniichanx/.cache/yay/hyprland-git/pkg/hyprland-git/usr/include/hyprland/src/helpers/memory/Memory.hpp
-- Installing: /home/oniichanx/.cache/yay/hyprland-git/pkg/hyprland-git/usr/include/hyprland/src/helpers/signal
-- Installing: /home/oniichanx/.cache/yay/hyprland-git/pkg/hyprland-git/usr/include/hyprland/src/helpers/signal/Signal.hpp
-- Installing: /home/oniichanx/.cache/yay/hyprland-git/pkg/hyprland-git/usr/include/hyprland/src/helpers/sync
-- Installing: /home/oniichanx/.cache/yay/hyprland-git/pkg/hyprland-git/usr/include/hyprland/src/helpers/sync/SyncReleaser.hpp
-- Installing: /home/oniichanx/.cache/yay/hyprland-git/pkg/hyprland-git/usr/include/hyprland/src/helpers/sync/SyncTimeline.hpp
-- Installing: /home/oniichanx/.cache/yay/hyprland-git/pkg/hyprland-git/usr/include/hyprland/src/helpers/time
-- Installing: /home/oniichanx/.cache/yay/hyprland-git/pkg/hyprland-git/usr/include/hyprland/src/helpers/time/Time.hpp
-- Installing: /home/oniichanx/.cache/yay/hyprland-git/pkg/hyprland-git/usr/include/hyprland/src/helpers/time/Timer.hpp
-- Installing: /home/oniichanx/.cache/yay/hyprland-git/pkg/hyprland-git/usr/include/hyprland/src/helpers/varlist
-- Installing: /home/oniichanx/.cache/yay/hyprland-git/pkg/hyprland-git/usr/include/hyprland/src/helpers/varlist/VarList.hpp
-- Installing: /home/oniichanx/.cache/yay/hyprland-git/pkg/hyprland-git/usr/include/hyprland/src/i18n
-- Installing: /home/oniichanx/.cache/yay/hyprland-git/pkg/hyprland-git/usr/include/hyprland/src/i18n/Engine.hpp
-- Installing: /home/oniichanx/.cache/yay/hyprland-git/pkg/hyprland-git/usr/include/hyprland/src/includes.hpp
-- Installing: /home/oniichanx/.cache/yay/hyprland-git/pkg/hyprland-git/usr/include/hyprland/src/init
-- Installing: /home/oniichanx/.cache/yay/hyprland-git/pkg/hyprland-git/usr/include/hyprland/src/init/initHelpers.hpp
-- Installing: /home/oniichanx/.cache/yay/hyprland-git/pkg/hyprland-git/usr/include/hyprland/src/layout
-- Installing: /home/oniichanx/.cache/yay/hyprland-git/pkg/hyprland-git/usr/include/hyprland/src/layout/LayoutManager.hpp
-- Installing: /home/oniichanx/.cache/yay/hyprland-git/pkg/hyprland-git/usr/include/hyprland/src/layout/algorithm
-- Installing: /home/oniichanx/.cache/yay/hyprland-git/pkg/hyprland-git/usr/include/hyprland/src/layout/algorithm/Algorithm.hpp
-- Installing: /home/oniichanx/.cache/yay/hyprland-git/pkg/hyprland-git/usr/include/hyprland/src/layout/algorithm/FloatingAlgorithm.hpp
-- Installing: /home/oniichanx/.cache/yay/hyprland-git/pkg/hyprland-git/usr/include/hyprland/src/layout/algorithm/ModeAlgorithm.hpp
-- Installing: /home/oniichanx/.cache/yay/hyprland-git/pkg/hyprland-git/usr/include/hyprland/src/layout/algorithm/TiledAlgorithm.hpp
-- Installing: /home/oniichanx/.cache/yay/hyprland-git/pkg/hyprland-git/usr/include/hyprland/src/layout/algorithm/floating
-- Installing: /home/oniichanx/.cache/yay/hyprland-git/pkg/hyprland-git/usr/include/hyprland/src/layout/algorithm/floating/default
-- Installing: /home/oniichanx/.cache/yay/hyprland-git/pkg/hyprland-git/usr/include/hyprland/src/layout/algorithm/floating/default/DefaultFloatingAlgorithm.hpp
-- Installing: /home/oniichanx/.cache/yay/hyprland-git/pkg/hyprland-git/usr/include/hyprland/src/layout/algorithm/tiled
-- Installing: /home/oniichanx/.cache/yay/hyprland-git/pkg/hyprland-git/usr/include/hyprland/src/layout/algorithm/tiled/dwindle
-- Installing: /home/oniichanx/.cache/yay/hyprland-git/pkg/hyprland-git/usr/include/hyprland/src/layout/algorithm/tiled/dwindle/DwindleAlgorithm.hpp
-- Installing: /home/oniichanx/.cache/yay/hyprland-git/pkg/hyprland-git/usr/include/hyprland/src/layout/algorithm/tiled/master
-- Installing: /home/oniichanx/.cache/yay/hyprland-git/pkg/hyprland-git/usr/include/hyprland/src/layout/algorithm/tiled/master/MasterAlgorithm.hpp
-- Installing: /home/oniichanx/.cache/yay/hyprland-git/pkg/hyprland-git/usr/include/hyprland/src/layout/algorithm/tiled/monocle
-- Installing: /home/oniichanx/.cache/yay/hyprland-git/pkg/hyprland-git/usr/include/hyprland/src/layout/algorithm/tiled/monocle/MonocleAlgorithm.hpp
-- Installing: /home/oniichanx/.cache/yay/hyprland-git/pkg/hyprland-git/usr/include/hyprland/src/layout/algorithm/tiled/scrolling
-- Installing: /home/oniichanx/.cache/yay/hyprland-git/pkg/hyprland-git/usr/include/hyprland/src/layout/algorithm/tiled/scrolling/ScrollTapeController.hpp
-- Installing: /home/oniichanx/.cache/yay/hyprland-git/pkg/hyprland-git/usr/include/hyprland/src/layout/algorithm/tiled/scrolling/ScrollingAlgorithm.hpp
-- Installing: /home/oniichanx/.cache/yay/hyprland-git/pkg/hyprland-git/usr/include/hyprland/src/layout/space
-- Installing: /home/oniichanx/.cache/yay/hyprland-git/pkg/hyprland-git/usr/include/hyprland/src/layout/space/Space.hpp
-- Installing: /home/oniichanx/.cache/yay/hyprland-git/pkg/hyprland-git/usr/include/hyprland/src/layout/supplementary
-- Installing: /home/oniichanx/.cache/yay/hyprland-git/pkg/hyprland-git/usr/include/hyprland/src/layout/supplementary/DragController.hpp
-- Installing: /home/oniichanx/.cache/yay/hyprland-git/pkg/hyprland-git/usr/include/hyprland/src/layout/supplementary/WorkspaceAlgoMatcher.hpp
-- Installing: /home/oniichanx/.cache/yay/hyprland-git/pkg/hyprland-git/usr/include/hyprland/src/layout/target
-- Installing: /home/oniichanx/.cache/yay/hyprland-git/pkg/hyprland-git/usr/include/hyprland/src/layout/target/Target.hpp
-- Installing: /home/oniichanx/.cache/yay/hyprland-git/pkg/hyprland-git/usr/include/hyprland/src/layout/target/WindowGroupTarget.hpp
-- Installing: /home/oniichanx/.cache/yay/hyprland-git/pkg/hyprland-git/usr/include/hyprland/src/layout/target/WindowTarget.hpp
-- Installing: /home/oniichanx/.cache/yay/hyprland-git/pkg/hyprland-git/usr/include/hyprland/src/macros.hpp
-- Installing: /home/oniichanx/.cache/yay/hyprland-git/pkg/hyprland-git/usr/include/hyprland/src/managers
-- Installing: /home/oniichanx/.cache/yay/hyprland-git/pkg/hyprland-git/usr/include/hyprland/src/managers/ANRManager.hpp
-- Installing: /home/oniichanx/.cache/yay/hyprland-git/pkg/hyprland-git/usr/include/hyprland/src/managers/CursorManager.hpp
-- Installing: /home/oniichanx/.cache/yay/hyprland-git/pkg/hyprland-git/usr/include/hyprland/src/managers/DonationNagManager.hpp
-- Installing: /home/oniichanx/.cache/yay/hyprland-git/pkg/hyprland-git/usr/include/hyprland/src/managers/EventManager.hpp
-- Installing: /home/oniichanx/.cache/yay/hyprland-git/pkg/hyprland-git/usr/include/hyprland/src/managers/KeybindManager.hpp
-- Installing: /home/oniichanx/.cache/yay/hyprland-git/pkg/hyprland-git/usr/include/hyprland/src/managers/PointerManager.hpp
-- Installing: /home/oniichanx/.cache/yay/hyprland-git/pkg/hyprland-git/usr/include/hyprland/src/managers/ProtocolManager.hpp
-- Installing: /home/oniichanx/.cache/yay/hyprland-git/pkg/hyprland-git/usr/include/hyprland/src/managers/SeatManager.hpp
-- Installing: /home/oniichanx/.cache/yay/hyprland-git/pkg/hyprland-git/usr/include/hyprland/src/managers/SessionLockManager.hpp
-- Installing: /home/oniichanx/.cache/yay/hyprland-git/pkg/hyprland-git/usr/include/hyprland/src/managers/TokenManager.hpp
-- Installing: /home/oniichanx/.cache/yay/hyprland-git/pkg/hyprland-git/usr/include/hyprland/src/managers/VersionKeeperManager.hpp
-- Installing: /home/oniichanx/.cache/yay/hyprland-git/pkg/hyprland-git/usr/include/hyprland/src/managers/WelcomeManager.hpp
-- Installing: /home/oniichanx/.cache/yay/hyprland-git/pkg/hyprland-git/usr/include/hyprland/src/managers/XCursorManager.hpp
-- Installing: /home/oniichanx/.cache/yay/hyprland-git/pkg/hyprland-git/usr/include/hyprland/src/managers/XWaylandManager.hpp
-- Installing: /home/oniichanx/.cache/yay/hyprland-git/pkg/hyprland-git/usr/include/hyprland/src/managers/animation
-- Installing: /home/oniichanx/.cache/yay/hyprland-git/pkg/hyprland-git/usr/include/hyprland/src/managers/animation/AnimationManager.hpp
-- Installing: /home/oniichanx/.cache/yay/hyprland-git/pkg/hyprland-git/usr/include/hyprland/src/managers/animation/DesktopAnimationManager.hpp
-- Installing: /home/oniichanx/.cache/yay/hyprland-git/pkg/hyprland-git/usr/include/hyprland/src/managers/cursor
-- Installing: /home/oniichanx/.cache/yay/hyprland-git/pkg/hyprland-git/usr/include/hyprland/src/managers/cursor/CursorShapeOverrideController.hpp
-- Installing: /home/oniichanx/.cache/yay/hyprland-git/pkg/hyprland-git/usr/include/hyprland/src/managers/eventLoop
-- Installing: /home/oniichanx/.cache/yay/hyprland-git/pkg/hyprland-git/usr/include/hyprland/src/managers/eventLoop/EventLoopManager.hpp
-- Installing: /home/oniichanx/.cache/yay/hyprland-git/pkg/hyprland-git/usr/include/hyprland/src/managers/eventLoop/EventLoopTimer.hpp
-- Installing: /home/oniichanx/.cache/yay/hyprland-git/pkg/hyprland-git/usr/include/hyprland/src/managers/input
-- Installing: /home/oniichanx/.cache/yay/hyprland-git/pkg/hyprland-git/usr/include/hyprland/src/managers/input/InputManager.hpp
-- Installing: /home/oniichanx/.cache/yay/hyprland-git/pkg/hyprland-git/usr/include/hyprland/src/managers/input/InputMethodPopup.hpp
-- Installing: /home/oniichanx/.cache/yay/hyprland-git/pkg/hyprland-git/usr/include/hyprland/src/managers/input/InputMethodRelay.hpp
-- Installing: /home/oniichanx/.cache/yay/hyprland-git/pkg/hyprland-git/usr/include/hyprland/src/managers/input/TextInput.hpp
-- Installing: /home/oniichanx/.cache/yay/hyprland-git/pkg/hyprland-git/usr/include/hyprland/src/managers/input/UnifiedWorkspaceSwipeGesture.hpp
-- Installing: /home/oniichanx/.cache/yay/hyprland-git/pkg/hyprland-git/usr/include/hyprland/src/managers/input/trackpad
-- Installing: /home/oniichanx/.cache/yay/hyprland-git/pkg/hyprland-git/usr/include/hyprland/src/managers/input/trackpad/GestureTypes.hpp
-- Installing: /home/oniichanx/.cache/yay/hyprland-git/pkg/hyprland-git/usr/include/hyprland/src/managers/input/trackpad/TrackpadGestures.hpp
-- Installing: /home/oniichanx/.cache/yay/hyprland-git/pkg/hyprland-git/usr/include/hyprland/src/managers/input/trackpad/gestures
-- Installing: /home/oniichanx/.cache/yay/hyprland-git/pkg/hyprland-git/usr/include/hyprland/src/managers/input/trackpad/gestures/CloseGesture.hpp
-- Installing: /home/oniichanx/.cache/yay/hyprland-git/pkg/hyprland-git/usr/include/hyprland/src/managers/input/trackpad/gestures/CursorZoomGesture.hpp
-- Installing: /home/oniichanx/.cache/yay/hyprland-git/pkg/hyprland-git/usr/include/hyprland/src/managers/input/trackpad/gestures/DispatcherGesture.hpp
-- Installing: /home/oniichanx/.cache/yay/hyprland-git/pkg/hyprland-git/usr/include/hyprland/src/managers/input/trackpad/gestures/FloatGesture.hpp
-- Installing: /home/oniichanx/.cache/yay/hyprland-git/pkg/hyprland-git/usr/include/hyprland/src/managers/input/trackpad/gestures/FullscreenGesture.hpp
-- Installing: /home/oniichanx/.cache/yay/hyprland-git/pkg/hyprland-git/usr/include/hyprland/src/managers/input/trackpad/gestures/ITrackpadGesture.hpp
-- Installing: /home/oniichanx/.cache/yay/hyprland-git/pkg/hyprland-git/usr/include/hyprland/src/managers/input/trackpad/gestures/LuaFunctionGesture.hpp
-- Installing: /home/oniichanx/.cache/yay/hyprland-git/pkg/hyprland-git/usr/include/hyprland/src/managers/input/trackpad/gestures/MoveGesture.hpp
-- Installing: /home/oniichanx/.cache/yay/hyprland-git/pkg/hyprland-git/usr/include/hyprland/src/managers/input/trackpad/gestures/ResizeGesture.hpp
-- Installing: /home/oniichanx/.cache/yay/hyprland-git/pkg/hyprland-git/usr/include/hyprland/src/managers/input/trackpad/gestures/SpecialWorkspaceGesture.hpp
-- Installing: /home/oniichanx/.cache/yay/hyprland-git/pkg/hyprland-git/usr/include/hyprland/src/managers/input/trackpad/gestures/WorkspaceSwipeGesture.hpp
-- Installing: /home/oniichanx/.cache/yay/hyprland-git/pkg/hyprland-git/usr/include/hyprland/src/managers/permissions
-- Installing: /home/oniichanx/.cache/yay/hyprland-git/pkg/hyprland-git/usr/include/hyprland/src/managers/permissions/DynamicPermissionManager.hpp
-- Installing: /home/oniichanx/.cache/yay/hyprland-git/pkg/hyprland-git/usr/include/hyprland/src/managers/screenshare
-- Installing: /home/oniichanx/.cache/yay/hyprland-git/pkg/hyprland-git/usr/include/hyprland/src/managers/screenshare/ScreenshareManager.hpp
-- Installing: /home/oniichanx/.cache/yay/hyprland-git/pkg/hyprland-git/usr/include/hyprland/src/notification
-- Installing: /home/oniichanx/.cache/yay/hyprland-git/pkg/hyprland-git/usr/include/hyprland/src/notification/Notification.hpp
-- Installing: /home/oniichanx/.cache/yay/hyprland-git/pkg/hyprland-git/usr/include/hyprland/src/notification/NotificationOverlay.hpp
-- Installing: /home/oniichanx/.cache/yay/hyprland-git/pkg/hyprland-git/usr/include/hyprland/src/notification/SharedDefines.hpp
-- Installing: /home/oniichanx/.cache/yay/hyprland-git/pkg/hyprland-git/usr/include/hyprland/src/pch
-- Installing: /home/oniichanx/.cache/yay/hyprland-git/pkg/hyprland-git/usr/include/hyprland/src/pch/pch.hpp
-- Installing: /home/oniichanx/.cache/yay/hyprland-git/pkg/hyprland-git/usr/include/hyprland/src/plugins
-- Installing: /home/oniichanx/.cache/yay/hyprland-git/pkg/hyprland-git/usr/include/hyprland/src/plugins/HookSystem.hpp
-- Installing: /home/oniichanx/.cache/yay/hyprland-git/pkg/hyprland-git/usr/include/hyprland/src/plugins/PluginAPI.hpp
-- Installing: /home/oniichanx/.cache/yay/hyprland-git/pkg/hyprland-git/usr/include/hyprland/src/plugins/PluginSystem.hpp
-- Installing: /home/oniichanx/.cache/yay/hyprland-git/pkg/hyprland-git/usr/include/hyprland/src/protocols
-- Installing: /home/oniichanx/.cache/yay/hyprland-git/pkg/hyprland-git/usr/include/hyprland/src/protocols/AlphaModifier.hpp
-- Installing: /home/oniichanx/.cache/yay/hyprland-git/pkg/hyprland-git/usr/include/hyprland/src/protocols/CTMControl.hpp
-- Installing: /home/oniichanx/.cache/yay/hyprland-git/pkg/hyprland-git/usr/include/hyprland/src/protocols/ColorManagement.hpp
-- Installing: /home/oniichanx/.cache/yay/hyprland-git/pkg/hyprland-git/usr/include/hyprland/src/protocols/CommitTiming.hpp
-- Installing: /home/oniichanx/.cache/yay/hyprland-git/pkg/hyprland-git/usr/include/hyprland/src/protocols/ContentType.hpp
-- Installing: /home/oniichanx/.cache/yay/hyprland-git/pkg/hyprland-git/usr/include/hyprland/src/protocols/CursorShape.hpp
-- Installing: /home/oniichanx/.cache/yay/hyprland-git/pkg/hyprland-git/usr/include/hyprland/src/protocols/DRMLease.hpp
-- Installing: /home/oniichanx/.cache/yay/hyprland-git/pkg/hyprland-git/usr/include/hyprland/src/protocols/DRMSyncobj.hpp
-- Installing: /home/oniichanx/.cache/yay/hyprland-git/pkg/hyprland-git/usr/include/hyprland/src/protocols/DataDeviceWlr.hpp
-- Installing: /home/oniichanx/.cache/yay/hyprland-git/pkg/hyprland-git/usr/include/hyprland/src/protocols/ExtDataDevice.hpp
-- Installing: /home/oniichanx/.cache/yay/hyprland-git/pkg/hyprland-git/usr/include/hyprland/src/protocols/ExtWorkspace.hpp
-- Installing: /home/oniichanx/.cache/yay/hyprland-git/pkg/hyprland-git/usr/include/hyprland/src/protocols/Fifo.hpp
-- Installing: /home/oniichanx/.cache/yay/hyprland-git/pkg/hyprland-git/usr/include/hyprland/src/protocols/FocusGrab.hpp
-- Installing: /home/oniichanx/.cache/yay/hyprland-git/pkg/hyprland-git/usr/include/hyprland/src/protocols/ForeignToplevel.hpp
-- Installing: /home/oniichanx/.cache/yay/hyprland-git/pkg/hyprland-git/usr/include/hyprland/src/protocols/ForeignToplevelWlr.hpp
-- Installing: /home/oniichanx/.cache/yay/hyprland-git/pkg/hyprland-git/usr/include/hyprland/src/protocols/FractionalScale.hpp
-- Installing: /home/oniichanx/.cache/yay/hyprland-git/pkg/hyprland-git/usr/include/hyprland/src/protocols/GammaControl.hpp
-- Installing: /home/oniichanx/.cache/yay/hyprland-git/pkg/hyprland-git/usr/include/hyprland/src/protocols/GlobalShortcuts.hpp
-- Installing: /home/oniichanx/.cache/yay/hyprland-git/pkg/hyprland-git/usr/include/hyprland/src/protocols/HyprlandSurface.hpp
-- Installing: /home/oniichanx/.cache/yay/hyprland-git/pkg/hyprland-git/usr/include/hyprland/src/protocols/IdleInhibit.hpp
-- Installing: /home/oniichanx/.cache/yay/hyprland-git/pkg/hyprland-git/usr/include/hyprland/src/protocols/IdleNotify.hpp
-- Installing: /home/oniichanx/.cache/yay/hyprland-git/pkg/hyprland-git/usr/include/hyprland/src/protocols/ImageCaptureSource.hpp
-- Installing: /home/oniichanx/.cache/yay/hyprland-git/pkg/hyprland-git/usr/include/hyprland/src/protocols/ImageCopyCapture.hpp
-- Installing: /home/oniichanx/.cache/yay/hyprland-git/pkg/hyprland-git/usr/include/hyprland/src/protocols/InputMethodV2.hpp
-- Installing: /home/oniichanx/.cache/yay/hyprland-git/pkg/hyprland-git/usr/include/hyprland/src/protocols/LayerShell.hpp
-- Installing: /home/oniichanx/.cache/yay/hyprland-git/pkg/hyprland-git/usr/include/hyprland/src/protocols/LinuxDMABUF.hpp
-- Installing: /home/oniichanx/.cache/yay/hyprland-git/pkg/hyprland-git/usr/include/hyprland/src/protocols/LockNotify.hpp
-- Installing: /home/oniichanx/.cache/yay/hyprland-git/pkg/hyprland-git/usr/include/hyprland/src/protocols/MesaDRM.hpp
-- Installing: /home/oniichanx/.cache/yay/hyprland-git/pkg/hyprland-git/usr/include/hyprland/src/protocols/OutputManagement.hpp
-- Installing: /home/oniichanx/.cache/yay/hyprland-git/pkg/hyprland-git/usr/include/hyprland/src/protocols/OutputPower.hpp
-- Installing: /home/oniichanx/.cache/yay/hyprland-git/pkg/hyprland-git/usr/include/hyprland/src/protocols/PointerConstraints.hpp
-- Installing: /home/oniichanx/.cache/yay/hyprland-git/pkg/hyprland-git/usr/include/hyprland/src/protocols/PointerGestures.hpp
-- Installing: /home/oniichanx/.cache/yay/hyprland-git/pkg/hyprland-git/usr/include/hyprland/src/protocols/PointerWarp.hpp
-- Installing: /home/oniichanx/.cache/yay/hyprland-git/pkg/hyprland-git/usr/include/hyprland/src/protocols/PresentationTime.hpp
-- Installing: /home/oniichanx/.cache/yay/hyprland-git/pkg/hyprland-git/usr/include/hyprland/src/protocols/PrimarySelection.hpp
-- Installing: /home/oniichanx/.cache/yay/hyprland-git/pkg/hyprland-git/usr/include/hyprland/src/protocols/RelativePointer.hpp
-- Installing: /home/oniichanx/.cache/yay/hyprland-git/pkg/hyprland-git/usr/include/hyprland/src/protocols/Screencopy.hpp
-- Installing: /home/oniichanx/.cache/yay/hyprland-git/pkg/hyprland-git/usr/include/hyprland/src/protocols/SecurityContext.hpp
-- Installing: /home/oniichanx/.cache/yay/hyprland-git/pkg/hyprland-git/usr/include/hyprland/src/protocols/ServerDecorationKDE.hpp
-- Installing: /home/oniichanx/.cache/yay/hyprland-git/pkg/hyprland-git/usr/include/hyprland/src/protocols/SessionLock.hpp
-- Installing: /home/oniichanx/.cache/yay/hyprland-git/pkg/hyprland-git/usr/include/hyprland/src/protocols/ShortcutsInhibit.hpp
-- Installing: /home/oniichanx/.cache/yay/hyprland-git/pkg/hyprland-git/usr/include/hyprland/src/protocols/SinglePixel.hpp
-- Installing: /home/oniichanx/.cache/yay/hyprland-git/pkg/hyprland-git/usr/include/hyprland/src/protocols/Tablet.hpp
-- Installing: /home/oniichanx/.cache/yay/hyprland-git/pkg/hyprland-git/usr/include/hyprland/src/protocols/TearingControl.hpp
-- Installing: /home/oniichanx/.cache/yay/hyprland-git/pkg/hyprland-git/usr/include/hyprland/src/protocols/TextInputV1.hpp
-- Installing: /home/oniichanx/.cache/yay/hyprland-git/pkg/hyprland-git/usr/include/hyprland/src/protocols/TextInputV3.hpp
-- Installing: /home/oniichanx/.cache/yay/hyprland-git/pkg/hyprland-git/usr/include/hyprland/src/protocols/ToplevelExport.hpp
-- Installing: /home/oniichanx/.cache/yay/hyprland-git/pkg/hyprland-git/usr/include/hyprland/src/protocols/ToplevelMapping.hpp
-- Installing: /home/oniichanx/.cache/yay/hyprland-git/pkg/hyprland-git/usr/include/hyprland/src/protocols/Viewporter.hpp
-- Installing: /home/oniichanx/.cache/yay/hyprland-git/pkg/hyprland-git/usr/include/hyprland/src/protocols/VirtualKeyboard.hpp
-- Installing: /home/oniichanx/.cache/yay/hyprland-git/pkg/hyprland-git/usr/include/hyprland/src/protocols/VirtualPointer.hpp
-- Installing: /home/oniichanx/.cache/yay/hyprland-git/pkg/hyprland-git/usr/include/hyprland/src/protocols/WaylandProtocol.hpp
-- Installing: /home/oniichanx/.cache/yay/hyprland-git/pkg/hyprland-git/usr/include/hyprland/src/protocols/XDGActivation.hpp
-- Installing: /home/oniichanx/.cache/yay/hyprland-git/pkg/hyprland-git/usr/include/hyprland/src/protocols/XDGBell.hpp
-- Installing: /home/oniichanx/.cache/yay/hyprland-git/pkg/hyprland-git/usr/include/hyprland/src/protocols/XDGDecoration.hpp
-- Installing: /home/oniichanx/.cache/yay/hyprland-git/pkg/hyprland-git/usr/include/hyprland/src/protocols/XDGDialog.hpp
-- Installing: /home/oniichanx/.cache/yay/hyprland-git/pkg/hyprland-git/usr/include/hyprland/src/protocols/XDGForeignV2.hpp
-- Installing: /home/oniichanx/.cache/yay/hyprland-git/pkg/hyprland-git/usr/include/hyprland/src/protocols/XDGOutput.hpp
-- Installing: /home/oniichanx/.cache/yay/hyprland-git/pkg/hyprland-git/usr/include/hyprland/src/protocols/XDGShell.hpp
-- Installing: /home/oniichanx/.cache/yay/hyprland-git/pkg/hyprland-git/usr/include/hyprland/src/protocols/XDGTag.hpp
-- Installing: /home/oniichanx/.cache/yay/hyprland-git/pkg/hyprland-git/usr/include/hyprland/src/protocols/XWaylandShell.hpp
-- Installing: /home/oniichanx/.cache/yay/hyprland-git/pkg/hyprland-git/usr/include/hyprland/src/protocols/core
-- Installing: /home/oniichanx/.cache/yay/hyprland-git/pkg/hyprland-git/usr/include/hyprland/src/protocols/core/Compositor.hpp
-- Installing: /home/oniichanx/.cache/yay/hyprland-git/pkg/hyprland-git/usr/include/hyprland/src/protocols/core/DataDevice.hpp
-- Installing: /home/oniichanx/.cache/yay/hyprland-git/pkg/hyprland-git/usr/include/hyprland/src/protocols/core/Output.hpp
-- Installing: /home/oniichanx/.cache/yay/hyprland-git/pkg/hyprland-git/usr/include/hyprland/src/protocols/core/Seat.hpp
-- Installing: /home/oniichanx/.cache/yay/hyprland-git/pkg/hyprland-git/usr/include/hyprland/src/protocols/core/Shm.hpp
-- Installing: /home/oniichanx/.cache/yay/hyprland-git/pkg/hyprland-git/usr/include/hyprland/src/protocols/core/Subcompositor.hpp
-- Installing: /home/oniichanx/.cache/yay/hyprland-git/pkg/hyprland-git/usr/include/hyprland/src/protocols/types
-- Installing: /home/oniichanx/.cache/yay/hyprland-git/pkg/hyprland-git/usr/include/hyprland/src/protocols/types/Buffer.hpp
-- Installing: /home/oniichanx/.cache/yay/hyprland-git/pkg/hyprland-git/usr/include/hyprland/src/protocols/types/ContentType.hpp
-- Installing: /home/oniichanx/.cache/yay/hyprland-git/pkg/hyprland-git/usr/include/hyprland/src/protocols/types/DMABuffer.hpp
-- Installing: /home/oniichanx/.cache/yay/hyprland-git/pkg/hyprland-git/usr/include/hyprland/src/protocols/types/DataDevice.hpp
-- Installing: /home/oniichanx/.cache/yay/hyprland-git/pkg/hyprland-git/usr/include/hyprland/src/protocols/types/SurfaceRole.hpp
-- Installing: /home/oniichanx/.cache/yay/hyprland-git/pkg/hyprland-git/usr/include/hyprland/src/protocols/types/SurfaceState.hpp
-- Installing: /home/oniichanx/.cache/yay/hyprland-git/pkg/hyprland-git/usr/include/hyprland/src/protocols/types/SurfaceStateQueue.hpp
-- Installing: /home/oniichanx/.cache/yay/hyprland-git/pkg/hyprland-git/usr/include/hyprland/src/protocols/types/WLBuffer.hpp
-- Installing: /home/oniichanx/.cache/yay/hyprland-git/pkg/hyprland-git/usr/include/hyprland/src/render
-- Installing: /home/oniichanx/.cache/yay/hyprland-git/pkg/hyprland-git/usr/include/hyprland/src/render/AsyncResourceGatherer.hpp
-- Installing: /home/oniichanx/.cache/yay/hyprland-git/pkg/hyprland-git/usr/include/hyprland/src/render/ElementRenderer.hpp
-- Installing: /home/oniichanx/.cache/yay/hyprland-git/pkg/hyprland-git/usr/include/hyprland/src/render/Framebuffer.hpp
-- Installing: /home/oniichanx/.cache/yay/hyprland-git/pkg/hyprland-git/usr/include/hyprland/src/render/GLRenderer.hpp
-- Installing: /home/oniichanx/.cache/yay/hyprland-git/pkg/hyprland-git/usr/include/hyprland/src/render/OpenGL.hpp
-- Installing: /home/oniichanx/.cache/yay/hyprland-git/pkg/hyprland-git/usr/include/hyprland/src/render/Renderbuffer.hpp
-- Installing: /home/oniichanx/.cache/yay/hyprland-git/pkg/hyprland-git/usr/include/hyprland/src/render/Renderer.hpp
-- Installing: /home/oniichanx/.cache/yay/hyprland-git/pkg/hyprland-git/usr/include/hyprland/src/render/Shader.hpp
-- Installing: /home/oniichanx/.cache/yay/hyprland-git/pkg/hyprland-git/usr/include/hyprland/src/render/ShaderLoader.hpp
-- Installing: /home/oniichanx/.cache/yay/hyprland-git/pkg/hyprland-git/usr/include/hyprland/src/render/SyncFDManager.hpp
-- Installing: /home/oniichanx/.cache/yay/hyprland-git/pkg/hyprland-git/usr/include/hyprland/src/render/Texture.hpp
-- Installing: /home/oniichanx/.cache/yay/hyprland-git/pkg/hyprland-git/usr/include/hyprland/src/render/Transformer.hpp
-- Installing: /home/oniichanx/.cache/yay/hyprland-git/pkg/hyprland-git/usr/include/hyprland/src/render/decorations
-- Installing: /home/oniichanx/.cache/yay/hyprland-git/pkg/hyprland-git/usr/include/hyprland/src/render/decorations/CHyprBorderDecoration.hpp
-- Installing: /home/oniichanx/.cache/yay/hyprland-git/pkg/hyprland-git/usr/include/hyprland/src/render/decorations/CHyprDropShadowDecoration.hpp
-- Installing: /home/oniichanx/.cache/yay/hyprland-git/pkg/hyprland-git/usr/include/hyprland/src/render/decorations/CHyprGroupBarDecoration.hpp
-- Installing: /home/oniichanx/.cache/yay/hyprland-git/pkg/hyprland-git/usr/include/hyprland/src/render/decorations/CHyprInnerGlowDecoration.hpp
-- Installing: /home/oniichanx/.cache/yay/hyprland-git/pkg/hyprland-git/usr/include/hyprland/src/render/decorations/DecorationPositioner.hpp
-- Installing: /home/oniichanx/.cache/yay/hyprland-git/pkg/hyprland-git/usr/include/hyprland/src/render/decorations/IHyprWindowDecoration.hpp
-- Installing: /home/oniichanx/.cache/yay/hyprland-git/pkg/hyprland-git/usr/include/hyprland/src/render/gl
-- Installing: /home/oniichanx/.cache/yay/hyprland-git/pkg/hyprland-git/usr/include/hyprland/src/render/gl/GLElementRenderer.hpp
-- Installing: /home/oniichanx/.cache/yay/hyprland-git/pkg/hyprland-git/usr/include/hyprland/src/render/gl/GLFramebuffer.hpp
-- Installing: /home/oniichanx/.cache/yay/hyprland-git/pkg/hyprland-git/usr/include/hyprland/src/render/gl/GLRenderbuffer.hpp
-- Installing: /home/oniichanx/.cache/yay/hyprland-git/pkg/hyprland-git/usr/include/hyprland/src/render/gl/GLTexture.hpp
-- Installing: /home/oniichanx/.cache/yay/hyprland-git/pkg/hyprland-git/usr/include/hyprland/src/render/pass
-- Installing: /home/oniichanx/.cache/yay/hyprland-git/pkg/hyprland-git/usr/include/hyprland/src/render/pass/BorderPassElement.hpp
-- Installing: /home/oniichanx/.cache/yay/hyprland-git/pkg/hyprland-git/usr/include/hyprland/src/render/pass/ClearPassElement.hpp
-- Installing: /home/oniichanx/.cache/yay/hyprland-git/pkg/hyprland-git/usr/include/hyprland/src/render/pass/FramebufferElement.hpp
-- Installing: /home/oniichanx/.cache/yay/hyprland-git/pkg/hyprland-git/usr/include/hyprland/src/render/pass/InnerGlowPassElement.hpp
-- Installing: /home/oniichanx/.cache/yay/hyprland-git/pkg/hyprland-git/usr/include/hyprland/src/render/pass/Pass.hpp
-- Installing: /home/oniichanx/.cache/yay/hyprland-git/pkg/hyprland-git/usr/include/hyprland/src/render/pass/PassElement.hpp
-- Installing: /home/oniichanx/.cache/yay/hyprland-git/pkg/hyprland-git/usr/include/hyprland/src/render/pass/PreBlurElement.hpp
-- Installing: /home/oniichanx/.cache/yay/hyprland-git/pkg/hyprland-git/usr/include/hyprland/src/render/pass/RectPassElement.hpp
-- Installing: /home/oniichanx/.cache/yay/hyprland-git/pkg/hyprland-git/usr/include/hyprland/src/render/pass/RendererHintsPassElement.hpp
-- Installing: /home/oniichanx/.cache/yay/hyprland-git/pkg/hyprland-git/usr/include/hyprland/src/render/pass/ShadowPassElement.hpp
-- Installing: /home/oniichanx/.cache/yay/hyprland-git/pkg/hyprland-git/usr/include/hyprland/src/render/pass/SurfacePassElement.hpp
-- Installing: /home/oniichanx/.cache/yay/hyprland-git/pkg/hyprland-git/usr/include/hyprland/src/render/pass/TexPassElement.hpp
-- Installing: /home/oniichanx/.cache/yay/hyprland-git/pkg/hyprland-git/usr/include/hyprland/src/render/pass/TextureMatteElement.hpp
-- Installing: /home/oniichanx/.cache/yay/hyprland-git/pkg/hyprland-git/usr/include/hyprland/src/render/shaders
-- Installing: /home/oniichanx/.cache/yay/hyprland-git/pkg/hyprland-git/usr/include/hyprland/src/render/shaders/glsl
-- Installing: /home/oniichanx/.cache/yay/hyprland-git/pkg/hyprland-git/usr/include/hyprland/src/render/shaders/glsl/constants.h
-- Installing: /home/oniichanx/.cache/yay/hyprland-git/pkg/hyprland-git/usr/include/hyprland/src/render/shaders/glsl/defines.h
-- Installing: /home/oniichanx/.cache/yay/hyprland-git/pkg/hyprland-git/usr/include/hyprland/src/render/shaders/Shaders.hpp
-- Installing: /home/oniichanx/.cache/yay/hyprland-git/pkg/hyprland-git/usr/include/hyprland/src/render/shaders/blur1.frag.inc
-- Installing: /home/oniichanx/.cache/yay/hyprland-git/pkg/hyprland-git/usr/include/hyprland/src/render/shaders/blur1.glsl.inc
-- Installing: /home/oniichanx/.cache/yay/hyprland-git/pkg/hyprland-git/usr/include/hyprland/src/render/shaders/blur2.frag.inc
-- Installing: /home/oniichanx/.cache/yay/hyprland-git/pkg/hyprland-git/usr/include/hyprland/src/render/shaders/blur2.glsl.inc
-- Installing: /home/oniichanx/.cache/yay/hyprland-git/pkg/hyprland-git/usr/include/hyprland/src/render/shaders/blurfinish.frag.inc
-- Installing: /home/oniichanx/.cache/yay/hyprland-git/pkg/hyprland-git/usr/include/hyprland/src/render/shaders/blurFinish.glsl.inc
-- Installing: /home/oniichanx/.cache/yay/hyprland-git/pkg/hyprland-git/usr/include/hyprland/src/render/shaders/blurprepare.frag.inc
-- Installing: /home/oniichanx/.cache/yay/hyprland-git/pkg/hyprland-git/usr/include/hyprland/src/render/shaders/blurprepare.glsl.inc
-- Installing: /home/oniichanx/.cache/yay/hyprland-git/pkg/hyprland-git/usr/include/hyprland/src/render/shaders/border.frag.inc
-- Installing: /home/oniichanx/.cache/yay/hyprland-git/pkg/hyprland-git/usr/include/hyprland/src/render/shaders/border.glsl.inc
-- Installing: /home/oniichanx/.cache/yay/hyprland-git/pkg/hyprland-git/usr/include/hyprland/src/render/shaders/CM.glsl.inc
-- Installing: /home/oniichanx/.cache/yay/hyprland-git/pkg/hyprland-git/usr/include/hyprland/src/render/shaders/cm_helpers.glsl.inc
-- Installing: /home/oniichanx/.cache/yay/hyprland-git/pkg/hyprland-git/usr/include/hyprland/src/render/shaders/constants.h.inc
-- Installing: /home/oniichanx/.cache/yay/hyprland-git/pkg/hyprland-git/usr/include/hyprland/src/render/shaders/defines.h.inc
-- Installing: /home/oniichanx/.cache/yay/hyprland-git/pkg/hyprland-git/usr/include/hyprland/src/render/shaders/ext.frag.inc
-- Installing: /home/oniichanx/.cache/yay/hyprland-git/pkg/hyprland-git/usr/include/hyprland/src/render/shaders/gain.glsl.inc
-- Installing: /home/oniichanx/.cache/yay/hyprland-git/pkg/hyprland-git/usr/include/hyprland/src/render/shaders/glitch.frag.inc
-- Installing: /home/oniichanx/.cache/yay/hyprland-git/pkg/hyprland-git/usr/include/hyprland/src/render/shaders/inner_glow.frag.inc
-- Installing: /home/oniichanx/.cache/yay/hyprland-git/pkg/hyprland-git/usr/include/hyprland/src/render/shaders/inner_glow.glsl.inc
-- Installing: /home/oniichanx/.cache/yay/hyprland-git/pkg/hyprland-git/usr/include/hyprland/src/render/shaders/passthru.frag.inc
-- Installing: /home/oniichanx/.cache/yay/hyprland-git/pkg/hyprland-git/usr/include/hyprland/src/render/shaders/quad.frag.inc
-- Installing: /home/oniichanx/.cache/yay/hyprland-git/pkg/hyprland-git/usr/include/hyprland/src/render/shaders/rgbamatte.frag.inc
-- Installing: /home/oniichanx/.cache/yay/hyprland-git/pkg/hyprland-git/usr/include/hyprland/src/render/shaders/rounding.glsl.inc
-- Installing: /home/oniichanx/.cache/yay/hyprland-git/pkg/hyprland-git/usr/include/hyprland/src/render/shaders/shadow.frag.inc
-- Installing: /home/oniichanx/.cache/yay/hyprland-git/pkg/hyprland-git/usr/include/hyprland/src/render/shaders/shadow.glsl.inc
-- Installing: /home/oniichanx/.cache/yay/hyprland-git/pkg/hyprland-git/usr/include/hyprland/src/render/shaders/surface.frag.inc
-- Installing: /home/oniichanx/.cache/yay/hyprland-git/pkg/hyprland-git/usr/include/hyprland/src/render/shaders/tex300.vert.inc
-- Installing: /home/oniichanx/.cache/yay/hyprland-git/pkg/hyprland-git/usr/include/hyprland/src/render/shaders/tex320.vert.inc
-- Installing: /home/oniichanx/.cache/yay/hyprland-git/pkg/hyprland-git/usr/include/hyprland/src/render/shaders/tonemap.glsl.inc
-- Installing: /home/oniichanx/.cache/yay/hyprland-git/pkg/hyprland-git/usr/include/hyprland/src/render/types.hpp
-- Installing: /home/oniichanx/.cache/yay/hyprland-git/pkg/hyprland-git/usr/include/hyprland/src/xwayland
-- Installing: /home/oniichanx/.cache/yay/hyprland-git/pkg/hyprland-git/usr/include/hyprland/src/xwayland/Dnd.hpp
-- Installing: /home/oniichanx/.cache/yay/hyprland-git/pkg/hyprland-git/usr/include/hyprland/src/xwayland/Server.hpp
-- Installing: /home/oniichanx/.cache/yay/hyprland-git/pkg/hyprland-git/usr/include/hyprland/src/xwayland/XDataSource.hpp
-- Installing: /home/oniichanx/.cache/yay/hyprland-git/pkg/hyprland-git/usr/include/hyprland/src/xwayland/XSurface.hpp
-- Installing: /home/oniichanx/.cache/yay/hyprland-git/pkg/hyprland-git/usr/include/hyprland/src/xwayland/XWM.hpp
-- Installing: /home/oniichanx/.cache/yay/hyprland-git/pkg/hyprland-git/usr/include/hyprland/src/xwayland/XWayland.hpp
-- Installing: /home/oniichanx/.cache/yay/hyprland-git/pkg/hyprland-git/usr/include/hyprland/src/version.h
==> Tidying install...
  -> Removing libtool files...
  -> Removing static library files...
  -> Purging unwanted files...
  -> Stripping unneeded symbols from binaries and libraries...
  -> Compressing man and info pages...
==> Checking for packaging issues...
==> Creating package "hyprland-git"...
  -> Generating .PKGINFO file...
  -> Generating .BUILDINFO file...
  -> Generating .MTREE file...
  -> Compressing package...
==> Creating package "hyprland-git-debug"...
  -> Generating .PKGINFO file...
  -> Generating .BUILDINFO file...
  -> Generating .MTREE file...
  -> Compressing package...
==> Leaving fakeroot environment.
==> Finished making: hyprland-git 0.54.0.r327.ge965938-1 (Thu 07 May 2026 04:09:11 AM +07)
==> Cleaning up...
loading packages...
resolving dependencies...
looking for conflicting packages...

Packages (2) hyprland-git-0.54.0.r327.ge965938-1  hyprland-git-debug-0.54.0.r327.ge965938-1

Total Installed Size:  544.95 MiB

:: Proceed with installation? [Y/n] 
checking keyring...
checking package integrity...
loading package files...
checking for file conflicts...
checking available disk space...
:: Processing package changes...
installing hyprland-git...
Optional dependencies for hyprland-git
    cmake: to build and install plugins using hyprpm [installed]
    cpio: to build and install plugins using hyprpm
    glaze: to build and install plugins using hyprpm [installed]
    hyprqt6engine-git: the recommended way to manage qt styles
    meson: to build and install plugins using hyprpm [installed]
    uwsm: the recommended way to start Hyprland
installing hyprland-git-debug...
:: Running post-transaction hooks...
(1/1) Arming ConditionNeedsUpdate...
[33m[NOTE][m === Installing xdg-desktop-portal-hyprland-git ===
AUR Explicit (1): xdg-desktop-portal-hyprland-git-1.3.9.r5.gbe6771e-1
Sync Dependency (2): xdg-desktop-portal-1.20.4-1, sdbus-cpp-2.2.1-1
Sync Make Dependency (1): scdoc-1.11.4-1
:: [1m(1/1) Downloaded PKGBUILD: xdg-desktop-portal-hyprland-git[0m
  1 xdg-desktop-portal-hyprland-git          (Build Files Exist)
==> Packages to cleanBuild?
==> [N]one [A]ll [Ab]ort [I]nstalled [No]tInstalled or (1 2 3, 1-3, ^4)
==> 
  1 xdg-desktop-portal-hyprland-git          (Build Files Exist)
==> Diffs to show?
==> [N]one [A]ll [Ab]ort [I]nstalled [No]tInstalled or (1 2 3, 1-3, ^4)
==> 
==> Making package: xdg-desktop-portal-hyprland-git 1.3.9.r5.gbe6771e-1 (Thu 07 May 2026 04:09:25 AM +07)
==> Retrieving sources...
  -> Cloning xdg-desktop-portal-hyprland git repo...
Cloning into bare repository '/home/oniichanx/.cache/yay/xdg-desktop-portal-hyprland-git/xdg-desktop-portal-hyprland'...
==> WARNING: Skipping verification of source file PGP signatures.
==> Validating source files with sha256sums...
    xdg-desktop-portal-hyprland ... Skipped
:: [1m(1/1) Parsing SRCINFO: xdg-desktop-portal-hyprland-git[0m
resolving dependencies...
looking for conflicting packages...

Packages (6) fuse-common-3.18.2-1  fuse3-3.18.2-1  rtkit-0.14-1  scdoc-1.11.4-1  sdbus-cpp-2.2.1-1  xdg-desktop-portal-1.20.4-1

Total Download Size:   0.83 MiB
Total Installed Size:  3.26 MiB

:: Proceed with installation? [Y/n] 
:: Retrieving packages...
 xdg-desktop-portal-1.20.4-1-x86_64 downloading...
 sdbus-cpp-2.2.1-1-x86_64 downloading...
 fuse3-3.18.2-1-x86_64 downloading...
 rtkit-0.14-1-x86_64 downloading...
 scdoc-1.11.4-1-x86_64 downloading...
 fuse-common-3.18.2-1-x86_64 downloading...
checking keyring...
checking package integrity...
loading package files...
checking for file conflicts...
checking available disk space...
:: Processing package changes...
installing fuse-common...
installing fuse3...
installing rtkit...
installing xdg-desktop-portal...
Optional dependencies for xdg-desktop-portal
    geoclue: Geolocation portal
    xdg-desktop-portal-impl: Portal backends
installing sdbus-cpp...
installing scdoc...
:: Running post-transaction hooks...
(1/6) Creating system user accounts...
Creating group 'rtkit' with GID 965.
Creating user 'rtkit' (RealtimeKit) with UID 965 and GID 965.
(2/6) Reloading system manager configuration...
(3/6) Reloading user manager configuration...
(4/6) Reloading device manager configuration...
(5/6) Arming ConditionNeedsUpdate...
(6/6) Reloading system bus configuration...
==> Making package: xdg-desktop-portal-hyprland-git 1.3.9.r5.gbe6771e-1 (Thu 07 May 2026 04:09:29 AM +07)
==> Checking runtime dependencies...
==> Checking buildtime dependencies...
==> Retrieving sources...
  -> Updating xdg-desktop-portal-hyprland git repo...
==> Validating source files with sha256sums...
    xdg-desktop-portal-hyprland ... Skipped
==> Removing existing $srcdir/ directory...
==> Extracting sources...
  -> Creating working copy of xdg-desktop-portal-hyprland git repo...
Cloning into 'xdg-desktop-portal-hyprland'...
done.
==> Starting pkgver()...
==> Updated version: xdg-desktop-portal-hyprland-git 1.3.12.r2.gfa50d6f-1
==> Sources are ready.
==> Making package: xdg-desktop-portal-hyprland-git 1.3.12.r2.gfa50d6f-1 (Thu 07 May 2026 04:09:30 AM +07)
==> Checking runtime dependencies...
==> Checking buildtime dependencies...
==> WARNING: Using existing $srcdir/ tree
==> Starting pkgver()...
==> Starting build()...
-- The C compiler identification is GNU 16.1.1
-- The CXX compiler identification is GNU 16.1.1
-- Detecting C compiler ABI info
-- Detecting C compiler ABI info - done
-- Check for working C compiler: /usr/bin/cc - skipped
-- Detecting C compile features
-- Detecting C compile features - done
-- Detecting CXX compiler ABI info
-- Detecting CXX compiler ABI info - done
-- Check for working CXX compiler: /usr/bin/c++ - skipped
-- Detecting CXX compile features
-- Detecting CXX compile features - done
-- Configuring XDPH in Release with CMake
-- Checking deps...
-- Performing Test CMAKE_HAVE_LIBC_PTHREAD
-- Performing Test CMAKE_HAVE_LIBC_PTHREAD - Success
-- Found Threads: TRUE
-- Performing Test HAVE_STDATOMIC
-- Performing Test HAVE_STDATOMIC - Success
-- Found WrapAtomic: TRUE
-- Found OpenGL: /usr/lib/libOpenGL.so
-- Found WrapOpenGL: TRUE
-- Could NOT find WrapVulkanHeaders (missing: Vulkan_INCLUDE_DIR) 
-- Found PkgConfig: /usr/bin/pkg-config (found version "2.5.1")
-- Checking for module 'hyprutils>=0.2.6'
--   Found hyprutils, version 0.13.0
-- Checking for modules 'wayland-client;wayland-protocols;libpipewire-0.3>=1.1.82;libspa-0.2;libdrm;gbm;hyprlang>=0.2.0;hyprutils>=0.2.6;hyprwayland-scanner>=0.4.2'
--   Found wayland-client, version 1.25.0
--   Found wayland-protocols, version 1.48
--   Found libpipewire-0.3, version 1.6.4
--   Found libspa-0.2, version 0.2
--   Found libdrm, version 2.4.131
--   Found gbm, version 26.0.6-arch1.1
--   Found hyprlang, version 0.6.8
--   Found hyprutils, version 0.13.0
--   Found hyprwayland-scanner, version 0.4.6
-- Checking for module 'sdbus-c++>=2.0.0'
--   Found sdbus-c++, version 2.2.1
-- Checking for module 'hyprland-protocols'
--   Found hyprland-protocols, version 0.7.0
-- Found wayland-protocols at //usr/share/wayland-protocols
-- Found wayland-scanner at //usr/share/wayland
-- Configuring done (0.6s)
-- Generating done (0.0s)
-- Build files have been written to: /home/oniichanx/.cache/yay/xdg-desktop-portal-hyprland-git/src/build
[0/2] Re-checking globbed directories...
[1/36] Generating /home/oniichanx/.cache/yay/xdg-desktop-portal-hyprland-git/src/xdg-desktop-portal-hyprland/protocols/hyprland-toplevel-mapping-v1.cpp, /home/oniichanx/.cache/yay/xdg-desktop-portal-hyprland-git/src/xdg-desktop-portal-hyprland/protocols/hyprland-toplevel-mapping-v1.hpp
[2/36] Generating /home/oniichanx/.cache/yay/xdg-desktop-portal-hyprland-git/src/xdg-desktop-portal-hyprland/protocols/wlr-foreign-toplevel-management-unstable-v1.cpp, /home/oniichanx/.cache/yay/xdg-desktop-portal-hyprland-git/src/xdg-desktop-portal-hyprland/protocols/wlr-foreign-toplevel-management-unstable-v1.hpp
[3/36] Generating /home/oniichanx/.cache/yay/xdg-desktop-portal-hyprland-git/src/xdg-desktop-portal-hyprland/protocols/wlr-screencopy-unstable-v1.cpp, /home/oniichanx/.cache/yay/xdg-desktop-portal-hyprland-git/src/xdg-desktop-portal-hyprland/protocols/wlr-screencopy-unstable-v1.hpp
[4/36] Generating /home/oniichanx/.cache/yay/xdg-desktop-portal-hyprland-git/src/xdg-desktop-portal-hyprland/protocols/hyprland-global-shortcuts-v1.cpp, /home/oniichanx/.cache/yay/xdg-desktop-portal-hyprland-git/src/xdg-desktop-portal-hyprland/protocols/hyprland-global-shortcuts-v1.hpp
[5/36] Generating /home/oniichanx/.cache/yay/xdg-desktop-portal-hyprland-git/src/xdg-desktop-portal-hyprland/protocols/linux-dmabuf-v1.cpp, /home/oniichanx/.cache/yay/xdg-desktop-portal-hyprland-git/src/xdg-desktop-portal-hyprland/protocols/linux-dmabuf-v1.hpp
[6/36] Generating /home/oniichanx/.cache/yay/xdg-desktop-portal-hyprland-git/src/xdg-desktop-portal-hyprland/protocols/ext-foreign-toplevel-list-v1.cpp, /home/oniichanx/.cache/yay/xdg-desktop-portal-hyprland-git/src/xdg-desktop-portal-hyprland/protocols/ext-foreign-toplevel-list-v1.hpp
[7/36] Generating /home/oniichanx/.cache/yay/xdg-desktop-portal-hyprland-git/src/xdg-desktop-portal-hyprland/protocols/hyprland-toplevel-export-v1.cpp, /home/oniichanx/.cache/yay/xdg-desktop-portal-hyprland-git/src/xdg-desktop-portal-hyprland/protocols/hyprland-toplevel-export-v1.hpp
[8/36] Generating /home/oniichanx/.cache/yay/xdg-desktop-portal-hyprland-git/src/xdg-desktop-portal-hyprland/protocols/wayland.cpp, /home/oniichanx/.cache/yay/xdg-desktop-portal-hyprland-git/src/xdg-desktop-portal-hyprland/protocols/wayland.hpp
[9/36] Automatic MOC and UIC for target hyprland-share-picker
[10/36] Building CXX object CMakeFiles/xdg-desktop-portal-hyprland.dir/protocols/hyprland-global-shortcuts-v1.cpp.o
[11/36] Building CXX object CMakeFiles/xdg-desktop-portal-hyprland.dir/protocols/wlr-foreign-toplevel-management-unstable-v1.cpp.o
[12/36] Building CXX object CMakeFiles/xdg-desktop-portal-hyprland.dir/protocols/wlr-screencopy-unstable-v1.cpp.o
[13/36] Building CXX object CMakeFiles/xdg-desktop-portal-hyprland.dir/protocols/hyprland-toplevel-export-v1.cpp.o
[14/36] Building CXX object CMakeFiles/xdg-desktop-portal-hyprland.dir/src/helpers/Log.cpp.o
[15/36] Building CXX object CMakeFiles/xdg-desktop-portal-hyprland.dir/protocols/wayland.cpp.o
[16/36] Building CXX object CMakeFiles/xdg-desktop-portal-hyprland.dir/protocols/hyprland-toplevel-mapping-v1.cpp.o
[17/36] Building CXX object CMakeFiles/xdg-desktop-portal-hyprland.dir/protocols/linux-dmabuf-v1.cpp.o
[18/36] Building CXX object CMakeFiles/xdg-desktop-portal-hyprland.dir/protocols/ext-foreign-toplevel-list-v1.cpp.o
[19/36] Building CXX object CMakeFiles/xdg-desktop-portal-hyprland.dir/src/helpers/Timer.cpp.o
[20/36] Building CXX object CMakeFiles/xdg-desktop-portal-hyprland.dir/src/helpers/MiscFunctions.cpp.o
[21/36] Building CXX object CMakeFiles/xdg-desktop-portal-hyprland.dir/src/shared/ToplevelMappingManager.cpp.o
[22/36] Building CXX object hyprland-share-picker/CMakeFiles/hyprland-share-picker.dir/mainpicker.cpp.o
[23/36] Building CXX object hyprland-share-picker/CMakeFiles/hyprland-share-picker.dir/hyprland-share-picker_autogen/mocs_compilation.cpp.o
[24/36] Building CXX object hyprland-share-picker/CMakeFiles/hyprland-share-picker.dir/elidedbutton.cpp.o
[25/36] Building CXX object CMakeFiles/xdg-desktop-portal-hyprland.dir/src/main.cpp.o
[26/36] Building CXX object CMakeFiles/xdg-desktop-portal-hyprland.dir/src/shared/ToplevelManager.cpp.o
[27/36] Building CXX object CMakeFiles/xdg-desktop-portal-hyprland.dir/src/shared/Session.cpp.o
[28/36] Building CXX object CMakeFiles/xdg-desktop-portal-hyprland.dir/src/shared/ScreencopyShared.cpp.o
/home/oniichanx/.cache/yay/xdg-desktop-portal-hyprland-git/src/xdg-desktop-portal-hyprland/src/shared/ScreencopyShared.cpp: In function ‘SSelectionData promptForScreencopySelection()’:
/home/oniichanx/.cache/yay/xdg-desktop-portal-hyprland-git/src/xdg-desktop-portal-hyprland/src/shared/ScreencopyShared.cpp:51:46: warning: type qualifiers ignored on cast result type [-Wignored-qualifiers]
   51 |     static auto* const*      PCUSTOMPICKER = (Hyprlang::STRING* const)g_pPortalManager->m_sConfig.config->getConfigValuePtr("screencopy:custom_picker_binary")->getDataStaticPtr();
      |                                              ^~~~~~~~~~~~~~~~~~~~~~~~~~~~~~~~~~~~~~~~~~~~~~~~~~~~~~~~~~~~~~~~~~~~~~~~~~~~~~~~~~~~~~~~~~~~~~~~~~~~~~~~~~~~~~~~~~~~~~~~~~~~~~~~~~~~~
At top level:
cc1plus: note: unrecognized command-line option ‘-Wno-address-of-temporary’ may have been intended to silence earlier diagnostics
[29/36] Building CXX object CMakeFiles/xdg-desktop-portal-hyprland.dir/src/portals/GlobalShortcuts.cpp.o
[30/36] Building CXX object CMakeFiles/xdg-desktop-portal-hyprland.dir/src/core/PortalManager.cpp.o
[31/36] Building CXX object CMakeFiles/xdg-desktop-portal-hyprland.dir/src/portals/Screencopy.cpp.o
[32/36] Building CXX object hyprland-share-picker/CMakeFiles/hyprland-share-picker.dir/main.cpp.o
/home/oniichanx/.cache/yay/xdg-desktop-portal-hyprland-git/src/xdg-desktop-portal-hyprland/hyprland-share-picker/main.cpp: In function ‘int main(int, char**)’:
/home/oniichanx/.cache/yay/xdg-desktop-portal-hyprland-git/src/xdg-desktop-portal-hyprland/hyprland-share-picker/main.cpp:158:9: warning: variable ‘windowIterator’ set but not used [-Wunused-but-set-variable=]
  158 |     int windowIterator = 0;
      |         ^~~~~~~~~~~~~~
At top level:
cc1plus: note: unrecognized command-line option ‘-Wno-address-of-temporary’ may have been intended to silence earlier diagnostics
[33/36] Building CXX object CMakeFiles/xdg-desktop-portal-hyprland.dir/src/portals/Screenshot.cpp.o
[34/36] Linking CXX executable hyprland-share-picker/hyprland-share-picker
[35/36] Linking CXX executable xdg-desktop-portal-hyprland
==> Entering fakeroot environment...
==> Starting package()...
-- Install configuration: "None"
-- Installing: /home/oniichanx/.cache/yay/xdg-desktop-portal-hyprland-git/pkg/xdg-desktop-portal-hyprland-git/usr/bin/hyprland-share-picker
-- Up-to-date: /home/oniichanx/.cache/yay/xdg-desktop-portal-hyprland-git/pkg/xdg-desktop-portal-hyprland-git/usr/bin/hyprland-share-picker
-- Installing: /home/oniichanx/.cache/yay/xdg-desktop-portal-hyprland-git/pkg/xdg-desktop-portal-hyprland-git/usr/lib/xdg-desktop-portal-hyprland
-- Installing: /home/oniichanx/.cache/yay/xdg-desktop-portal-hyprland-git/pkg/xdg-desktop-portal-hyprland-git/usr/share/xdg-desktop-portal/portals/hyprland.portal
-- Installing: /home/oniichanx/.cache/yay/xdg-desktop-portal-hyprland-git/pkg/xdg-desktop-portal-hyprland-git/usr/share/dbus-1/services/org.freedesktop.impl.portal.desktop.hyprland.service
-- Installing: /home/oniichanx/.cache/yay/xdg-desktop-portal-hyprland-git/pkg/xdg-desktop-portal-hyprland-git/usr/lib/systemd/user/xdg-desktop-portal-hyprland.service
==> Tidying install...
  -> Removing libtool files...
  -> Removing static library files...
  -> Purging unwanted files...
  -> Stripping unneeded symbols from binaries and libraries...
  -> Compressing man and info pages...
==> Checking for packaging issues...
==> Creating package "xdg-desktop-portal-hyprland-git"...
  -> Generating .PKGINFO file...
  -> Generating .BUILDINFO file...
  -> Generating .MTREE file...
  -> Compressing package...
==> Creating package "xdg-desktop-portal-hyprland-git-debug"...
  -> Generating .PKGINFO file...
  -> Generating .BUILDINFO file...
  -> Generating .MTREE file...
  -> Compressing package...
==> Leaving fakeroot environment.
==> Finished making: xdg-desktop-portal-hyprland-git 1.3.12.r2.gfa50d6f-1 (Thu 07 May 2026 04:09:38 AM +07)
==> Cleaning up...
loading packages...
resolving dependencies...
looking for conflicting packages...

Packages (2) xdg-desktop-portal-hyprland-git-1.3.12.r2.gfa50d6f-1  xdg-desktop-portal-hyprland-git-debug-1.3.12.r2.gfa50d6f-1

Total Installed Size:  17.31 MiB

:: Proceed with installation? [Y/n] 
checking keyring...
checking package integrity...
loading package files...
checking for file conflicts...
checking available disk space...
:: Processing package changes...
installing xdg-desktop-portal-hyprland-git...
Optional dependencies for xdg-desktop-portal-hyprland-git
    grim: required for the screenshot portal to function
    slurp: support for interactive mode for the screenshot portal; one of the built-in chooser options for the screencast portal
    hyprland: the Hyprland compositor [installed]
installing xdg-desktop-portal-hyprland-git-debug...
:: Running post-transaction hooks...
(1/2) Reloading user manager configuration...
(2/2) Arming ConditionNeedsUpdate...
[33m[NOTE][m === Installing Hyprland Ecosystem (git) ===
AUR Explicit (1): hyprlock-git-0.9.1.r1.g347e05a-1
:: [1m(1/1) Downloaded PKGBUILD: hyprlock-git[0m
  1 hyprlock-git                             (Build Files Exist)
==> Packages to cleanBuild?
==> [N]one [A]ll [Ab]ort [I]nstalled [No]tInstalled or (1 2 3, 1-3, ^4)
==> 
  1 hyprlock-git                             (Build Files Exist)
==> Diffs to show?
==> [N]one [A]ll [Ab]ort [I]nstalled [No]tInstalled or (1 2 3, 1-3, ^4)
==> 
==> Making package: hyprlock-git 0.9.1.r1.g347e05a-1 (Thu 07 May 2026 04:09:43 AM +07)
==> Retrieving sources...
  -> Cloning hyprlock git repo...
Cloning into bare repository '/home/oniichanx/.cache/yay/hyprlock-git/hyprlock'...
==> WARNING: Skipping verification of source file PGP signatures.
==> Validating source files with sha256sums...
    hyprlock ... Skipped
:: [1m(1/1) Parsing SRCINFO: hyprlock-git[0m
==> Making package: hyprlock-git 0.9.1.r1.g347e05a-1 (Thu 07 May 2026 04:09:45 AM +07)
==> Checking runtime dependencies...
==> Checking buildtime dependencies...
==> Retrieving sources...
  -> Updating hyprlock git repo...
==> Validating source files with sha256sums...
    hyprlock ... Skipped
==> Removing existing $srcdir/ directory...
==> Extracting sources...
  -> Creating working copy of hyprlock git repo...
Cloning into 'hyprlock'...
done.
==> Starting pkgver()...
==> Updated version: hyprlock-git 0.9.5.r5.gb5a8374-1
==> Sources are ready.
==> Making package: hyprlock-git 0.9.5.r5.gb5a8374-1 (Thu 07 May 2026 04:09:47 AM +07)
==> Checking runtime dependencies...
==> Checking buildtime dependencies...
==> WARNING: Using existing $srcdir/ tree
==> Starting pkgver()...
==> Starting build()...
-- The C compiler identification is GNU 16.1.1
-- The CXX compiler identification is GNU 16.1.1
-- Detecting C compiler ABI info
-- Detecting C compiler ABI info - done
-- Check for working C compiler: /usr/bin/cc - skipped
-- Detecting C compile features
-- Detecting C compile features - done
-- Detecting CXX compiler ABI info
-- Detecting CXX compiler ABI info - done
-- Check for working CXX compiler: /usr/bin/c++ - skipped
-- Detecting CXX compile features
-- Detecting CXX compile features - done
-- Configuring hyprlock in Release with CMake
-- VERSION COMMIT: 
-- COMMIT: 
-- Checking deps...
-- Performing Test CMAKE_HAVE_LIBC_PTHREAD
-- Performing Test CMAKE_HAVE_LIBC_PTHREAD - Success
-- Found Threads: TRUE
-- Found PkgConfig: /usr/bin/pkg-config (found version "2.5.1")
-- Found OpenGL: /usr/lib/libEGL.so  found components: EGL GLES3
-- Checking for modules 'wayland-client;wayland-protocols>=1.35;wayland-egl;hyprlang>=0.6.0;egl;xkbcommon;cairo;pangocairo;libdrm;gbm;hyprutils>=0.11.0;sdbus-c++>=2.0.0;hyprgraphics>=0.1.6'
--   Found wayland-client, version 1.25.0
--   Found wayland-protocols, version 1.48
--   Found wayland-egl, version 18.1.0
--   Found hyprlang, version 0.6.8
--   Found egl, version 1.5
--   Found xkbcommon, version 1.13.1
--   Found cairo, version 1.18.4
--   Found pangocairo, version 1.57.1
--   Found libdrm, version 2.4.131
--   Found gbm, version 26.0.6-arch1.1
--   Found hyprutils, version 0.13.0
--   Found sdbus-c++, version 2.2.1
--   Found hyprgraphics, version 0.5.1
-- Found pam at /usr/lib/libpam.so
-- Found wayland-protocols at //usr/share/wayland-protocols
-- Found wayland-scanner pkgdatadir at //usr/share/wayland
-- Configuring done (0.3s)
-- Generating done (0.0s)
-- Build files have been written to: /home/oniichanx/.cache/yay/hyprlock-git/src/build
[0/2] Re-checking globbed directories...
[1/48] Generating /home/oniichanx/.cache/yay/hyprlock-git/src/hyprlock/protocols/linux-dmabuf-v1.cpp, /home/oniichanx/.cache/yay/hyprlock-git/src/hyprlock/protocols/linux-dmabuf-v1.hpp
[2/48] Generating /home/oniichanx/.cache/yay/hyprlock-git/src/hyprlock/protocols/ext-session-lock-v1.cpp, /home/oniichanx/.cache/yay/hyprlock-git/src/hyprlock/protocols/ext-session-lock-v1.hpp
[3/48] Generating /home/oniichanx/.cache/yay/hyprlock-git/src/hyprlock/protocols/fractional-scale-v1.cpp, /home/oniichanx/.cache/yay/hyprlock-git/src/hyprlock/protocols/fractional-scale-v1.hpp
[4/48] Generating /home/oniichanx/.cache/yay/hyprlock-git/src/hyprlock/protocols/viewporter.cpp, /home/oniichanx/.cache/yay/hyprlock-git/src/hyprlock/protocols/viewporter.hpp
[5/48] Generating /home/oniichanx/.cache/yay/hyprlock-git/src/hyprlock/protocols/cursor-shape-v1.cpp, /home/oniichanx/.cache/yay/hyprlock-git/src/hyprlock/protocols/cursor-shape-v1.hpp
[6/48] Generating /home/oniichanx/.cache/yay/hyprlock-git/src/hyprlock/protocols/wlr-screencopy-unstable-v1.cpp, /home/oniichanx/.cache/yay/hyprlock-git/src/hyprlock/protocols/wlr-screencopy-unstable-v1.hpp
[7/48] Generating /home/oniichanx/.cache/yay/hyprlock-git/src/hyprlock/protocols/wayland.cpp, /home/oniichanx/.cache/yay/hyprlock-git/src/hyprlock/protocols/wayland.hpp
[8/48] Generating /home/oniichanx/.cache/yay/hyprlock-git/src/hyprlock/protocols/tablet-v2.cpp, /home/oniichanx/.cache/yay/hyprlock-git/src/hyprlock/protocols/tablet-v2.hpp
[9/48] Building CXX object CMakeFiles/hyprlock.dir/src/helpers/Math.cpp.o
[10/48] Building CXX object CMakeFiles/hyprlock.dir/src/core/CursorShape.cpp.o
[11/48] Building CXX object CMakeFiles/hyprlock.dir/src/core/Timer.cpp.o
[12/48] Building CXX object CMakeFiles/hyprlock.dir/src/helpers/Color.cpp.o
[13/48] Building CXX object CMakeFiles/hyprlock.dir/src/renderer/Shader.cpp.o
[14/48] Building CXX object CMakeFiles/hyprlock.dir/src/renderer/Framebuffer.cpp.o
[15/48] Building CXX object CMakeFiles/hyprlock.dir/src/core/Egl.cpp.o
[16/48] Building CXX object CMakeFiles/hyprlock.dir/src/helpers/MiscFunctions.cpp.o
[17/48] Building CXX object CMakeFiles/hyprlock.dir/src/core/Output.cpp.o
[18/48] Building CXX object CMakeFiles/hyprlock.dir/src/renderer/Texture.cpp.o
[19/48] Building CXX object CMakeFiles/hyprlock.dir/src/core/AnimationManager.cpp.o
[20/48] Building CXX object CMakeFiles/hyprlock.dir/src/core/LockSurface.cpp.o
[21/48] Building CXX object CMakeFiles/hyprlock.dir/src/main.cpp.o
[22/48] Building CXX object CMakeFiles/hyprlock.dir/src/core/Seat.cpp.o
[23/48] Building CXX object CMakeFiles/hyprlock.dir/src/auth/Pam.cpp.o
[24/48] Building CXX object CMakeFiles/hyprlock.dir/src/renderer/AsyncResourceManager.cpp.o
[25/48] Building CXX object CMakeFiles/hyprlock.dir/src/auth/Auth.cpp.o
[26/48] Building CXX object CMakeFiles/hyprlock.dir/src/renderer/resources/TextCmdResource.cpp.o
[27/48] Building CXX object CMakeFiles/hyprlock.dir/src/config/ConfigManager.cpp.o
[28/48] Building CXX object CMakeFiles/hyprlock.dir/src/auth/Fingerprint.cpp.o
[29/48] Building CXX object CMakeFiles/hyprlock.dir/protocols/wlr-screencopy-unstable-v1.cpp.o
[30/48] Building CXX object CMakeFiles/hyprlock.dir/protocols/ext-session-lock-v1.cpp.o
[31/48] Building CXX object CMakeFiles/hyprlock.dir/protocols/wayland.cpp.o
[32/48] Building CXX object CMakeFiles/hyprlock.dir/protocols/linux-dmabuf-v1.cpp.o
[33/48] Building CXX object CMakeFiles/hyprlock.dir/protocols/fractional-scale-v1.cpp.o
[34/48] Building CXX object CMakeFiles/hyprlock.dir/protocols/viewporter.cpp.o
[35/48] Building CXX object CMakeFiles/hyprlock.dir/protocols/cursor-shape-v1.cpp.o
[36/48] Building CXX object CMakeFiles/hyprlock.dir/src/renderer/widgets/Shadowable.cpp.o
[37/48] Building CXX object CMakeFiles/hyprlock.dir/src/renderer/Screencopy.cpp.o
[38/48] Building CXX object CMakeFiles/hyprlock.dir/protocols/tablet-v2.cpp.o
[39/48] Building CXX object CMakeFiles/hyprlock.dir/src/renderer/widgets/IWidget.cpp.o
[40/48] Building CXX object CMakeFiles/hyprlock.dir/src/renderer/Renderer.cpp.o
[41/48] Building CXX object CMakeFiles/hyprlock.dir/src/core/hyprlock.cpp.o
[42/48] Building CXX object CMakeFiles/hyprlock.dir/src/renderer/widgets/Background.cpp.o
[43/48] Building CXX object CMakeFiles/hyprlock.dir/src/renderer/widgets/Label.cpp.o
[44/48] Building CXX object CMakeFiles/hyprlock.dir/src/renderer/widgets/Image.cpp.o
[45/48] Building CXX object CMakeFiles/hyprlock.dir/src/renderer/widgets/Shape.cpp.o
[46/48] Building CXX object CMakeFiles/hyprlock.dir/src/renderer/widgets/PasswordInputField.cpp.o
[47/48] Linking CXX executable hyprlock
==> Entering fakeroot environment...
==> Starting package()...
-- Install configuration: "None"
-- Installing: /home/oniichanx/.cache/yay/hyprlock-git/pkg/hyprlock-git/usr/bin/hyprlock
-- Installing: /home/oniichanx/.cache/yay/hyprlock-git/pkg/hyprlock-git/etc/pam.d/hyprlock
-- Installing: /home/oniichanx/.cache/yay/hyprlock-git/pkg/hyprlock-git/usr/share/hypr/hyprlock.conf
==> Tidying install...
  -> Removing libtool files...
  -> Removing static library files...
  -> Purging unwanted files...
  -> Stripping unneeded symbols from binaries and libraries...
  -> Compressing man and info pages...
==> Checking for packaging issues...
==> Creating package "hyprlock-git"...
  -> Generating .PKGINFO file...
  -> Generating .BUILDINFO file...
  -> Generating .MTREE file...
  -> Compressing package...
==> Creating package "hyprlock-git-debug"...
  -> Generating .PKGINFO file...
  -> Generating .BUILDINFO file...
  -> Generating .MTREE file...
  -> Compressing package...
==> Leaving fakeroot environment.
==> Finished making: hyprlock-git 0.9.5.r5.gb5a8374-1 (Thu 07 May 2026 04:09:55 AM +07)
==> Cleaning up...
loading packages...
resolving dependencies...
looking for conflicting packages...

Packages (2) hyprlock-git-0.9.5.r5.gb5a8374-1  hyprlock-git-debug-0.9.5.r5.gb5a8374-1

Total Installed Size:  19.66 MiB

:: Proceed with installation? [Y/n] 
checking keyring...
checking package integrity...
loading package files...
checking for file conflicts...
checking available disk space...
:: Processing package changes...
installing hyprlock-git...
installing hyprlock-git-debug...
:: Running post-transaction hooks...
(1/1) Arming ConditionNeedsUpdate...
AUR Explicit (1): hyprsunset-git-0.3.1.r0.g962f519-1
:: [1m(1/1) Downloaded PKGBUILD: hyprsunset-git[0m
  1 hyprsunset-git                           (Build Files Exist)
==> Packages to cleanBuild?
==> [N]one [A]ll [Ab]ort [I]nstalled [No]tInstalled or (1 2 3, 1-3, ^4)
==> 
  1 hyprsunset-git                           (Build Files Exist)
==> Diffs to show?
==> [N]one [A]ll [Ab]ort [I]nstalled [No]tInstalled or (1 2 3, 1-3, ^4)
==> 
==> Making package: hyprsunset-git 0.3.1.r0.g962f519-1 (Thu 07 May 2026 04:10:01 AM +07)
==> Retrieving sources...
  -> Cloning hyprsunset git repo...
Cloning into bare repository '/home/oniichanx/.cache/yay/hyprsunset-git/hyprsunset'...
==> WARNING: Skipping verification of source file PGP signatures.
==> Validating source files with sha256sums...
    hyprsunset ... Skipped
:: [1m(1/1) Parsing SRCINFO: hyprsunset-git[0m
==> Making package: hyprsunset-git 0.3.1.r0.g962f519-1 (Thu 07 May 2026 04:10:03 AM +07)
==> Checking runtime dependencies...
==> Checking buildtime dependencies...
==> Retrieving sources...
  -> Updating hyprsunset git repo...
==> Validating source files with sha256sums...
    hyprsunset ... Skipped
==> Removing existing $srcdir/ directory...
==> Extracting sources...
  -> Creating working copy of hyprsunset git repo...
Cloning into 'hyprsunset'...
done.
==> Starting pkgver()...
==> Updated version: hyprsunset-git 0.3.3.r10.geae0132-1
==> Sources are ready.
==> Making package: hyprsunset-git 0.3.3.r10.geae0132-1 (Thu 07 May 2026 04:10:04 AM +07)
==> Checking runtime dependencies...
==> Checking buildtime dependencies...
==> WARNING: Using existing $srcdir/ tree
==> Starting pkgver()...
==> Starting build()...
-- The C compiler identification is GNU 16.1.1
-- The CXX compiler identification is GNU 16.1.1
-- Detecting C compiler ABI info
-- Detecting C compiler ABI info - done
-- Check for working C compiler: /usr/bin/cc - skipped
-- Detecting C compile features
-- Detecting C compile features - done
-- Detecting CXX compiler ABI info
-- Detecting CXX compiler ABI info - done
-- Check for working CXX compiler: /usr/bin/c++ - skipped
-- Detecting CXX compile features
-- Detecting CXX compile features - done
-- Configuring hyprsunset!
-- Performing Test CMAKE_HAVE_LIBC_PTHREAD
-- Performing Test CMAKE_HAVE_LIBC_PTHREAD - Success
-- Found Threads: TRUE
-- Found PkgConfig: /usr/bin/pkg-config (found version "2.5.1")
-- Checking for modules 'wayland-client;wayland-protocols;hyprutils>=0.2.3;hyprlang;hyprwayland-scanner>=0.4.0'
--   Found wayland-client, version 1.25.0
--   Found wayland-protocols, version 1.48
--   Found hyprutils, version 0.13.0
--   Found hyprlang, version 0.6.8
--   Found hyprwayland-scanner, version 0.4.6
-- Found wayland-protocols at //usr/share/wayland-protocols
-- Found wayland-scanner at //usr/share/wayland
-- Checking for module 'hyprland-protocols>=0.4.0'
--   Found hyprland-protocols, version 0.7.0
-- hyprland-protocols dependency set to //usr/share/hyprland-protocols
-- Configuring done (0.3s)
-- Generating done (0.0s)
-- Build files have been written to: /home/oniichanx/.cache/yay/hyprsunset-git/src/build
[1/9] Generating /home/oniichanx/.cache/yay/hyprsunset-git/src/hyprsunset/protocols/hyprland-ctm-control-v1.cpp, /home/oniichanx/.cache/yay/hyprsunset-git/src/hyprsunset/protocols/hyprland-ctm-control-v1.hpp
[2/9] Generating /home/oniichanx/.cache/yay/hyprsunset-git/src/hyprsunset/protocols/wayland.cpp, /home/oniichanx/.cache/yay/hyprsunset-git/src/hyprsunset/protocols/wayland.hpp
[3/9] Building CXX object CMakeFiles/hyprsunset.dir/protocols/hyprland-ctm-control-v1.cpp.o
[4/9] Building CXX object CMakeFiles/hyprsunset.dir/protocols/wayland.cpp.o
[5/9] Building CXX object CMakeFiles/hyprsunset.dir/src/main.cpp.o
[6/9] Building CXX object CMakeFiles/hyprsunset.dir/src/ConfigManager.cpp.o
[7/9] Building CXX object CMakeFiles/hyprsunset.dir/src/IPCSocket.cpp.o
/home/oniichanx/.cache/yay/hyprsunset-git/src/hyprsunset/src/IPCSocket.cpp: In lambda function:
/home/oniichanx/.cache/yay/hyprsunset-git/src/hyprsunset/src/IPCSocket.cpp:79:26: warning: ignoring return value of ‘ssize_t write(int, const void*, size_t)’ declared with attribute ‘warn_unused_result’ [-Wunused-result]
   79 |                     write(ACCEPTEDCONNECTION, m_szReply.c_str(), m_szReply.length());
      |                     ~~~~~^~~~~~~~~~~~~~~~~~~~~~~~~~~~~~~~~~~~~~~~~~~~~~~~~~~~~~~~~~~
[8/9] Building CXX object CMakeFiles/hyprsunset.dir/src/Hyprsunset.cpp.o
[9/9] Linking CXX executable hyprsunset
==> Entering fakeroot environment...
==> Starting package()...
-- Install configuration: "None"
-- Installing: /home/oniichanx/.cache/yay/hyprsunset-git/pkg/hyprsunset-git/usr/bin/hyprsunset
-- Installing: /home/oniichanx/.cache/yay/hyprsunset-git/pkg/hyprsunset-git/usr/lib/systemd/user/hyprsunset.service
==> Tidying install...
  -> Removing libtool files...
  -> Removing static library files...
  -> Purging unwanted files...
  -> Stripping unneeded symbols from binaries and libraries...
  -> Compressing man and info pages...
==> Checking for packaging issues...
==> Creating package "hyprsunset-git"...
  -> Generating .PKGINFO file...
  -> Generating .BUILDINFO file...
  -> Generating .MTREE file...
  -> Compressing package...
==> Creating package "hyprsunset-git-debug"...
  -> Generating .PKGINFO file...
  -> Generating .BUILDINFO file...
  -> Generating .MTREE file...
  -> Compressing package...
==> Leaving fakeroot environment.
==> Finished making: hyprsunset-git 0.3.3.r10.geae0132-1 (Thu 07 May 2026 04:10:08 AM +07)
==> Cleaning up...
loading packages...
resolving dependencies...
looking for conflicting packages...

Packages (2) hyprsunset-git-0.3.3.r10.geae0132-1  hyprsunset-git-debug-0.3.3.r10.geae0132-1

Total Installed Size:  3.45 MiB

:: Proceed with installation? [Y/n] 
checking keyring...
checking package integrity...
loading package files...
checking for file conflicts...
checking available disk space...
:: Processing package changes...
installing hyprsunset-git...
installing hyprsunset-git-debug...
:: Running post-transaction hooks...
(1/2) Reloading user manager configuration...
(2/2) Arming ConditionNeedsUpdate...
AUR Explicit (1): hyprshutdown-git-r13.e013cf2-1
:: [1m(1/1) Downloaded PKGBUILD: hyprshutdown-git[0m
  1 hyprshutdown-git                         (Build Files Exist)
==> Packages to cleanBuild?
==> [N]one [A]ll [Ab]ort [I]nstalled [No]tInstalled or (1 2 3, 1-3, ^4)
==> 
  1 hyprshutdown-git                         (Build Files Exist)
==> Diffs to show?
==> [N]one [A]ll [Ab]ort [I]nstalled [No]tInstalled or (1 2 3, 1-3, ^4)
==> 
==> Making package: hyprshutdown-git r13.e013cf2-1 (Thu 07 May 2026 04:10:13 AM +07)
==> Retrieving sources...
  -> Cloning hyprshutdown git repo...
Cloning into bare repository '/home/oniichanx/.cache/yay/hyprshutdown-git/hyprshutdown'...
==> WARNING: Skipping verification of source file PGP signatures.
==> Validating source files with sha256sums...
    hyprshutdown ... Skipped
:: [1m(1/1) Parsing SRCINFO: hyprshutdown-git[0m
==> Making package: hyprshutdown-git r13.e013cf2-1 (Thu 07 May 2026 04:10:14 AM +07)
==> Checking runtime dependencies...
==> Checking buildtime dependencies...
==> Retrieving sources...
  -> Updating hyprshutdown git repo...
==> Validating source files with sha256sums...
    hyprshutdown ... Skipped
==> Removing existing $srcdir/ directory...
==> Extracting sources...
  -> Creating working copy of hyprshutdown git repo...
Cloning into 'hyprshutdown'...
done.
==> Starting pkgver()...
==> Updated version: hyprshutdown-git 0.1.0.r6.gf70097e-1
==> Sources are ready.
==> Making package: hyprshutdown-git 0.1.0.r6.gf70097e-1 (Thu 07 May 2026 04:10:16 AM +07)
==> Checking runtime dependencies...
==> Checking buildtime dependencies...
==> WARNING: Using existing $srcdir/ tree
==> Starting pkgver()...
==> Starting build()...
-- The C compiler identification is GNU 16.1.1
-- The CXX compiler identification is GNU 16.1.1
-- Detecting C compiler ABI info
-- Detecting C compiler ABI info - done
-- Check for working C compiler: /usr/bin/cc - skipped
-- Detecting C compile features
-- Detecting C compile features - done
-- Detecting CXX compiler ABI info
-- Detecting CXX compiler ABI info - done
-- Check for working CXX compiler: /usr/bin/c++ - skipped
-- Detecting CXX compile features
-- Detecting CXX compile features - done
-- Found PkgConfig: /usr/bin/pkg-config (found version "2.5.1")
-- Checking for modules 'hyprtoolkit;hyprutils>=0.11.0;pixman-1;libdrm'
--   Found hyprtoolkit, version 0.5.4
--   Found hyprutils, version 0.13.0
--   Found pixman-1, version 0.46.4
--   Found libdrm, version 2.4.131
-- Configuring hyprshutdown in Release
-- Configuring done (0.2s)
-- Generating done (0.0s)
-- Build files have been written to: /home/oniichanx/.cache/yay/hyprshutdown-git/src/build
[0/2] Re-checking globbed directories...
[1/7] Building CXX object CMakeFiles/hyprshutdown.dir/src/helpers/OS.cpp.o
[2/7] Building CXX object CMakeFiles/hyprshutdown.dir/src/state/HyprlandIPC.cpp.o
[3/7] Building CXX object CMakeFiles/hyprshutdown.dir/src/main.cpp.o
[4/7] Building CXX object CMakeFiles/hyprshutdown.dir/src/ui/UI.cpp.o
/home/oniichanx/.cache/yay/hyprshutdown-git/src/hyprshutdown/src/ui/UI.cpp: In lambda function:
/home/oniichanx/.cache/yay/hyprshutdown-git/src/hyprshutdown/src/ui/UI.cpp:220:39: warning: ignoring returned value of type ‘std::expected<std::__cxx11::basic_string<char>, std::__cxx11::basic_string<char> >’, declared with attribute ‘nodiscard’ [-Wunused-result]
  220 |             HyprlandIPC::getFromSocket(cmd);
      |             ~~~~~~~~~~~~~~~~~~~~~~~~~~^~~~~
In file included from /home/oniichanx/.cache/yay/hyprshutdown-git/src/hyprshutdown/src/ui/UI.cpp:4:
/home/oniichanx/.cache/yay/hyprshutdown-git/src/hyprshutdown/src/ui/../state/HyprlandIPC.hpp:16:45: note: in call to ‘std::expected<std::__cxx11::basic_string<char>, std::__cxx11::basic_string<char> > HyprlandIPC::getFromSocket(const std::string&)’, declared here
   16 |     std::expected<std::string, std::string> getFromSocket(const std::string& cmd);
      |                                             ^~~~~~~~~~~~~
In file included from /usr/include/hyprutils/cli/Logger.hpp:4,
                 from /usr/include/hyprtoolkit/core/Backend.hpp:5,
                 from /home/oniichanx/.cache/yay/hyprshutdown-git/src/hyprshutdown/src/ui/UI.hpp:5,
                 from /home/oniichanx/.cache/yay/hyprshutdown-git/src/hyprshutdown/src/ui/UI.cpp:1:
/usr/include/c++/16.1.1/expected:370:25: note: ‘std::expected<std::__cxx11::basic_string<char>, std::__cxx11::basic_string<char> >’ declared here
  370 |     class [[nodiscard]] expected
      |                         ^~~~~~~~
[5/7] Building CXX object CMakeFiles/hyprshutdown.dir/src/state/AppState.cpp.o
[6/7] Linking CXX executable hyprshutdown
==> Entering fakeroot environment...
==> Starting package()...
-- Install configuration: "None"
-- Installing: /home/oniichanx/.cache/yay/hyprshutdown-git/pkg/hyprshutdown-git/usr/bin/hyprshutdown
==> Tidying install...
  -> Removing libtool files...
  -> Removing static library files...
  -> Purging unwanted files...
  -> Stripping unneeded symbols from binaries and libraries...
  -> Compressing man and info pages...
==> Checking for packaging issues...
==> Creating package "hyprshutdown-git"...
  -> Generating .PKGINFO file...
  -> Generating .BUILDINFO file...
  -> Generating .MTREE file...
  -> Compressing package...
==> Creating package "hyprshutdown-git-debug"...
  -> Generating .PKGINFO file...
  -> Generating .BUILDINFO file...
  -> Generating .MTREE file...
  -> Compressing package...
==> Leaving fakeroot environment.
==> Finished making: hyprshutdown-git 0.1.0.r6.gf70097e-1 (Thu 07 May 2026 04:10:21 AM +07)
==> Cleaning up...
loading packages...
resolving dependencies...
looking for conflicting packages...

Packages (2) hyprshutdown-git-0.1.0.r6.gf70097e-1  hyprshutdown-git-debug-0.1.0.r6.gf70097e-1

Total Installed Size:  5.09 MiB

:: Proceed with installation? [Y/n] 
checking keyring...
checking package integrity...
loading package files...
checking for file conflicts...
checking available disk space...
:: Processing package changes...
installing hyprshutdown-git...
installing hyprshutdown-git-debug...
:: Running post-transaction hooks...
(1/1) Arming ConditionNeedsUpdate...
[33m[NOTE][m === Installing Main Packages ===
Sync Explicit (1): kitty-0.46.2-1
resolving dependencies...
looking for conflicting packages...

Packages (4) kitty-shell-integration-0.46.2-1  kitty-terminfo-0.46.2-1  librsync-1:2.3.4-2  kitty-0.46.2-1

Total Download Size:   17.44 MiB
Total Installed Size:  62.44 MiB

:: Proceed with installation? [Y/n] 
:: Retrieving packages...
 kitty-0.46.2-1-x86_64 downloading...
 librsync-1:2.3.4-2-x86_64 downloading...
 kitty-shell-integration-0.46.2-1-x86_64 downloading...
 kitty-terminfo-0.46.2-1-x86_64 downloading...
checking keyring...
checking package integrity...
loading package files...
checking for file conflicts...
checking available disk space...
:: Processing package changes...
installing librsync...
installing kitty-terminfo...
installing kitty-shell-integration...
Optional dependencies for kitty-shell-integration
    bash: Bash completions [installed]
    zsh: ZSH completions
    fish: Fish completions
installing kitty...
Optional dependencies for kitty
    imagemagick: viewing images with icat
    python-pygments: syntax highlighting in kitty +kitten diff
    libcanberra: playing "bell" sound on terminal bell
:: Running post-transaction hooks...
(1/3) Arming ConditionNeedsUpdate...
(2/3) Updating icon theme caches...
(3/3) Updating the desktop file MIME type cache...
Sync Explicit (1): swaync-0.12.6-1
resolving dependencies...
looking for conflicting packages...

Packages (10) appstream-1.1.2-1  granite7-7.8.0-1  gtk4-1:4.22.4-1  gtk4-layer-shell-1.3.0-1  libadwaita-1:1.9.0-1  libfyaml-0.9.6-2  libgee-0.20.8-1  libxmlb-0.3.26-1  xdg-desktop-portal-gtk-1.15.3-1  swaync-0.12.6-1

Total Download Size:   13.66 MiB
Total Installed Size:  80.47 MiB

:: Proceed with installation? [Y/n] 
:: Retrieving packages...
 gtk4-1:4.22.4-1-x86_64 downloading...
 appstream-1.1.2-1-x86_64 downloading...
 libadwaita-1:1.9.0-1-x86_64 downloading...
 libfyaml-0.9.6-2-x86_64 downloading...
 libgee-0.20.8-1-x86_64 downloading...
 granite7-7.8.0-1-x86_64 downloading...
 swaync-0.12.6-1-x86_64 downloading...
 libxmlb-0.3.26-1-x86_64 downloading...
 xdg-desktop-portal-gtk-1.15.3-1-x86_64 downloading...
 gtk4-layer-shell-1.3.0-1-x86_64 downloading...
checking keyring...
checking package integrity...
loading package files...
checking for file conflicts...
checking available disk space...
:: Processing package changes...
installing xdg-desktop-portal-gtk...
Optional dependencies for xdg-desktop-portal-gtk
    evince: Print preview
installing gtk4...
Optional dependencies for gtk4
    evince: Default print preview command
installing gtk4-layer-shell...
installing libfyaml...
installing libxmlb...
installing appstream...
installing libadwaita...
installing libgee...
installing granite7...
installing swaync...
Optional dependencies for swaync
    gvfs: Get album art in MPRIS widget
:: Running post-transaction hooks...
(1/7) Reloading user manager configuration...
(2/7) Updating the MIME type database...
(3/7) Arming ConditionNeedsUpdate...
(4/7) Updating the appstream cache...
✔ Metadata cache was updated successfully.
(5/7) Compiling GSettings XML schema files...
(6/7) Updating icon theme caches...
(7/7) Updating the desktop file MIME type cache...
Sync Explicit (1): waybar-0.15.0-2
resolving dependencies...
looking for conflicting packages...

Packages (25) atkmm-2.28.4-2  cairomm-1.14.5-3  fmt-12.1.0-2  glibmm-2.66.8-1  gpsd-3.27.5-1  gtk-layer-shell-0.10.1-1  gtkmm3-3.24.10-1  libbsd-0.12.2-2  libdbusmenu-glib-18.10.20180917-1  libdbusmenu-gtk3-18.10.20180917-1  libimobiledevice-1.4.0-2  libimobiledevice-glue-1.3.2-1  libmd-1.1.0-2  libmpdclient-2.23-1  libplist-2.7.0-3  libsigc++-2.12.1-2  libtatsu-1.0.5-1  libusbmuxd-2.1.1-2  pangomm-2.46.4-2  playerctl-2.4.1-5  pps-tools-1.0.3-2  sndio-1.10.0-1  spdlog-1.17.0-2  upower-1.91.2-1  waybar-0.15.0-2

Total Download Size:    6.85 MiB
Total Installed Size:  37.42 MiB

:: Proceed with installation? [Y/n] 
:: Retrieving packages...
 gtkmm3-3.24.10-1-x86_64 downloading...
 gpsd-3.27.5-1-x86_64 downloading...
 glibmm-2.66.8-1-x86_64 downloading...
 waybar-0.15.0-2-x86_64 downloading...
 libimobiledevice-1.4.0-2-x86_64 downloading...
 fmt-12.1.0-2-x86_64 downloading...
 upower-1.91.2-1-x86_64 downloading...
 libplist-2.7.0-3-x86_64 downloading...
 libbsd-0.12.2-2-x86_64 downloading...
 spdlog-1.17.0-2-x86_64 downloading...
 sndio-1.10.0-1-x86_64 downloading...
 atkmm-2.28.4-2-x86_64 downloading...
 pangomm-2.46.4-2-x86_64 downloading...
 cairomm-1.14.5-3-x86_64 downloading...
 libdbusmenu-glib-18.10.20180917-1-x86_64 downloading...
 libmpdclient-2.23-1-x86_64 downloading...
 playerctl-2.4.1-5-x86_64 downloading...
 gtk-layer-shell-0.10.1-1-x86_64 downloading...
 libsigc++-2.12.1-2-x86_64 downloading...
 libdbusmenu-gtk3-18.10.20180917-1-x86_64 downloading...
 libmd-1.1.0-2-x86_64 downloading...
 libimobiledevice-glue-1.3.2-1-x86_64 downloading...
 libusbmuxd-2.1.1-2-x86_64 downloading...
 libtatsu-1.0.5-1-x86_64 downloading...
 pps-tools-1.0.3-2-x86_64 downloading...
checking keyring...
checking package integrity...
loading package files...
checking for file conflicts...
checking available disk space...
:: Processing package changes...
installing libsigc++...
installing glibmm...
installing atkmm...
installing cairomm...
installing fmt...
installing pps-tools...
installing gpsd...
Optional dependencies for gpsd
    gtk3: GUI frontends [installed]
    php: generate a PHP status page for your GPS
    php-gd: image support for the PHP status page
    python-cairo: GUI frontends
    python-gobject: GUI frontends
    python-pyserial: GUI frontends
    qt5-base: for Qgpsmm [installed]
installing gtk-layer-shell...
installing pangomm...
installing gtkmm3...
installing libdbusmenu-glib...
installing libdbusmenu-gtk3...
installing libmpdclient...
installing playerctl...
installing libmd...
installing libbsd...
installing sndio...
installing spdlog...
installing libplist...
Optional dependencies for libplist
    python: Python bindings [installed]
installing libimobiledevice-glue...
installing libtatsu...
installing libusbmuxd...
installing libimobiledevice...
Optional dependencies for libimobiledevice
    python: Python bindings [installed]
installing upower...
Optional dependencies for upower
    usbmuxd: Read charge status of iOS devices
installing waybar...
Optional dependencies for waybar
    otf-font-awesome: Icons in the default configuration
:: Running post-transaction hooks...
(1/7) Updating udev hardware database...
(2/7) Reloading system manager configuration...
(3/7) Reloading user manager configuration...
(4/7) Reloading device manager configuration...
(5/7) Arming ConditionNeedsUpdate...
(6/7) Reloading system bus configuration...
(7/7) Updating the desktop file MIME type cache...
Sync Explicit (1): awww-0.12.0-1
resolving dependencies...
looking for conflicting packages...

Packages (1) awww-0.12.0-1

Total Download Size:    2.92 MiB
Total Installed Size:  10.56 MiB

:: Proceed with installation? [Y/n] 
:: Retrieving packages...
 awww-0.12.0-1-x86_64 downloading...
checking keyring...
checking package integrity...
loading package files...
checking for file conflicts...
checking available disk space...
:: Processing package changes...
installing awww...
:: Running post-transaction hooks...
(1/1) Arming ConditionNeedsUpdate...
:: [1mThere are 2 providers available for cargo:
:: [1mRepository extra
    [0m1) rust 2) rustup [0m

Enter a number (default=1): 

AUR Explicit (1): wallust-3.5.2-1
Sync Make Dependency (1): rust-1:1.95.0-1
:: [1m(1/1) Downloaded PKGBUILD: wallust[0m
  1 wallust                                  (Build Files Exist)
==> Packages to cleanBuild?
==> [N]one [A]ll [Ab]ort [I]nstalled [No]tInstalled or (1 2 3, 1-3, ^4)
==> 
  1 wallust                                  (Build Files Exist)
==> Diffs to show?
==> [N]one [A]ll [Ab]ort [I]nstalled [No]tInstalled or (1 2 3, 1-3, ^4)
==> 
==> Making package: wallust 3.5.2-1 (Thu 07 May 2026 04:10:36 AM +07)
==> Retrieving sources...
  -> Downloading wallust-3.5.2.tar.gz...
  % Total    % Received % Xferd  Average Speed  Time    Time    Time   Current
                                 Dload  Upload  Total   Spent   Left   Speed
  0      0   0      0   0      0      0      0                              0  0      0   0      0   0      0      0      0           00:01              0  0      0   0      0   0      0      0      0           00:02              0  0      0   0      0   0      0      0      0           00:03              0  0      0   0      0   0      0      0      0           00:04              0  0      0   0      0   0      0      0      0           00:05              0  0      0   0      0   0      0      0      0           00:06              0  0      0   0      0   0      0      0      0           00:07              0  0      0   0      0   0      0      0      0           00:08              0  0      0   0      0   0      0      0      0           00:09              0  0      0   0      0   0      0      0      0           00:10              0  0      0   0      0   0      0      0      0           00:11              0  0      0   0      0   0      0      0      0           00:12              0  0      0   0      0   0      0      0      0           00:13              0  0      0   0      0   0      0      0      0           00:14              0  0      0   0      0   0      0      0      0           00:15              0  0      0   0      0   0      0      0      0           00:16              0  0      0   0      0   0      0      0      0           00:17              0  0      0   0      0   0      0      0      0           00:18              0  0      0   0      0   0      0      0      0           00:19              0  0      0   0      0   0      0      0      0           00:20              0  0      0   0      0   0      0      0      0           00:21              0  0      0   0      0   0      0      0      0           00:22              0  0      0   0      0   0      0      0      0           00:23              0  0      0   0      0   0      0      0      0           00:24              0  0      0   0      0   0      0      0      0           00:25              0  0      0   0      0   0      0      0      0           00:26              0  0      0   0      0   0      0      0      0           00:27              0  0      0   0      0   0      0      0      0           00:28              0  0      0   0      0   0      0      0      0           00:29              0  0      0   0      0   0      0      0      0           00:30              0  0      0   0      0   0      0      0      0           00:31              0  0      0   0      0   0      0      0      0           00:32              0  0      0   0      0   0      0      0      0           00:33              0  0      0   0      0   0      0      0      0           00:34              0  0      0   0      0   0      0      0      0           00:35              0  0      0   0      0   0      0      0      0           00:36              0  0      0   0      0   0      0      0      0           00:37              0  0      0   0      0   0      0      0      0           00:38              0  0      0   0      0   0      0      0      0           00:39              0  0      0   0      0   0      0      0      0           00:40              0  0      0   0      0   0      0      0      0           00:41              0  0      0   0      0   0      0      0      0           00:42              0  0      0   0      0   0      0      0      0           00:43              0  0      0   0      0   0      0      0      0           00:44              0  0      0   0      0   0      0      0      0           00:45              0  0      0   0      0   0      0      0      0           00:46              0  0      0   0      0   0      0      0      0           00:47              0  0      0   0      0   0      0      0      0           00:48              0  0      0   0      0   0      0      0      0           00:49              0  0      0   0      0   0      0      0      0           00:50              0  0      0   0      0   0      0      0      0           00:51              0  0      0   0      0   0      0      0      0           00:52              0  0      0   0      0   0      0      0      0           00:53              0  0      0   0      0   0      0      0      0           00:54              0  0      0   0      0   0      0      0      0           00:55              0  0      0   0      0   0      0      0      0           00:56              0  0      0   0      0   0      0      0      0           00:57              0  0      0   0      0   0      0      0      0           00:58              0  0      0   0      0   0      0      0      0           00:59              0  0      0   0      0   0      0      0      0           01:00              0  0      0   0      0   0      0      0      0           01:01              0  0      0   0      0   0      0      0      0           01:02              0  0      0   0      0   0      0      0      0           01:03              0  0      0   0      0   0      0      0      0           01:04              0  0      0   0      0   0      0      0      0           01:05              0  0      0   0      0   0      0      0      0           01:06              0  0      0   0      0   0      0      0      0           01:07              0  0      0   0      0   0      0      0      0           01:08              0  0      0   0      0   0      0      0      0           01:09              0  0      0   0      0   0      0      0      0           01:10              0  0      0   0      0   0      0      0      0           01:11              0  0      0   0      0   0      0      0      0           01:12              0  0      0   0      0   0      0      0      0           01:13              0  0      0   0      0   0      0      0      0           01:14              0  0      0   0      0   0      0      0      0           01:15              0  0      0   0      0   0      0      0      0           01:16              0  0      0   0      0   0      0      0      0           01:17              0  0      0   0      0   0      0      0      0           01:18              0  0      0   0      0   0      0      0      0           01:19              0  0      0   0      0   0      0      0      0           01:20              0  0      0   0      0   0      0      0      0           01:21              0  0      0   0      0   0      0      0      0           01:22              0  0      0   0      0   0      0      0      0           01:23              0  0      0   0      0   0      0      0      0           01:24              0  0      0   0      0   0      0      0      0           01:25              0  0      0   0      0   0      0      0      0           01:26              0  0      0   0      0   0      0      0      0           01:27              0  0      0   0      0   0      0      0      0           01:28              0  0      0   0      0   0      0      0      0           01:29              0  0      0   0      0   0      0      0      0           01:30              0  0      0   0      0   0      0      0      0           01:31              0  0      0   0      0   0      0      0      0           01:32              0  0      0   0      0   0      0      0      0           01:33              0  0      0   0      0   0      0      0      0           01:34              0  0      0   0      0   0      0      0      0           01:35              0  0      0   0      0   0      0      0      0           01:36              0  0      0   0      0   0      0      0      0           01:37              0  0      0   0      0   0      0      0      0           01:38              0  0      0   0      0   0      0      0      0           01:39              0  0      0   0      0   0      0      0      0           01:40              0  0      0   0      0   0      0      0      0           01:41              0  0      0   0      0   0      0      0      0           01:42              0  0      0   0      0   0      0      0      0           01:43              0  0      0   0      0   0      0      0      0           01:44              0  0      0   0      0   0      0      0      0           01:45              0  0      0   0      0   0      0      0      0           01:46              0  0      0   0      0   0      0      0      0           01:47              0  0      0   0      0   0      0      0      0           01:48              0  0      0   0      0   0      0      0      0           01:49              0  0      0   0      0   0      0      0      0           01:50              0  0      0   0      0   0      0      0      0           01:51              0  0      0   0      0   0      0      0      0           01:52              0  0      0   0      0   0      0      0      0           01:53              0  0      0   0      0   0      0      0      0           01:54              0  0      0   0      0   0      0      0      0           01:55              0  0      0   0      0   0      0      0      0           01:56              0  0      0   0      0   0      0      0      0           01:57              0  0      0   0      0   0      0      0      0           01:58              0  0      0   0      0   0      0      0      0           01:59              0  0      0   0      0   0      0      0      0           02:00              0  0      0   0      0   0      0      0      0           02:01              0  0      0   0      0   0      0      0      0           02:02              0  0      0   0      0   0      0      0      0           02:03              0  0      0   0      0   0      0      0      0           02:04              0  0      0   0      0   0      0      0      0           02:05              0  0      0   0      0   0      0      0      0           02:06              0  0      0   0      0   0      0      0      0           02:07              0  0      0   0      0   0      0      0      0           02:08              0  0      0   0      0   0      0      0      0           02:09              0  0      0   0      0   0      0      0      0           02:10              0  0      0   0      0   0      0      0      0           02:11              0  0      0   0      0   0      0      0      0           02:12              0  0      0   0      0   0      0      0      0           02:13              0  0      0   0      0   0      0      0      0           02:14              0  0      0   0      0   0      0      0      0           02:15              0  0      0   0      0   0      0      0      0           02:16              0  0      0   0      0   0      0      0      0           02:17              0  0      0   0      0   0      0      0      0           02:18              0  0      0   0      0   0      0      0      0           02:19              0  0      0   0      0   0      0      0      0           02:20              0  0      0   0      0   0      0      0      0           02:21              0  0      0   0      0   0      0      0      0           02:22              0  0      0   0      0   0      0      0      0           02:23              0  0      0   0      0   0      0      0      0           02:24              0  0      0   0      0   0      0      0      0           02:25              0  0      0   0      0   0      0      0      0           02:26              0  0      0   0      0   0      0      0      0           02:27              0  0      0   0      0   0      0      0      0           02:28              0  0      0   0      0   0      0      0      0           02:29              0  0      0   0      0   0      0      0      0           02:30              0  0      0   0      0   0      0      0      0           02:31              0  0      0   0      0   0      0      0      0           02:32              0  0      0   0      0   0      0      0      0           02:33              0  0      0   0      0   0      0      0      0           02:34              0  0      0   0      0   0      0      0      0           02:35              0  0      0   0      0   0      0      0      0           02:36              0  0      0   0      0   0      0      0      0           02:37              0  0      0   0      0   0      0      0      0           02:38              0  0      0   0      0   0      0      0      0           02:39              0  0      0   0      0   0      0      0      0           02:40              0  0      0   0      0   0      0      0      0           02:41              0  0      0   0      0   0      0      0      0           02:42              0  0      0   0      0   0      0      0      0           02:43              0  0      0   0      0   0      0      0      0           02:44              0  0      0   0      0   0      0      0      0           02:45              0  0      0   0      0   0      0      0      0           02:46              0  0      0   0      0   0      0      0      0           02:47              0  0      0   0      0   0      0      0      0           02:48              0  0      0   0      0   0      0      0      0           02:49              0  0      0   0      0   0      0      0      0           02:50              0  0      0   0      0   0      0      0      0           02:51              0  0      0   0      0   0      0      0      0           02:52              0  0      0   0      0   0      0      0      0           02:53              0  0      0   0      0   0      0      0      0           02:54              0  0      0   0      0   0      0      0      0           02:55              0  0      0   0      0   0      0      0      0           02:56              0  0      0   0      0   0      0      0      0           02:57              0  0      0   0      0   0      0      0      0           02:58              0  0      0   0      0   0      0      0      0           02:59              0  0      0   0      0   0      0      0      0           03:00              0  0      0   0      0   0      0      0      0           03:01              0  0      0   0      0   0      0      0      0           03:02              0  0      0   0      0   0      0      0      0           03:03              0  0      0   0      0   0      0      0      0           03:04              0  0      0   0      0   0      0      0      0           03:05              0  0      0   0      0   0      0      0      0           03:06              0  0      0   0      0   0      0      0      0           03:07              0  0      0   0      0   0      0      0      0           03:08              0  0      0   0      0   0      0      0      0           03:09              0  0      0   0      0   0      0      0      0           03:10              0  0      0   0      0   0      0      0      0           03:11              0  0      0   0      0   0      0      0      0           03:12              0  0      0   0      0   0      0      0      0           03:13              0  0      0   0      0   0      0      0      0           03:14              0  0      0   0      0   0      0      0      0           03:15              0  0      0   0      0   0      0      0      0           03:16              0  0      0   0      0   0      0      0      0           03:17              0  0      0   0      0   0      0      0      0           03:18              0  0      0   0      0   0      0      0      0           03:19              0  0      0   0      0   0      0      0      0           03:20              0  0      0   0      0   0      0      0      0           03:21              0  0      0   0      0   0      0      0      0           03:22              0  0      0   0      0   0      0      0      0           03:23              0  0      0   0      0   0      0      0      0           03:24              0  0      0   0      0   0      0      0      0           03:25              0  0      0   0      0   0      0      0      0           03:26              0  0      0   0      0   0      0      0      0           03:27              0  0      0   0      0   0      0      0      0           03:28              0  0      0   0      0   0      0      0      0           03:29              0  0      0   0      0   0      0      0      0           03:30              0  0      0   0      0   0      0      0      0           03:31              0  0      0   0      0   0      0      0      0           03:32              0  0      0   0      0   0      0      0      0           03:33              0  0      0   0      0   0      0      0      0           03:34              0  0      0   0      0   0      0      0      0           03:35              0  0      0   0      0   0      0      0      0           03:36              0  0      0   0      0   0      0      0      0           03:37              0  0      0   0      0   0      0      0      0           03:38              0  0      0   0      0   0      0      0      0           03:39              0  0      0   0      0   0      0      0      0           03:40              0  0      0   0      0   0      0      0      0           03:41              0  0      0   0      0   0      0      0      0           03:42              0  0      0   0      0   0      0      0      0           03:43              0  0      0   0      0   0      0      0      0           03:44              0  0      0   0      0   0      0      0      0           03:45              0  0      0   0      0   0      0      0      0           03:46              0  0      0   0      0   0      0      0      0           03:47              0  0      0   0      0   0      0      0      0           03:48              0  0      0   0      0   0      0      0      0           03:49              0  0      0   0      0   0      0      0      0           03:50              0  0      0   0      0   0      0      0      0           03:51              0  0      0   0      0   0      0      0      0           03:52              0  0      0   0      0   0      0      0      0           03:53              0  0      0   0      0   0      0      0      0           03:54              0  0      0   0      0   0      0      0      0           03:55              0  0      0   0      0   0      0      0      0           03:56              0  0      0   0      0   0      0      0      0           03:57              0  0      0   0      0   0      0      0      0           03:58              0  0      0   0      0   0      0      0      0           03:59              0  0      0   0      0   0      0      0      0           04:00              0  0      0   0      0   0      0      0      0           04:01              0  0      0   0      0   0      0      0      0           04:02              0  0      0   0      0   0      0      0      0           04:03              0  0      0   0      0   0      0      0      0           04:04              0  0      0   0      0   0      0      0      0           04:05              0  0      0   0      0   0      0      0      0           04:06              0  0      0   0      0   0      0      0      0           04:07              0  0      0   0      0   0      0      0      0           04:08              0  0      0   0      0   0      0      0      0           04:09              0  0      0   0      0   0      0      0      0           04:10              0  0      0   0      0   0      0      0      0           04:11              0  0      0   0      0   0      0      0      0           04:12              0  0      0   0      0   0      0      0      0           04:13              0  0      0   0      0   0      0      0      0           04:14              0  0      0   0      0   0      0      0      0           04:15              0  0      0   0      0   0      0      0      0           04:16              0  0      0   0      0   0      0      0      0           04:17              0  0      0   0      0   0      0      0      0           04:18              0  0      0   0      0   0      0      0      0           04:19              0  0      0   0      0   0      0      0      0           04:20              0  0      0   0      0   0      0      0      0           04:21              0  0      0   0      0   0      0      0      0           04:22              0  0      0   0      0   0      0      0      0           04:23              0  0      0   0      0   0      0      0      0           04:24              0  0      0   0      0   0      0      0      0           04:25              0  0      0   0      0   0      0      0      0           04:26              0  0      0   0      0   0      0      0      0           04:27              0  0      0   0      0   0      0      0      0           04:28              0  0      0   0      0   0      0      0      0           04:29              0  0      0   0      0   0      0      0      0           04:30              0  0      0   0      0   0      0      0      0           04:31              0  0      0   0      0   0      0      0      0           04:32              0  0      0   0      0   0      0      0      0           04:33              0  0      0   0      0   0      0      0      0           04:34              0  0      0   0      0   0      0      0      0           04:35              0  0      0   0      0   0      0      0      0           04:36              0  0      0   0      0   0      0      0      0           04:37              0  0      0   0      0   0      0      0      0           04:38              0  0      0   0      0   0      0      0      0           04:39              0  0      0   0      0   0      0      0      0           04:40              0  0      0   0      0   0      0      0      0           04:41              0  0      0   0      0   0      0      0      0           04:42              0  0      0   0      0   0      0      0      0           04:43              0  0      0   0      0   0      0      0      0           04:44              0  0      0   0      0   0      0      0      0           04:45              0  0      0   0      0   0      0      0      0           04:46              0  0      0   0      0   0      0      0      0           04:47              0  0      0   0      0   0      0      0      0           04:48              0  0      0   0      0   0      0      0      0           04:49              0  0      0   0      0   0      0      0      0           04:50              0  0      0   0      0   0      0      0      0           04:51              0  0      0   0      0   0      0      0      0           04:52              0  0      0   0      0   0      0      0      0           04:53              0  0      0   0      0   0      0      0      0           04:54              0  0      0   0      0   0      0      0      0           04:55              0  0      0   0      0   0      0      0      0           04:56              0  0      0   0      0   0      0      0      0           04:57              0  0      0   0      0   0      0      0      0           04:58              0  0      0   0      0   0      0      0      0           04:59              0  0      0   0      0   0      0      0      0           05:00              0  0      0   0      0   0      0      0      0           05:01              0  0      0   0      0   0      0      0      0           05:02              0  0      0   0      0   0      0      0      0           05:03              0  0      0   0      0   0      0      0      0           05:04              0  0      0   0      0   0      0      0      0           05:05              0  0      0   0      0   0      0      0      0           05:06              0  0      0   0      0   0      0      0      0           05:07              0  0      0   0      0   0      0      0      0           05:08              0  0      0   0      0   0      0      0      0           05:09              0  0      0   0      0   0      0      0      0           05:10              0  0      0   0      0   0      0      0      0           05:11              0  0      0   0      0   0      0      0      0           05:12              0  0      0   0      0   0      0      0      0           05:13              0  0      0   0      0   0      0      0      0           05:14              0  0      0   0      0   0      0      0      0           05:15              0  0      0   0      0   0      0      0      0           05:16              0  0      0   0      0   0      0      0      0           05:17              0  0      0   0      0   0      0      0      0           05:19              0  0      0   0      0   0      0      0      0           05:20              0  0      0   0      0   0      0      0      0           05:21              0  0      0   0      0   0      0      0      0           05:22              0  0      0   0      0   0      0      0      0           05:23              0  0      0   0      0   0      0      0      0           05:24              0  0      0   0      0   0      0      0      0           05:25              0  0      0   0      0   0      0      0      0           05:26              0  0      0   0      0   0      0      0      0           05:27              0  0      0   0      0   0      0      0      0           05:28              0  0      0   0      0   0      0      0      0           05:29              0  0      0   0      0   0      0      0      0           05:30              0  0      0   0      0   0      0      0      0           05:31              0  0      0   0      0   0      0      0      0           05:32              0  0      0   0      0   0      0      0      0           05:33              0  0      0   0      0   0      0      0      0           05:34              0  0      0   0      0   0      0      0      0           05:35              0  0      0   0      0   0      0      0      0           05:36              0  0      0   0      0   0      0      0      0           05:37              0  0      0   0      0   0      0      0      0           05:38              0  0      0   0      0   0      0      0      0           05:39              0  0      0   0      0   0      0      0      0           05:40              0  0      0   0      0   0      0      0      0           05:41              0  0      0   0      0   0      0      0      0           05:42              0  0      0   0      0   0      0      0      0           05:43              0  0      0   0      0   0      0      0      0           05:44              0  0      0   0      0   0      0      0      0           05:45              0  0      0   0      0   0      0      0      0           05:46              0  0      0   0      0   0      0      0      0           05:47              0  0      0   0      0   0      0      0      0           05:48              0  0      0   0      0   0      0      0      0           05:49              0  0      0   0      0   0      0      0      0           05:50              0  0      0   0      0   0      0      0      0           05:51              0  0      0   0      0   0      0      0      0           05:52              0  0      0   0      0   0      0      0      0           05:53              0  0      0   0      0   0      0      0      0           05:54              0  0      0   0      0   0      0      0      0           05:55              0  0      0   0      0   0      0      0      0           05:56              0  0      0   0      0   0      0      0      0           05:57              0  0      0   0      0   0      0      0      0           05:58              0  0      0   0      0   0      0      0      0           05:59              0  0      0   0      0   0      0      0      0           06:00              0  0      0   0      0   0      0      0      0           06:01              0  0      0   0      0   0      0      0      0           06:02              0  0      0   0      0   0      0      0      0           06:03              0  0      0   0      0   0      0      0      0           06:04              0  0      0   0      0   0      0      0      0           06:05              0  0      0   0      0   0      0      0      0           06:06              0  0      0   0      0   0      0      0      0           06:07              0  0      0   0      0   0      0      0      0           06:08              0  0      0   0      0   0      0      0      0           06:09              0  0      0   0      0   0      0      0      0           06:10              0  0      0   0      0   0      0      0      0           06:11              0  0      0   0      0   0      0      0      0           06:12              0  0      0   0      0   0      0      0      0           06:13              0  0      0   0      0   0      0      0      0           06:14              0  0      0   0      0   0      0      0      0           06:15              0  0      0   0      0   0      0      0      0           06:16              0  0      0   0      0   0      0      0      0           06:17              0  0      0   0      0   0      0      0      0           06:18              0  0      0   0      0   0      0      0      0           06:19              0  0      0   0      0   0      0      0      0           06:20              0  0      0   0      0   0      0      0      0           06:21              0  0      0   0      0   0      0      0      0           06:22              0  0      0   0      0   0      0      0      0           06:23              0  0      0   0      0   0      0      0      0           06:24              0  0      0   0      0   0      0      0      0           06:25              0  0      0   0      0   0      0      0      0           06:26              0  0      0   0      0   0      0      0      0           06:27              0  0      0   0      0   0      0      0      0           06:28              0  0      0   0      0   0      0      0      0           06:29              0  0      0   0      0   0      0      0      0           06:30              0  0      0   0      0   0      0      0      0           06:31              0  0      0   0      0   0      0      0      0           06:32              0  0      0   0      0   0      0      0      0           06:33              0  0      0   0      0   0      0      0      0           06:34              0  0      0   0      0   0      0      0      0           06:35              0  0      0   0      0   0      0      0      0           06:36              0  0      0   0      0   0      0      0      0           06:37              0  0      0   0      0   0      0      0      0           06:38              0  0      0   0      0   0      0      0      0           06:39              0  0      0   0      0   0      0      0      0           06:40              0  0      0   0      0   0      0      0      0           06:41              0  0      0   0      0   0      0      0      0           06:42              0  0      0   0      0   0      0      0      0           06:43              0  0      0   0      0   0      0      0      0           06:44              0  0      0   0      0   0      0      0      0           06:45              0  0      0   0      0   0      0      0      0           06:46              0  0      0   0      0   0      0      0      0           06:47              0  0      0   0      0   0      0      0      0           06:48              0  0      0   0      0   0      0      0      0           06:49              0  0      0   0      0   0      0      0      0           06:50              0  0      0   0      0   0      0      0      0           06:51              0  0      0   0      0   0      0      0      0           06:52              0  0      0   0      0   0      0      0      0           06:53              0  0      0   0      0   0      0      0      0           06:54              0  0      0   0      0   0      0      0      0           06:55              0  0      0   0      0   0      0      0      0           06:56              0  0      0   0      0   0      0      0      0           06:57              0  0      0   0      0   0      0      0      0           06:58              0  0      0   0      0   0      0      0      0           06:59              0  0      0   0      0   0      0      0      0           07:00              0  0      0   0      0   0      0      0      0           07:01              0  0      0   0      0   0      0      0      0           07:02              0  0      0   0      0   0      0      0      0           07:03              0  0      0   0      0   0      0      0      0           07:04              0  0      0   0      0   0      0      0      0           07:05              0  0      0   0      0   0      0      0      0           07:06              0  0      0   0      0   0      0      0      0           07:07              0  0      0   0      0   0      0      0      0           07:08              0  0      0   0      0   0      0      0      0           07:09              0  0      0   0      0   0      0      0      0           07:10              0  0      0   0      0   0      0      0      0           07:11              0  0      0   0      0   0      0      0      0           07:12              0  0      0   0      0   0      0      0      0           07:13              0  0      0   0      0   0      0      0      0           07:14              0  0      0   0      0   0      0      0      0           07:15              0  0      0   0      0   0      0      0      0           07:16              0  0      0   0      0   0      0      0      0           07:17              0  0      0   0      0   0      0      0      0           07:18              0  0      0   0      0   0      0      0      0           07:19              0  0      0   0      0   0      0      0      0           07:20              0  0      0   0      0   0      0      0      0           07:21              0  0      0   0      0   0      0      0      0           07:22              0  0      0   0      0   0      0      0      0           07:23              0  0      0   0      0   0      0      0      0           07:24              0  0      0   0      0   0      0      0      0           07:25              0  0      0   0      0   0      0      0      0           07:26              0  0      0   0      0   0      0      0      0           07:27              0  0      0   0      0   0      0      0      0           07:28              0  0      0   0      0   0      0      0      0           07:29              0  0      0   0      0   0      0      0      0           07:30              0  0      0   0      0   0      0      0      0           07:31              0  0      0   0      0   0      0      0      0           07:32              0  0      0   0      0   0      0      0      0           07:33              0  0      0   0      0   0      0      0      0           07:34              0  0      0   0      0   0      0      0      0           07:35              0  0      0   0      0   0      0      0      0           07:36              0  0      0   0      0   0      0      0      0           07:37              0  0      0   0      0   0      0      0      0           07:38              0  0      0   0      0   0      0      0      0           07:39              0  0      0   0      0   0      0      0      0           07:40              0  0      0   0      0   0      0      0      0           07:41              0  0      0   0      0   0      0      0      0           07:42              0  0      0   0      0   0      0      0      0           07:43              0  0      0   0      0   0      0      0      0           07:44              0  0      0   0      0   0      0      0      0           07:45              0  0      0   0      0   0      0      0      0           07:46              0  0      0   0      0   0      0      0      0           07:47              0  0      0   0      0   0      0      0      0           07:48              0  0      0   0      0   0      0      0      0           07:49              0  0      0   0      0   0      0      0      0           07:50              0  0      0   0      0   0      0      0      0           07:51              0  0      0   0      0   0      0      0      0           07:52              0  0      0   0      0   0      0      0      0           07:53              0  0      0   0      0   0      0      0      0           07:54              0  0      0   0      0   0      0      0      0           07:55              0  0      0   0      0   0      0      0      0           07:56              0  0      0   0      0   0      0      0      0           07:57              0  0      0   0      0   0      0      0      0           07:58              0  0      0   0      0   0      0      0      0           07:59              0  0      0   0      0   0      0      0      0           08:00              0  0      0   0      0   0      0      0      0           08:01              0  0      0   0      0   0      0      0      0           08:02              0  0      0   0      0   0      0      0      0           08:03              0  0      0   0      0   0      0      0      0           08:04              0  0      0   0      0   0      0      0      0           08:05              0  0      0   0      0   0      0      0      0           08:06              0  0      0   0      0   0      0      0      0           08:07              0  0      0   0      0   0      0      0      0           08:08              0  0      0   0      0   0      0      0      0           08:09              0  0      0   0      0   0      0      0      0           08:10              0  0      0   0      0   0      0      0      0           08:11              0  0      0   0      0   0      0      0      0           08:12              0  0      0   0      0   0      0      0      0           08:13              0  0      0   0      0   0      0      0      0           08:14              0  0      0   0      0   0      0      0      0           08:15              0  0      0   0      0   0      0      0      0           08:16              0  0      0   0      0   0      0      0      0           08:17              0  0      0   0      0   0      0      0      0           08:18              0  0      0   0      0   0      0      0      0           08:19              0  0      0   0      0   0      0      0      0           08:20              0  0      0   0      0   0      0      0      0           08:21              0  0      0   0      0   0      0      0      0           08:22              0  0      0   0      0   0      0      0      0           08:23              0  0      0   0      0   0      0      0      0           08:24              0  0      0   0      0   0      0      0      0           08:25              0  0      0   0      0   0      0      0      0           08:26              0  0      0   0      0   0      0      0      0           08:27              0  0      0   0      0   0      0      0      0           08:28              0  0      0   0      0   0      0      0      0           08:29              0  0      0   0      0   0      0      0      0           08:30              0  0      0   0      0   0      0      0      0           08:31              0  0      0   0      0   0      0      0      0           08:32              0  0      0   0      0   0      0      0      0           08:33              0  0      0   0      0   0      0      0      0           08:34              0  0      0   0      0   0      0      0      0           08:35              0  0      0   0      0   0      0      0      0           08:36              0  0      0   0      0   0      0      0      0           08:37              0  0      0   0      0   0      0      0      0           08:38              0  0      0   0      0   0      0      0      0           08:39              0  0      0   0      0   0      0      0      0           08:40              0  0      0   0      0   0      0      0      0           08:41              0  0      0   0      0   0      0      0      0           08:42              0  0      0   0      0   0      0      0      0           08:43              0  0      0   0      0   0      0      0      0           08:44              0  0      0   0      0   0      0      0      0           08:45              0  0      0   0      0   0      0      0      0           08:46              0  0      0   0      0   0      0      0      0           08:47              0  0      0   0      0   0      0      0      0           08:48              0  0      0   0      0   0      0      0      0           08:49              0  0      0   0      0   0      0      0      0           08:50              0  0      0   0      0   0      0      0      0           08:51              0  0      0   0      0   0      0      0      0           08:52              0  0      0   0      0   0      0      0      0           08:53              0  0      0   0      0   0      0      0      0           08:54              0  0      0   0      0   0      0      0      0           08:55              0  0      0   0      0   0      0      0      0           08:56              0  0      0   0      0   0      0      0      0           08:57              0  0      0   0      0   0      0      0      0           08:58              0  0      0   0      0   0      0      0      0           08:59              0  0      0   0      0   0      0      0      0           09:00              0  0      0   0      0   0      0      0      0           09:01              0  0      0   0      0   0      0      0      0           09:02              0  0      0   0      0   0      0      0      0           09:03              0  0      0   0      0   0      0      0      0           09:04              0  0      0   0      0   0      0      0      0           09:05              0  0      0   0      0   0      0      0      0           09:06              0  0      0   0      0   0      0      0      0           09:07              0  0      0   0      0   0      0      0      0           09:08              0  0      0   0      0   0      0      0      0           09:09              0  0      0   0      0   0      0      0      0           09:10              0  0      0   0      0   0      0      0      0           09:11              0  0      0   0      0   0      0      0      0           09:12              0  0      0   0      0   0      0      0      0           09:13              0  0      0   0      0   0      0      0      0           09:14              0  0      0   0      0   0      0      0      0           09:15              0  0      0   0      0   0      0      0      0           09:16              0  0      0   0      0   0      0      0      0           09:17              0  0      0   0      0   0      0      0      0           09:18              0  0      0   0      0   0      0      0      0           09:19              0  0      0   0      0   0      0      0      0           09:20              0  0      0   0      0   0      0      0      0           09:21              0  0      0   0      0   0      0      0      0           09:22              0  0      0   0      0   0      0      0      0           09:23              0  0      0   0      0   0      0      0      0           09:24              0  0      0   0      0   0      0      0      0           09:25              0  0      0   0      0   0      0      0      0           09:26              0  0      0   0      0   0      0      0      0           09:27              0  0      0   0      0   0      0      0      0           09:28              0  0      0   0      0   0      0      0      0           09:29              0  0      0   0      0   0      0      0      0           09:30              0  0      0   0      0   0      0      0      0           09:31              0  0      0   0      0   0      0      0      0           09:32              0  0      0   0      0   0      0      0      0           09:33              0  0      0   0      0   0      0      0      0           09:34              0  0      0   0      0   0      0      0      0           09:35              0  0      0   0      0   0      0      0      0           09:36              0  0      0   0      0   0      0      0      0           09:37              0  0      0   0      0   0      0      0      0           09:38              0  0      0   0      0   0      0      0      0           09:39              0  0      0   0      0   0      0      0      0           09:40              0  0      0   0      0   0      0      0      0           09:41              0  0      0   0      0   0      0      0      0           09:42              0  0      0   0      0   0      0      0      0           09:43              0  0      0   0      0   0      0      0      0           09:44              0  0      0   0      0   0      0      0      0           09:45              0  0      0   0      0   0      0      0      0           09:46              0  0      0   0      0   0      0      0      0           09:47              0  0      0   0      0   0      0      0      0           09:48              0  0      0   0      0   0      0      0      0           09:49              0  0      0   0      0   0      0      0      0           09:50              0  0      0   0      0   0      0      0      0           09:51              0  0      0   0      0   0      0      0      0           09:52              0  0      0   0      0   0      0      0      0           09:53              0  0      0   0      0   0      0      0      0           09:54              0  0      0   0      0   0      0      0      0           09:55              0  0      0   0      0   0      0      0      0           09:56              0  0      0   0      0   0      0      0      0           09:57              0  0      0   0      0   0      0      0      0           09:58              0  0      0   0      0   0      0      0      0           09:59              0  0      0   0      0   0      0      0      0           10:00              0  0      0   0      0   0      0      0      0           10:01              0  0      0   0      0   0      0      0      0           10:02              0  0      0   0      0   0      0      0      0           10:03              0  0      0   0      0   0      0      0      0           10:04              0  0      0   0      0   0      0      0      0           10:05              0  0      0   0      0   0      0      0      0           10:06              0  0      0   0      0   0      0      0      0           10:07              0  0      0   0      0   0      0      0      0           10:08              0  0      0   0      0   0      0      0      0           10:09              0  0      0   0      0   0      0      0      0           10:10              0  0      0   0      0   0      0      0      0           10:11              0  0      0   0      0   0      0      0      0           10:12              0  0      0   0      0   0      0      0      0           10:13              0  0      0   0      0   0      0      0      0           10:14              0  0      0   0      0   0      0      0      0           10:15              0  0      0   0      0   0      0      0      0           10:16              0  0      0   0      0   0      0      0      0           10:17              0  0      0   0      0   0      0      0      0           10:18              0  0      0   0      0   0      0      0      0           10:19              0  0      0   0      0   0      0      0      0           10:20              0  0      0   0      0   0      0      0      0           10:21              0  0      0   0      0   0      0      0      0           10:22              0  0      0   0      0   0      0      0      0           10:23              0  0      0   0      0   0      0      0      0           10:24              0  0      0   0      0   0      0      0      0           10:25              0  0      0   0      0   0      0      0      0           10:26              0  0      0   0      0   0      0      0      0           10:27              0  0      0   0      0   0      0      0      0           10:28              0  0      0   0      0   0      0      0      0           10:29              0  0      0   0      0   0      0      0      0           10:30              0  0      0   0      0   0      0      0      0           10:31              0  0      0   0      0   0      0      0      0           10:32              0  0      0   0      0   0      0      0      0           10:33              0  0      0   0      0   0      0      0      0           10:34              0  0      0   0      0   0      0      0      0           10:35              0  0      0   0      0   0      0      0      0           10:36              0  0      0   0      0   0      0      0      0           10:37              0  0      0   0      0   0      0      0      0           10:38              0  0      0   0      0   0      0      0      0           10:39              0  0      0   0      0   0      0      0      0           10:40              0  0      0   0      0   0      0      0      0           10:41              0  0      0   0      0   0      0      0      0           10:42              0  0      0   0      0   0      0      0      0           10:43              0  0      0   0      0   0      0      0      0           10:44              0  0      0   0      0   0      0      0      0           10:45              0  0      0   0      0   0      0      0      0           10:46              0  0      0   0      0   0      0      0      0           10:47              0  0      0   0      0   0      0      0      0           10:48              0  0      0   0      0   0      0      0      0           10:49              0  0      0   0      0   0      0      0      0           10:50              0  0      0   0      0   0      0      0      0           10:51              0  0      0   0      0   0      0      0      0           10:52              0  0      0   0      0   0      0      0      0           10:53              0  0      0   0      0   0      0      0      0           10:54              0  0      0   0      0   0      0      0      0           10:55              0  0      0   0      0   0      0      0      0           10:56              0  0      0   0      0   0      0      0      0           10:57              0  0      0   0      0   0      0      0      0           10:58              0  0      0   0      0   0      0      0      0           10:59              0  0      0   0      0   0      0      0      0           11:00              0  0      0   0      0   0      0      0      0           11:01              0  0      0   0      0   0      0      0      0           11:02              0  0      0   0      0   0      0      0      0           11:03              0  0      0   0      0   0      0      0      0           11:04              0  0      0   0      0   0      0      0      0           11:05              0  0      0   0      0   0      0      0      0           11:06              0  0      0   0      0   0      0      0      0           11:07              0  0      0   0      0   0      0      0      0           11:08              0  0      0   0      0   0      0      0      0           11:09              0  0      0   0      0   0      0      0      0           11:10              0  0      0   0      0   0      0      0      0           11:11              0  0      0   0      0   0      0      0      0           11:12              0  0      0   0      0   0      0      0      0           11:13              0  0      0   0      0   0      0      0      0           11:14              0  0      0   0      0   0      0      0      0           11:15              0  0      0   0      0   0      0      0      0           11:16              0  0      0   0      0   0      0      0      0           11:17              0  0      0   0      0   0      0      0      0           11:18              0  0      0   0      0   0      0      0      0           11:19              0  0      0   0      0   0      0      0      0           11:20              0  0      0   0      0   0      0      0      0           11:21              0  0      0   0      0   0      0      0      0           11:22              0  0      0   0      0   0      0      0      0           11:23              0  0      0   0      0   0      0      0      0           11:24              0  0      0   0      0   0      0      0      0           11:25              0  0      0   0      0   0      0      0      0           11:26              0  0      0   0      0   0      0      0      0           11:27              0  0      0   0      0   0      0      0      0           11:28              0  0      0   0      0   0      0      0      0           11:29              0  0      0   0      0   0      0      0      0           11:30              0  0      0   0      0   0      0      0      0           11:31              0  0      0   0      0   0      0      0      0           11:32              0  0      0   0      0   0      0      0      0           11:33              0  0      0   0      0   0      0      0      0           11:34              0  0      0   0      0   0      0      0      0           11:35              0  0      0   0      0   0      0      0      0           11:36              0  0      0   0      0   0      0      0      0           11:37              0  0      0   0      0   0      0      0      0           11:38              0  0      0   0      0   0      0      0      0           11:39              0  0      0   0      0   0      0      0      0           11:40              0  0      0   0      0   0      0      0      0           11:41              0  0      0   0      0   0      0      0      0           11:42              0  0      0   0      0   0      0      0      0           11:43              0  0      0   0      0   0      0      0      0           11:44              0  0      0   0      0   0      0      0      0           11:45              0  0      0   0      0   0      0      0      0           11:46              0  0      0   0      0   0      0      0      0           11:47              0  0      0   0      0   0      0      0      0           11:48              0  0      0   0      0   0      0      0      0           11:49              0  0      0   0      0   0      0      0      0           11:50              0  0      0   0      0   0      0      0      0           11:51              0  0      0   0      0   0      0      0      0           11:52              0  0      0   0      0   0      0      0      0           11:53              0  0      0   0      0   0      0      0      0           11:54              0  0      0   0      0   0      0      0      0           11:55              0  0      0   0      0   0      0      0      0           11:56              0  0      0   0      0   0      0      0      0           11:57              0  0      0   0      0   0      0      0      0           11:58              0  0      0   0      0   0      0      0      0           11:59              0  0      0   0      0   0      0      0      0           12:00              0  0      0   0      0   0      0      0      0           12:01              0  0      0   0      0   0      0      0      0           12:02              0  0      0   0      0   0      0      0      0           12:03              0  0      0   0      0   0      0      0      0           12:04              0  0      0   0      0   0      0      0      0           12:05              0  0      0   0      0   0      0      0      0           12:06              0  0      0   0      0   0      0      0      0           12:07              0  0      0   0      0   0      0      0      0           12:08              0  0      0   0      0   0      0      0      0           12:09              0  0      0   0      0   0      0      0      0           12:10              0  0      0   0      0   0      0      0      0           12:11              0  0      0   0      0   0      0      0      0           12:12              0  0      0   0      0   0      0      0      0           12:13              0  0      0   0      0   0      0      0      0           12:14              0  0      0   0      0   0      0      0      0           12:15              0  0      0   0      0   0      0      0      0           12:16              0  0      0   0      0   0      0      0      0           12:17              0  0      0   0      0   0      0      0      0           12:18              0  0      0   0      0   0      0      0      0           12:19              0  0      0   0      0   0      0      0      0           12:20              0  0      0   0      0   0      0      0      0           12:21              0  0      0   0      0   0      0      0      0           12:22              0  0      0   0      0   0      0      0      0           12:23              0  0      0   0      0   0      0      0      0           12:24              0  0      0   0      0   0      0      0      0           12:25              0  0      0   0      0   0      0      0      0           12:26              0  0      0   0      0   0      0      0      0           12:27              0  0      0   0      0   0      0      0      0           12:28              0  0      0   0      0   0      0      0      0           12:29              0  0      0   0      0   0      0      0      0           12:30              0  0      0   0      0   0      0      0      0           12:31              0  0      0   0      0   0      0      0      0           12:32              0  0      0   0      0   0      0      0      0           12:33              0  0      0   0      0   0      0      0      0           12:34              0  0      0   0      0   0      0      0      0           12:35              0  0      0   0      0   0      0      0      0           12:36              0  0      0   0      0   0      0      0      0           12:37              0  0      0   0      0   0      0      0      0           12:38              0  0      0   0      0   0      0      0      0           12:39              0  0      0   0      0   0      0      0      0           12:40              0  0      0   0      0   0      0      0      0           12:41              0  0      0   0      0   0      0      0      0           12:42              0  0      0   0      0   0      0      0      0           12:43              0  0      0   0      0   0      0      0      0           12:44              0  0      0   0      0   0      0      0      0           12:45              0  0      0   0      0   0      0      0      0           12:46              0  0      0   0      0   0      0      0      0           12:47              0  0      0   0      0   0      0      0      0           12:48              0  0      0   0      0   0      0      0      0           12:49              0  0      0   0      0   0      0      0      0           12:50              0  0      0   0      0   0      0      0      0           12:51              0  0      0   0      0   0      0      0      0           12:52              0100 162.3k 100 162.3k   0      0    214      0   12:56   12:53   00:03  28289100 162.3k 100 162.3k   0      0    214      0   12:56   12:53   00:03  28289100 162.3k 100 162.3k   0      0    214      0   12:56   12:53   00:03  28289
==> WARNING: Skipping verification of source file PGP signatures.
==> Validating source files with sha256sums...
    wallust-3.5.2.tar.gz ... Passed
:: [1m(1/1) Parsing SRCINFO: wallust[0m
resolving dependencies...
looking for conflicting packages...

Packages (5) compiler-rt-22.1.3-1  libgit2-1:1.9.3-1  lld-22.1.3-1  llhttp-9.3.1-1  rust-1:1.95.0-1

Total Download Size:    81.84 MiB
Total Installed Size:  337.51 MiB

:: Proceed with installation? [Y/n] 
:: Retrieving packages...
 rust-1:1.95.0-1-x86_64 downloading...
 compiler-rt-22.1.3-1-x86_64 downloading...
 lld-22.1.3-1-x86_64 downloading...
 libgit2-1:1.9.3-1-x86_64 downloading...
 llhttp-9.3.1-1-x86_64 downloading...
checking keyring...
checking package integrity...
loading package files...
checking for file conflicts...
checking available disk space...
:: Processing package changes...
installing compiler-rt...
installing llhttp...
installing libgit2...
installing lld...
installing rust...
Optional dependencies for rust
    gdb: rust-gdb script
    lldb: rust-lldb script
:: Running post-transaction hooks...
(1/1) Arming ConditionNeedsUpdate...
==> Making package: wallust 3.5.2-1 (Thu 07 May 2026 04:24:00 AM +07)
==> Checking runtime dependencies...
==> Checking buildtime dependencies...
==> Retrieving sources...
  -> Found wallust-3.5.2.tar.gz
==> Validating source files with sha256sums...
    wallust-3.5.2.tar.gz ... Passed
==> Removing existing $srcdir/ directory...
==> Extracting sources...
  -> Extracting wallust-3.5.2.tar.gz with bsdtar
==> Starting prepare()...
    Updating crates.io index
 Downloading crates ...
  Downloaded itoa v1.0.17
  Downloaded wallust_themes v1.1.0
  Downloaded ident_case v1.0.1
  Downloaded same-file v1.0.6
  Downloaded errno v0.3.14
  Downloaded byteorder-lite v0.1.0
  Downloaded serde_core v1.0.228
  Downloaded darling_macro v0.20.11
  Downloaded derive_builder_macro v0.20.2
  Downloaded fdeflate v0.3.7
  Downloaded equivalent v1.0.2
  Downloaded avif-serialize v0.8.6
  Downloaded powerfmt v0.2.0
  Downloaded num-conv v0.1.0
  Downloaded yoke-derive v0.8.1
  Downloaded cargo-platform v0.3.2
  Downloaded zerofrom-derive v0.1.6
  Downloaded zerofrom v0.1.6
  Downloaded form_urlencoded v1.2.2
  Downloaded idna_adapter v1.2.1
  Downloaded num_threads v0.1.7
  Downloaded percent-encoding v2.3.2
  Downloaded bit_field v0.10.3
  Downloaded time-core v0.1.7
  Downloaded documented v0.9.2
  Downloaded lebe v0.5.3
  Downloaded document-features v0.2.12
  Downloaded utf8_iter v1.0.4
  Downloaded fnv v1.0.7
  Downloaded potential_utf v0.1.4
  Downloaded strsim v0.11.1
  Downloaded stable_deref_trait v1.2.1
  Downloaded zmij v1.0.15
  Downloaded glob v0.3.3
  Downloaded shlex v1.3.0
  Downloaded foldhash v0.2.0
  Downloaded yoke v0.8.1
  Downloaded pkg-config v0.3.32
  Downloaded find-msvc-tools v0.1.8
  Downloaded documented-macros v0.9.2
  Downloaded synstructure v0.13.2
  Downloaded semver v1.0.27
  Downloaded darling v0.20.11
  Downloaded writeable v0.6.2
  Downloaded vergen-git2 v1.0.7
  Downloaded wasm-bindgen-shared v0.2.108
  Downloaded num-derive v0.4.2
  Downloaded tempfile v3.24.0
  Downloaded litemap v0.8.1
  Downloaded crossbeam-deque v0.8.6
  Downloaded zune-core v0.4.12
  Downloaded colorchoice v1.0.4
  Downloaded utf8parse v0.2.2
  Downloaded unicode-ident v1.0.22
  Downloaded fastrand v2.3.0
  Downloaded toml_parser v1.0.6+spec-1.1.0
  Downloaded by_address v1.2.1
  Downloaded pastey v0.1.1
  Downloaded paste v1.0.15
  Downloaded adler2 v2.0.1
  Downloaded memo-map v0.3.3
  Downloaded arg_enum_proc_macro v0.3.4
  Downloaded log v0.4.29
  Downloaded anyhow v1.0.100
  Downloaded icu_provider v2.1.1
  Downloaded plotters-svg v0.3.7
  Downloaded ciborium-ll v0.2.2
  Downloaded wasm-bindgen v0.2.108
  Downloaded anes v0.1.6
  Downloaded core2 v0.4.0
  Downloaded zune-core v0.5.1
  Downloaded icu_locale_core v2.1.1
  Downloaded oorandom v11.1.5
  Downloaded icu_collections v2.1.1
  Downloaded noop_proc_macro v0.3.0
  Downloaded memchr v2.7.6
  Downloaded crossbeam-epoch v0.9.18
  Downloaded serde v1.0.228
  Downloaded wasm-bindgen-macro-support v0.2.108
  Downloaded miniz_oxide v0.8.9
  Downloaded indexmap v2.13.0
  Downloaded roff v0.2.2
  Downloaded fax v0.2.6
  Downloaded alloca v0.4.0
  Downloaded cast v0.3.0
  Downloaded plotters-backend v0.3.7
  Downloaded num-bigint v0.4.6
  Downloaded url v2.5.8
  Downloaded quick-error v2.0.1
  Downloaded serde_json v1.0.149
  Downloaded ciborium-io v0.2.2
  Downloaded regex v1.12.2
  Downloaded clap_mangen v0.2.31
  Downloaded dunce v1.0.5
  Downloaded heck v0.4.1
  Downloaded clap_lex v0.7.7
  Downloaded qoi v0.4.1
  Downloaded cfg-if v1.0.4
  Downloaded aho-corasick v1.1.4
  Downloaded is_terminal_polyfill v1.70.2
  Downloaded phf_shared v0.12.1
  Downloaded phf_generator v0.12.1
  Downloaded anstyle-query v1.1.5
  Downloaded dirs-sys v0.5.0
  Downloaded heck v0.5.0
  Downloaded color_quant v1.1.0
  Downloaded winnow v0.7.14
  Downloaded image-webp v0.2.4
  Downloaded anstream v0.6.21
  Downloaded phf_macros v0.12.1
  Downloaded strum v0.27.2
  Downloaded vcpkg v0.2.15
  Downloaded anstyle-parse v0.2.7
  Downloaded y4m v0.8.0
  Downloaded imgref v1.12.0
  Downloaded nom v8.0.0
  Downloaded aligned-vec v0.6.4
  Downloaded crossbeam-utils v0.8.21
  Downloaded rustix v1.1.3
  Downloaded anstyle v1.0.13
  Downloaded bytemuck v1.24.0
  Downloaded v_frame v0.3.9
  Downloaded convert_case v0.8.0
  Downloaded once_cell v1.21.3
  Downloaded profiling v1.0.17
  Downloaded as-slice v0.2.1
  Downloaded owo-colors v4.2.3
  Downloaded either v1.15.0
  Downloaded fast-srgb8 v1.0.0
  Downloaded strum_macros v0.24.3
  Downloaded ciborium v0.2.2
  Downloaded schemars_derive v1.2.0
  Downloaded ravif v0.12.0
  Downloaded clap_derive v4.5.49
  Downloaded criterion-plot v0.8.1
  Downloaded zune-inflate v0.2.54
  Downloaded self_cell v1.2.2
  Downloaded gif v0.14.1
  Downloaded litrs v1.0.0
  Downloaded arrayvec v0.7.6
  Downloaded rand_core v0.9.5
  Downloaded spinners v4.1.1
  Downloaded rayon-core v1.13.0
  Downloaded clap_complete v4.5.65
  Downloaded av1-grain v0.2.5
  Downloaded bumpalo v3.19.1
  Downloaded getrandom v0.3.4
  Downloaded regex-automata v0.4.13
  Downloaded png v0.18.0
  Downloaded num-traits v0.2.19
  Downloaded clap v4.5.54
  Downloaded av-scenechange v0.14.1
  Downloaded bitstream-io v4.9.0
  Downloaded strum_macros v0.27.2
  Downloaded tinytemplate v1.2.1
  Downloaded libz-sys v1.1.23
  Downloaded libc v0.2.180
  Downloaded schemars v1.2.0
  Downloaded fast_image_resize v6.0.0
  Downloaded unicode-segmentation v1.12.0
  Downloaded rand v0.9.2
  Downloaded zerocopy-derive v0.8.33
  Downloaded plotters v0.3.7
  Downloaded criterion v0.8.1
  Downloaded optfield v0.4.0
  Downloaded rayon v1.11.0
  Downloaded itertools v0.14.0
  Downloaded rgb v0.8.52
  Downloaded ppv-lite86 v0.2.21
  Downloaded autocfg v1.5.0
  Downloaded regex-syntax v0.8.8
  Downloaded half v2.7.1
  Downloaded image v0.25.9
  Downloaded clap_builder v4.5.54
  Downloaded minijinja v2.14.0
  Downloaded itertools v0.13.0
  Downloaded palette v0.7.6
  Downloaded syn v2.0.114
  Downloaded exr v1.74.0
  Downloaded zerocopy v0.8.33
  Downloaded syn v1.0.109
  Downloaded equator v0.4.2
  Downloaded crc32fast v1.5.0
  Downloaded flate2 v1.1.8
  Downloaded loop9 v0.1.5
  Downloaded aligned v0.4.3
  Downloaded num-integer v0.1.46
  Downloaded built v0.8.0
  Downloaded new_debug_unreachable v1.0.6
  Downloaded profiling-procmacros v1.0.17
  Downloaded simd-adler32 v0.3.8
  Downloaded rand_chacha v0.9.0
  Downloaded kmeans_colors v0.7.1
  Downloaded palette_derive v0.7.6
  Downloaded git2 v0.20.3
  Downloaded time v0.3.45
  Downloaded num-rational v0.4.2
  Downloaded maybe-rayon v0.1.1
  Downloaded serde_derive_internals v0.29.1
  Downloaded shellexpand v3.1.1
  Downloaded simd_helpers v0.1.0
  Downloaded equator-macro v0.4.2
  Downloaded dirs v6.0.0
  Downloaded icu_properties_data v2.1.2
  Downloaded rav1e v0.8.1
  Downloaded libgit2-sys v0.18.3+1.9.2
  Downloaded tiff v0.10.3
  Downloaded page_size v0.6.0
  Downloaded weezl v0.1.12
  Downloaded pxfm v0.1.27
  Downloaded approx v0.5.1
  Downloaded ref-cast-impl v1.0.25
  Downloaded hashbrown v0.16.1
  Downloaded idna v1.1.0
  Downloaded wasm-bindgen-macro v0.2.108
  Downloaded dyn-clone v1.0.20
  Downloaded ref-cast v1.0.25
  Downloaded zerovec v0.11.5
  Downloaded zune-jpeg v0.4.21
  Downloaded cc v1.2.53
  Downloaded phf v0.12.1
  Downloaded moxcms v0.7.11
  Downloaded zerotrie v0.2.3
  Downloaded darling_core v0.20.11
  Downloaded proc-macro2 v1.0.105
  Downloaded toml_edit v0.24.0+spec-1.1.0
  Downloaded linux-raw-sys v0.11.0
  Downloaded icu_normalizer v2.1.1
  Downloaded toml v0.9.11+spec-1.1.0
  Downloaded siphasher v1.0.1
  Downloaded icu_normalizer_data v2.1.1
  Downloaded fax_derive v0.2.0
  Downloaded lazy_static v1.5.0
  Downloaded icu_properties v2.1.2
  Downloaded option-ext v0.2.0
  Downloaded maplit v1.0.2
  Downloaded strum v0.24.1
  Downloaded tinystr v0.8.2
  Downloaded vergen v9.1.0
  Downloaded serde_derive v1.0.228
  Downloaded bitflags v2.10.0
  Downloaded time-macros v0.2.25
  Downloaded smallvec v1.15.1
  Downloaded serde_spanned v1.0.4
  Downloaded toml_writer v1.0.6+spec-1.1.0
  Downloaded camino v1.2.2
  Downloaded vergen-lib v9.1.0
  Downloaded derive_builder v0.20.2
  Downloaded cargo_metadata v0.23.1
  Downloaded walkdir v2.5.0
  Downloaded quote v1.0.43
  Downloaded thiserror-impl v2.0.18
  Downloaded zerovec-derive v0.11.2
  Downloaded thiserror v2.0.18
  Downloaded toml_datetime v0.7.5+spec-1.1.0
  Downloaded jobserver v0.1.34
  Downloaded deranged v0.5.5
  Downloaded displaydoc v0.2.5
  Downloaded derive_builder_core v0.20.2
  Downloaded rustversion v1.0.22
  Downloaded vergen-lib v0.1.6
  Downloaded zune-jpeg v0.5.10
==> Sources are ready.
==> Making package: wallust 3.5.2-1 (Thu 07 May 2026 04:24:11 AM +07)
==> Checking runtime dependencies...
==> Checking buildtime dependencies...
==> WARNING: Using existing $srcdir/ tree
==> Starting build()...
   Compiling proc-macro2 v1.0.105
   Compiling unicode-ident v1.0.22
   Compiling quote v1.0.43
   Compiling libc v0.2.180
   Compiling rustversion v1.0.22
   Compiling serde_core v1.0.228
   Compiling serde v1.0.228
   Compiling stable_deref_trait v1.2.1
   Compiling autocfg v1.5.0
   Compiling zmij v1.0.15
   Compiling cfg-if v1.0.4
   Compiling anyhow v1.0.100
   Compiling thiserror v2.0.18
   Compiling memchr v2.7.6
   Compiling crossbeam-utils v0.8.21
   Compiling ident_case v1.0.1
   Compiling itoa v1.0.17
   Compiling fnv v1.0.7
   Compiling serde_json v1.0.149
   Compiling strsim v0.11.1
   Compiling litemap v0.8.1
   Compiling writeable v0.6.2
   Compiling find-msvc-tools v0.1.8
   Compiling shlex v1.3.0
   Compiling icu_properties_data v2.1.2
   Compiling zerocopy v0.8.33
   Compiling icu_normalizer_data v2.1.1
   Compiling pkg-config v0.3.32
   Compiling vcpkg v0.2.15
   Compiling rayon-core v1.13.0
   Compiling simd-adler32 v0.3.8
   Compiling smallvec v1.15.1
   Compiling num-traits v0.2.19
   Compiling camino v1.2.2
   Compiling either v1.15.0
   Compiling syn v2.0.114
   Compiling crossbeam-epoch v0.9.18
   Compiling aho-corasick v1.1.4
   Compiling adler2 v2.0.1
   Compiling regex-syntax v0.8.8
   Compiling vergen-lib v9.1.0
   Compiling heck v0.5.0
   Compiling utf8_iter v1.0.4
   Compiling getrandom v0.3.4
   Compiling crossbeam-deque v0.8.6
   Compiling crc32fast v1.5.0
   Compiling percent-encoding v2.3.2
   Compiling jobserver v0.1.34
   Compiling arrayvec v0.7.6
   Compiling num-integer v0.1.46
   Compiling form_urlencoded v1.2.2
   Compiling as-slice v0.2.1
   Compiling miniz_oxide v0.8.9
   Compiling vergen v9.1.0
   Compiling vergen-lib v0.1.6
   Compiling cc v1.2.53
   Compiling powerfmt v0.2.0
   Compiling syn v1.0.109
   Compiling siphasher v1.0.1
   Compiling av-scenechange v0.14.1
   Compiling num-bigint v0.4.6
   Compiling built v0.8.0
   Compiling log v0.4.29
   Compiling paste v1.0.15
   Compiling phf_shared v0.12.1
   Compiling rayon v1.11.0
   Compiling deranged v0.5.5
   Compiling aligned v0.4.3
   Compiling nom v8.0.0
   Compiling core2 v0.4.0
   Compiling vergen-git2 v1.0.7
   Compiling foldhash v0.2.0
   Compiling pastey v0.1.1
   Compiling num-conv v0.1.0
   Compiling quick-error v2.0.1
   Compiling y4m v0.8.0
   Compiling num_threads v0.1.7
   Compiling semver v1.0.27
   Compiling cargo-platform v0.3.2
   Compiling regex-automata v0.4.13
   Compiling rav1e v0.8.1
   Compiling clap_lex v0.7.7
   Compiling time-core v0.1.7
   Compiling bitflags v2.10.0
   Compiling anstyle v1.0.13
   Compiling num-rational v0.4.2
   Compiling fastrand v2.3.0
   Compiling utf8parse v0.2.2
   Compiling clap_builder v4.5.54
   Compiling anstyle-parse v0.2.7
   Compiling time v0.3.45
   Compiling phf_generator v0.12.1
   Compiling hashbrown v0.16.1
   Compiling rand_core v0.9.5
   Compiling bitstream-io v4.9.0
   Compiling flate2 v1.1.8
   Compiling simd_helpers v0.1.0
   Compiling itertools v0.14.0
   Compiling weezl v0.1.12
   Compiling unicode-segmentation v1.12.0
   Compiling colorchoice v1.0.4
   Compiling palette v0.7.6
   Compiling synstructure v0.13.2
   Compiling darling_core v0.20.11
   Compiling libz-sys v1.1.23
   Compiling libgit2-sys v0.18.3+1.9.2
   Compiling maybe-rayon v0.1.1
   Compiling by_address v1.2.1
   Compiling regex v1.12.2
   Compiling heck v0.4.1
   Compiling winnow v0.7.14
   Compiling zune-core v0.4.12
   Compiling anstyle-query v1.1.5
   Compiling new_debug_unreachable v1.0.6
   Compiling is_terminal_polyfill v1.70.2
   Compiling noop_proc_macro v0.3.0
   Compiling option-ext v0.2.0
   Compiling imgref v1.12.0
   Compiling dirs-sys v0.5.0
   Compiling anstream v0.6.21
   Compiling zune-jpeg v0.4.21
   Compiling loop9 v0.1.5
   Compiling clap v4.5.54
   Compiling convert_case v0.8.0
   Compiling toml_datetime v0.7.5+spec-1.1.0
   Compiling avif-serialize v0.8.6
   Compiling pxfm v0.1.27
   Compiling fdeflate v0.3.7
   Compiling zune-inflate v0.2.54
   Compiling color_quant v1.1.0
   Compiling bit_field v0.10.3
   Compiling litrs v1.0.0
   Compiling byteorder-lite v0.1.0
   Compiling zune-core v0.5.1
   Compiling toml_writer v1.0.6+spec-1.1.0
   Compiling equivalent v1.0.2
   Compiling bytemuck v1.24.0
   Compiling fast-srgb8 v1.0.0
   Compiling owo-colors v4.2.3
   Compiling lebe v0.5.3
   Compiling rgb v0.8.52
   Compiling qoi v0.4.1
   Compiling png v0.18.0
   Compiling indexmap v2.13.0
   Compiling image-webp v0.2.4
   Compiling document-features v0.2.12
   Compiling zune-jpeg v0.5.10
   Compiling gif v0.14.1
   Compiling toml_parser v1.0.6+spec-1.1.0
   Compiling dirs v6.0.0
   Compiling serde_spanned v1.0.4
   Compiling same-file v1.0.6
   Compiling self_cell v1.2.2
   Compiling maplit v1.0.2
   Compiling memo-map v0.3.3
   Compiling lazy_static v1.5.0
   Compiling walkdir v2.5.0
   Compiling toml_edit v0.24.0+spec-1.1.0
   Compiling toml v0.9.11+spec-1.1.0
   Compiling shellexpand v3.1.1
   Compiling dunce v1.0.5
   Compiling glob v0.3.3
   Compiling strum_macros v0.24.3
   Compiling moxcms v0.7.11
   Compiling zerofrom-derive v0.1.6
   Compiling yoke-derive v0.8.1
   Compiling serde_derive v1.0.228
   Compiling zerovec-derive v0.11.2
   Compiling displaydoc v0.2.5
   Compiling thiserror-impl v2.0.18
   Compiling darling_macro v0.20.11
   Compiling zerocopy-derive v0.8.33
   Compiling darling v0.20.11
   Compiling derive_builder_core v0.20.2
   Compiling equator-macro v0.4.2
   Compiling profiling-procmacros v1.0.17
   Compiling arg_enum_proc_macro v0.3.4
   Compiling num-derive v0.4.2
   Compiling strum_macros v0.27.2
   Compiling profiling v1.0.17
   Compiling fax_derive v0.2.0
   Compiling optfield v0.4.0
   Compiling equator v0.4.2
   Compiling aligned-vec v0.6.4
   Compiling phf_macros v0.12.1
   Compiling v_frame v0.3.9
   Compiling fax v0.2.6
   Compiling palette_derive v0.7.6
   Compiling av1-grain v0.2.5
   Compiling zerofrom v0.1.6
   Compiling derive_builder_macro v0.20.2
   Compiling yoke v0.8.1
   Compiling strum v0.24.1
   Compiling clap_derive v4.5.49
   Compiling zerovec v0.11.5
   Compiling zerotrie v0.2.3
   Compiling derive_builder v0.20.2
   Compiling spinners v4.1.1
   Compiling phf v0.12.1
   Compiling fast_image_resize v6.0.0
   Compiling tinystr v0.8.2
   Compiling icu_locale_core v2.1.1
   Compiling potential_utf v0.1.4
   Compiling icu_collections v2.1.1
   Compiling icu_provider v2.1.1
   Compiling icu_normalizer v2.1.1
   Compiling icu_properties v2.1.2
   Compiling strum v0.27.2
   Compiling documented-macros v0.9.2
   Compiling cargo_metadata v0.23.1
   Compiling wallust_themes v1.1.0
   Compiling idna_adapter v1.2.1
   Compiling half v2.7.1
   Compiling idna v1.1.0
   Compiling ppv-lite86 v0.2.21
   Compiling url v2.5.8
   Compiling rand_chacha v0.9.0
   Compiling tiff v0.10.3
   Compiling exr v1.74.0
   Compiling rand v0.9.2
   Compiling git2 v0.20.3
   Compiling documented v0.9.2
   Compiling minijinja v2.14.0
   Compiling ravif v0.12.0
   Compiling wallust v3.5.2 (/home/oniichanx/.cache/yay/wallust/src/wallust)
   Compiling image v0.25.9
   Compiling kmeans_colors v0.7.1
    Finished `release` profile [optimized] target(s) in 1m 33s
==> Entering fakeroot environment...
==> Starting package()...
==> Tidying install...
  -> Removing libtool files...
  -> Removing static library files...
  -> Purging unwanted files...
  -> Stripping unneeded symbols from binaries and libraries...
  -> Compressing man and info pages...
==> Checking for packaging issues...
==> Creating package "wallust"...
  -> Generating .PKGINFO file...
  -> Generating .BUILDINFO file...
  -> Generating .MTREE file...
  -> Compressing package...
==> Creating package "wallust-debug"...
  -> Generating .PKGINFO file...
  -> Generating .BUILDINFO file...
  -> Generating .MTREE file...
  -> Compressing package...
==> Leaving fakeroot environment.
==> Finished making: wallust 3.5.2-1 (Thu 07 May 2026 04:25:45 AM +07)
==> Cleaning up...
loading packages...
resolving dependencies...
looking for conflicting packages...

Packages (2) wallust-3.5.2-1  wallust-debug-3.5.2-1

Total Installed Size:  5.56 MiB

:: Proceed with installation? [Y/n] 
checking keyring...
checking package integrity...
loading package files...
checking for file conflicts...
checking available disk space...
:: Processing package changes...
installing wallust...
Optional dependencies for wallust
    imagemagick
installing wallust-debug...
:: Running post-transaction hooks...
(1/1) Arming ConditionNeedsUpdate...
Sync Explicit (1): yad-14.2-1
resolving dependencies...
:: There are 11 providers available for ttf-font:
:: Repository extra
   1) gnu-free-fonts  2) noto-fonts  3) ttf-bitstream-vera  4) ttf-croscore  5) ttf-dejavu  6) ttf-droid  7) ttf-ibm-plex  8) ttf-input  9) ttf-input-nerd  10) ttf-liberation  11) ttf-roboto

Enter a number (default=1): 
looking for conflicting packages...

Packages (18) aom-3.13.3-1  enchant-2.8.15-2  gnu-free-fonts-20120503-9  gspell-1.14.3-1  gtksourceview3-1:3.24.11+r30+gd880929f-1  harfbuzz-icu-14.2.0-1  hidapi-0.15.0-1  hyphen-2.8.8-6  libavif-1.4.1-1  libmanette-0.2.13-2  libyuv-r2426+464c51a03-1  openjpeg2-2.5.4-1  rav1e-0.8.1-2  svt-av1-4.1.0-1  webkit2gtk-4.1-2.52.3-1  woff2-1.0.2-6  xdg-dbus-proxy-0.1.7-1  yad-14.2-1

Total Download Size:    47.94 MiB
Total Installed Size:  183.56 MiB

:: Proceed with installation? [Y/n] 
:: Retrieving packages...
 webkit2gtk-4.1-2.52.3-1-x86_64 downloading...
 gnu-free-fonts-20120503-9-any downloading...
 aom-3.13.3-1-x86_64 downloading...
 svt-av1-4.1.0-1-x86_64 downloading...
 rav1e-0.8.1-2-x86_64 downloading...
 openjpeg2-2.5.4-1-x86_64 downloading...
 gtksourceview3-1:3.24.11+r30+gd880929f-1-x86_64 downloading...
 libyuv-r2426+464c51a03-1-x86_64 downloading...
 libavif-1.4.1-1-x86_64 downloading...
 yad-14.2-1-x86_64 downloading...
 gspell-1.14.3-1-x86_64 downloading...
 enchant-2.8.15-2-x86_64 downloading...
 woff2-1.0.2-6-x86_64 downloading...
 libmanette-0.2.13-2-x86_64 downloading...
 hidapi-0.15.0-1-x86_64 downloading...
 xdg-dbus-proxy-0.1.7-1-x86_64 downloading...
 hyphen-2.8.8-6-x86_64 downloading...
 harfbuzz-icu-14.2.0-1-x86_64 downloading...
checking keyring...
checking package integrity...
loading package files...
checking for file conflicts...
checking available disk space...
:: Processing package changes...
installing enchant...
Optional dependencies for enchant
    aspell: for aspell based spell checking support
    hspell: for hspell based spell checking support
    hunspell: for hunspell based spell checking support
    libvoikko: for libvoikko based spell checking support
    nuspell: for nuspell based spell checking support
installing harfbuzz-icu...
installing hyphen...
installing aom...
installing libyuv...
installing rav1e...
installing svt-av1...
installing libavif...
installing hidapi...
Optional dependencies for hidapi
    libusb: for hidapi-libusb [installed]
installing libmanette...
installing openjpeg2...
installing gnu-free-fonts...
installing woff2...
installing xdg-dbus-proxy...
installing webkit2gtk-4.1...
Optional dependencies for webkit2gtk-4.1
    geoclue: Geolocation support
    gst-libav: nonfree media decoding
    gst-plugins-bad: media decoding
    gst-plugins-good: media decoding
installing gtksourceview3...
installing gspell...
installing yad...
:: Running post-transaction hooks...
(1/5) Arming ConditionNeedsUpdate...
(2/5) Updating fontconfig cache...
(3/5) Compiling GSettings XML schema files...
(4/5) Updating icon theme caches...
(5/5) Updating the desktop file MIME type cache...
Sync Explicit (1): bc-1.08.2-1
resolving dependencies...
looking for conflicting packages...

Packages (1) bc-1.08.2-1

Total Download Size:   0.09 MiB
Total Installed Size:  0.17 MiB

:: Proceed with installation? [Y/n] 
:: Retrieving packages...
 bc-1.08.2-1-x86_64 downloading...
checking keyring...
checking package integrity...
loading package files...
checking for file conflicts...
checking available disk space...
:: Processing package changes...
installing bc...
:: Running post-transaction hooks...
(1/2) Arming ConditionNeedsUpdate...
(2/2) Updating the info directory file...
Sync Explicit (1): rofi-2.0.0-1
resolving dependencies...
looking for conflicting packages...

Packages (3) startup-notification-0.12-9  xcb-imdkit-1.0.9-1  rofi-2.0.0-1

Total Download Size:   0.92 MiB
Total Installed Size:  1.73 MiB

:: Proceed with installation? [Y/n] 
:: Retrieving packages...
 rofi-2.0.0-1-x86_64 downloading...
 xcb-imdkit-1.0.9-1-x86_64 downloading...
 startup-notification-0.12-9-x86_64 downloading...
checking keyring...
checking package integrity...
loading package files...
checking for file conflicts...
checking available disk space...
:: Processing package changes...
installing startup-notification...
installing xcb-imdkit...
installing rofi...
:: Running post-transaction hooks...
(1/3) Arming ConditionNeedsUpdate...
(2/3) Updating icon theme caches...
(3/3) Updating the desktop file MIME type cache...
Sync Explicit (1): imagemagick-7.1.2.21-1
resolving dependencies...
looking for conflicting packages...

Packages (3) liblqr-0.4.3-1  libraqm-0.10.5-1  imagemagick-7.1.2.21-1

Total Download Size:    8.91 MiB
Total Installed Size:  24.49 MiB

:: Proceed with installation? [Y/n] 
:: Retrieving packages...
 imagemagick-7.1.2.21-1-x86_64 downloading...
 libraqm-0.10.5-1-x86_64 downloading...
 liblqr-0.4.3-1-x86_64 downloading...
checking keyring...
checking package integrity...
loading package files...
checking for file conflicts...
checking available disk space...
:: Processing package changes...
installing liblqr...
installing libraqm...
installing imagemagick...
Optional dependencies for imagemagick
    ghostscript: PS/PDF support
    jbigkit: JBIG support [installed]
    libheif: HEIF support
    libjpeg-turbo: JPEG support [installed]
    libjxl: JPEG XL support [installed]
    libraw: DNG support
    librsvg: SVG support [installed]
    libtiff: TIFF support [installed]
    libultrahdr: UHDR support
    libwebp: WEBP support [installed]
    libwmf: WMF support
    libzip: OpenRaster support [installed]
    ocl-icd: OpenCL support
    openexr: OpenEXR support
    openjpeg2: JPEG2000 support [installed]
    djvulibre: DJVU support
    pango: Text rendering [installed]
:: Running post-transaction hooks...
(1/2) Arming ConditionNeedsUpdate...
(2/2) Checking for old perl modules...
AUR Explicit (1): bibata-cursor-theme-bin-2.0.7-1
:: [1m(1/1) Downloaded PKGBUILD: bibata-cursor-theme-bin[0m
  1 bibata-cursor-theme-bin                  (Build Files Exist)
==> Packages to cleanBuild?
==> [N]one [A]ll [Ab]ort [I]nstalled [No]tInstalled or (1 2 3, 1-3, ^4)
==> 
  1 bibata-cursor-theme-bin                  (Build Files Exist)
==> Diffs to show?
==> [N]one [A]ll [Ab]ort [I]nstalled [No]tInstalled or (1 2 3, 1-3, ^4)
==> 
==> Making package: bibata-cursor-theme-bin 2.0.7-1 (Thu 07 May 2026 04:25:56 AM +07)
==> Retrieving sources...
  -> Downloading bibata-cursor-theme-2.0.7.tar.xz...
  % Total    % Received % Xferd  Average Speed  Time    Time    Time   Current
                                 Dload  Upload  Total   Spent   Left   Speed
  0      0   0      0   0      0      0      0                              0  0      0   0      0   0      0      0      0                              0  0      0   0      0   0      0      0      0                              0
  0      0   0      0   0      0      0      0                              0100 20.84M 100 20.84M   0      0 14.62M      0   00:01   00:01              0100 20.84M 100 20.84M   0      0 14.62M      0   00:01   00:01              0100 20.84M 100 20.84M   0      0 14.62M      0   00:01   00:01              0
==> WARNING: Skipping verification of source file PGP signatures.
==> Validating source files with sha256sums...
    bibata-cursor-theme-2.0.7.tar.xz ... Passed
:: [1m(1/1) Parsing SRCINFO: bibata-cursor-theme-bin[0m
==> Making package: bibata-cursor-theme-bin 2.0.7-1 (Thu 07 May 2026 04:25:58 AM +07)
==> Checking runtime dependencies...
==> Checking buildtime dependencies...
==> Retrieving sources...
  -> Found bibata-cursor-theme-2.0.7.tar.xz
==> Validating source files with sha256sums...
    bibata-cursor-theme-2.0.7.tar.xz ... Passed
==> Removing existing $srcdir/ directory...
==> Extracting sources...
  -> Extracting bibata-cursor-theme-2.0.7.tar.xz with bsdtar
==> Sources are ready.
==> Making package: bibata-cursor-theme-bin 2.0.7-1 (Thu 07 May 2026 04:26:00 AM +07)
==> Checking runtime dependencies...
==> Checking buildtime dependencies...
==> WARNING: Using existing $srcdir/ tree
==> Entering fakeroot environment...
==> Starting package()...
==> Tidying install...
  -> Removing libtool files...
  -> Removing static library files...
  -> Purging unwanted files...
  -> Copying source files needed for debug symbols...
  -> Compressing man and info pages...
==> Checking for packaging issues...
==> Creating package "bibata-cursor-theme-bin"...
  -> Generating .PKGINFO file...
  -> Generating .BUILDINFO file...
  -> Generating .MTREE file...
  -> Compressing package...
==> Leaving fakeroot environment.
==> Finished making: bibata-cursor-theme-bin 2.0.7-1 (Thu 07 May 2026 04:26:03 AM +07)
==> Cleaning up...
loading packages...
resolving dependencies...
looking for conflicting packages...

Packages (1) bibata-cursor-theme-bin-2.0.7-1

Total Installed Size:  321.65 MiB

:: Proceed with installation? [Y/n] 
checking keyring...
checking package integrity...
loading package files...
checking for file conflicts...
checking available disk space...
:: Processing package changes...
installing bibata-cursor-theme-bin...
:: Running post-transaction hooks...
(1/2) Arming ConditionNeedsUpdate...
(2/2) Updating icon theme caches...
AUR Explicit (1): wlogout-1.2.2-0
Sync Dependency (1): gobject-introspection-1.86.0-2
:: [1m(1/1) Downloaded PKGBUILD: wlogout[0m
  1 wlogout                                  (Build Files Exist)
==> Packages to cleanBuild?
==> [N]one [A]ll [Ab]ort [I]nstalled [No]tInstalled or (1 2 3, 1-3, ^4)
==> 
  1 wlogout                                  (Build Files Exist)
==> Diffs to show?
==> [N]one [A]ll [Ab]ort [I]nstalled [No]tInstalled or (1 2 3, 1-3, ^4)
==> 
==> Making package: wlogout 1.2.2-0 (Thu 07 May 2026 04:26:07 AM +07)
==> Retrieving sources...
  -> Downloading wlogout-1.2.2.tar.gz...
  % Total    % Received % Xferd  Average Speed  Time    Time    Time   Current
                                 Dload  Upload  Total   Spent   Left   Speed
  0      0   0      0   0      0      0      0                              0  0      0   0      0   0      0      0      0                              0  0      0   0      0   0      0      0      0                              0
  0      0   0      0   0      0      0      0                              0100 529.8k 100 529.8k   0      0 678.0k      0                              0100 529.8k 100 529.8k   0      0 678.0k      0                              0100 529.8k 100 529.8k   0      0 677.9k      0                              0
  -> Downloading wlogout-1.2.2.tar.gz.sig...
  % Total    % Received % Xferd  Average Speed  Time    Time    Time   Current
                                 Dload  Upload  Total   Spent   Left   Speed
  0      0   0      0   0      0      0      0                              0  0      0   0      0   0      0      0      0                              0  0      0   0      0   0      0      0      0                              0
  0      0   0      0   0      0      0      0                              0100    566 100    566   0      0    784      0                              0100    566 100    566   0      0    784      0                              0100    566 100    566   0      0    784      0                              0
==> WARNING: Skipping verification of source file PGP signatures.
==> Validating source files with md5sums...
    wlogout-1.2.2.tar.gz ... Passed
    wlogout-1.2.2.tar.gz.sig ... Skipped
:: [1m(1/1) Parsing SRCINFO: wlogout[0m
gpg: directory '/home/oniichanx/.gnupg' created
gpg: /home/oniichanx/.gnupg/trustdb.gpg: trustdb created
gpg: error reading key: No public key

 :: [1mPGP keys need importing:[0m
 -> F4FDB18A9937358364B276E9E25D679AF73C6D2F, required by: wlogout
:: [1mImporting keys with gpg...[0m
gpg: key E25D679AF73C6D2F: public key "Haden Collins <collinshaden@gmail.com>" imported
gpg: Total number processed: 1
gpg:               imported: 1
resolving dependencies...
looking for conflicting packages...

Packages (18) gobject-introspection-runtime-1.86.0-2  libgirepository-1.86.0-2  python-autocommand-2.2.2-9  python-jaraco.collections-5.1.0-3  python-jaraco.context-6.1.2-1  python-jaraco.functools-4.1.0-3  python-jaraco.text-4.0.0-4  python-mako-1.3.11-1  python-markdown-3.10.2-1  python-markupsafe-3.0.3-1  python-more-itertools-11.0.2-1  python-packaging-26.2-1  python-pkg_resources-81.0.0-1  python-platformdirs-4.9.6-1  python-setuptools-1:82.0.1-1  python-typing_extensions-4.15.0-3  python-wheel-0.47.0-1  gobject-introspection-1.86.0-2

Total Download Size:    2.97 MiB
Total Installed Size:  18.46 MiB

:: Proceed with installation? [Y/n] 
:: Retrieving packages...
 python-setuptools-1:82.0.1-1-any downloading...
 gobject-introspection-1.86.0-2-x86_64 downloading...
 python-packaging-26.2-1-any downloading...
 python-markdown-3.10.2-1-any downloading...
 python-mako-1.3.11-1-any downloading...
 libgirepository-1.86.0-2-x86_64 downloading...
 python-more-itertools-11.0.2-1-any downloading...
 python-typing_extensions-4.15.0-3-any downloading...
 python-pkg_resources-81.0.0-1-any downloading...
 python-wheel-0.47.0-1-any downloading...
 python-platformdirs-4.9.6-1-any downloading...
 gobject-introspection-runtime-1.86.0-2-x86_64 downloading...
 python-autocommand-2.2.2-9-any downloading...
 python-jaraco.collections-5.1.0-3-any downloading...
 python-jaraco.text-4.0.0-4-any downloading...
 python-markupsafe-3.0.3-1-x86_64 downloading...
 python-jaraco.functools-4.1.0-3-any downloading...
 python-jaraco.context-6.1.2-1-any downloading...
checking keyring...
checking package integrity...
loading package files...
checking for file conflicts...
checking available disk space...
:: Processing package changes...
installing libgirepository...
installing gobject-introspection-runtime...
installing python-markupsafe...
installing python-mako...
Optional dependencies for python-mako
    python-babel: for i18n features
    python-beaker: for caching support
    python-dogpile.cache: for caching support
    python-pygments: for syntax highlighting
    python-pytest: for testing utilities
installing python-markdown...
Optional dependencies for python-markdown
    python-yaml: parse Python in YAML metadata
    python-pygments: Code highlighting
installing python-more-itertools...
installing python-jaraco.functools...
installing python-jaraco.context...
installing python-autocommand...
installing python-jaraco.text...
Optional dependencies for python-jaraco.text
    python-inflect: for show-newlines script
installing python-jaraco.collections...
installing python-packaging...
installing python-platformdirs...
installing python-wheel...
Optional dependencies for python-wheel
    python-keyring: for wheel.signatures
    python-xdg: for wheel.signatures
    python-setuptools: for legacy bdist_wheel subcommand [pending]
installing python-typing_extensions...
installing python-pkg_resources...
installing python-setuptools...
installing gobject-introspection...
:: Running post-transaction hooks...
(1/1) Arming ConditionNeedsUpdate...
==> Making package: wlogout 1.2.2-0 (Thu 07 May 2026 04:26:12 AM +07)
==> Checking runtime dependencies...
==> Checking buildtime dependencies...
==> Retrieving sources...
  -> Found wlogout-1.2.2.tar.gz
  -> Found wlogout-1.2.2.tar.gz.sig
==> Validating source files with md5sums...
    wlogout-1.2.2.tar.gz ... Passed
    wlogout-1.2.2.tar.gz.sig ... Skipped
==> Verifying source file signatures with gpg...
    wlogout-1.2.2.tar.gz ... Passed
==> Removing existing $srcdir/ directory...
==> Extracting sources...
  -> Extracting wlogout-1.2.2.tar.gz with bsdtar
==> Sources are ready.
==> Making package: wlogout 1.2.2-0 (Thu 07 May 2026 04:26:13 AM +07)
==> Checking runtime dependencies...
==> Checking buildtime dependencies...
==> WARNING: Using existing $srcdir/ tree
==> Starting build()...
The Meson build system
Version: 1.11.1
Source dir: /home/oniichanx/.cache/yay/wlogout/src
Build dir: /home/oniichanx/.cache/yay/wlogout/src/build
Build type: native build
Project name: wlogout
Project version: 1.2.2
C compiler for the host machine: cc (gcc 16.1.1 "cc (GCC) 16.1.1 20260430")
C linker for the host machine: cc ld.bfd 2.46.0
Host machine cpu family: x86_64
Host machine cpu: x86_64
Configuring config.h using configuration
Found pkg-config: YES (/usr/bin/pkg-config) 2.5.1
Build-time dependency scdoc found: YES 1.11.4
meson.build:33: WARNING: Project does not target a minimum version but uses feature deprecated since '0.56.0': dependency.get_pkgconfig_variable. use dependency.get_variable(pkgconfig : ...) instead
Program /usr/bin/scdoc found: YES (/usr/bin/scdoc)
Program sh found: YES (/usr/bin/sh)
meson.build:50: WARNING: Project does not target a minimum version but uses feature deprecated since '0.55.0': Program.path. use Program.full_path() instead
Run-time dependency gtk+-wayland-3.0 found: YES 3.24.52
Run-time dependency gtk-layer-shell-0 found: YES 0.10.1
Build targets in project: 3
WARNING: Deprecated features used:
 * 0.55.0: {'Program.path'}
 * 0.56.0: {'dependency.get_pkgconfig_variable'}

wlogout 1.2.2

  User defined options
    prefix: /usr

Found ninja-1.13.2 at /usr/bin/ninja
Generating targets:   0%|          | 0/3 eta ?                                              Writing build.ninja:   0%|          | 0/30 eta ?                                                ninja: Entering directory `build'
[1/4] Generating wlogout.5 with a custom command
[2/4] Generating wlogout.1 with a custom command
[3/4] Compiling C object wlogout.p/main.c.o
[4/4] Linking target wlogout
==> Entering fakeroot environment...
==> Starting package()...
ninja: Entering directory `build'
[0/1] Installing files
Installing subdir /home/oniichanx/.cache/yay/wlogout/src/assets to /home/oniichanx/.cache/yay/wlogout/pkg/wlogout/usr/share/wlogout/assets
Installing /home/oniichanx/.cache/yay/wlogout/src/assets/CREDIT.md to /home/oniichanx/.cache/yay/wlogout/pkg/wlogout/usr/share/wlogout/assets
Installing /home/oniichanx/.cache/yay/wlogout/src/assets/hibernate.svg to /home/oniichanx/.cache/yay/wlogout/pkg/wlogout/usr/share/wlogout/assets
Installing /home/oniichanx/.cache/yay/wlogout/src/assets/lock.svg to /home/oniichanx/.cache/yay/wlogout/pkg/wlogout/usr/share/wlogout/assets
Installing /home/oniichanx/.cache/yay/wlogout/src/assets/logout.svg to /home/oniichanx/.cache/yay/wlogout/pkg/wlogout/usr/share/wlogout/assets
Installing /home/oniichanx/.cache/yay/wlogout/src/assets/reboot.svg to /home/oniichanx/.cache/yay/wlogout/pkg/wlogout/usr/share/wlogout/assets
Installing /home/oniichanx/.cache/yay/wlogout/src/assets/shutdown.svg to /home/oniichanx/.cache/yay/wlogout/pkg/wlogout/usr/share/wlogout/assets
Installing /home/oniichanx/.cache/yay/wlogout/src/assets/suspend.svg to /home/oniichanx/.cache/yay/wlogout/pkg/wlogout/usr/share/wlogout/assets
Installing subdir /home/oniichanx/.cache/yay/wlogout/src/icons to /home/oniichanx/.cache/yay/wlogout/pkg/wlogout/usr/share/wlogout/icons
Installing /home/oniichanx/.cache/yay/wlogout/src/icons/hibernate.png to /home/oniichanx/.cache/yay/wlogout/pkg/wlogout/usr/share/wlogout/icons
Installing /home/oniichanx/.cache/yay/wlogout/src/icons/lock.png to /home/oniichanx/.cache/yay/wlogout/pkg/wlogout/usr/share/wlogout/icons
Installing /home/oniichanx/.cache/yay/wlogout/src/icons/logout.png to /home/oniichanx/.cache/yay/wlogout/pkg/wlogout/usr/share/wlogout/icons
Installing /home/oniichanx/.cache/yay/wlogout/src/icons/reboot.png to /home/oniichanx/.cache/yay/wlogout/pkg/wlogout/usr/share/wlogout/icons
Installing /home/oniichanx/.cache/yay/wlogout/src/icons/shutdown.png to /home/oniichanx/.cache/yay/wlogout/pkg/wlogout/usr/share/wlogout/icons
Installing /home/oniichanx/.cache/yay/wlogout/src/icons/suspend.png to /home/oniichanx/.cache/yay/wlogout/pkg/wlogout/usr/share/wlogout/icons
Installing wlogout.1 to /home/oniichanx/.cache/yay/wlogout/pkg/wlogout/usr/share/man/man1
Installing wlogout.5 to /home/oniichanx/.cache/yay/wlogout/pkg/wlogout/usr/share/man/man5
Installing wlogout to /home/oniichanx/.cache/yay/wlogout/pkg/wlogout/usr/bin
Installing /home/oniichanx/.cache/yay/wlogout/src/completions/wlogout.bash to /home/oniichanx/.cache/yay/wlogout/pkg/wlogout/usr/share/bash-completion/completions
Installing /home/oniichanx/.cache/yay/wlogout/src/completions/wlogout.fish to /home/oniichanx/.cache/yay/wlogout/pkg/wlogout/usr/share/fish/completions
Installing /home/oniichanx/.cache/yay/wlogout/src/completions/_wlogout to /home/oniichanx/.cache/yay/wlogout/pkg/wlogout/usr/share/zsh/site-functions
Installing /home/oniichanx/.cache/yay/wlogout/src/layout to /home/oniichanx/.cache/yay/wlogout/pkg/wlogout/etc/wlogout
Installing /home/oniichanx/.cache/yay/wlogout/src/style.css to /home/oniichanx/.cache/yay/wlogout/pkg/wlogout/etc/wlogout
==> Tidying install...
  -> Removing libtool files...
  -> Removing static library files...
  -> Purging unwanted files...
  -> Stripping unneeded symbols from binaries and libraries...
  -> Compressing man and info pages...
==> Checking for packaging issues...
==> Creating package "wlogout"...
  -> Generating .PKGINFO file...
  -> Generating .BUILDINFO file...
  -> Generating .MTREE file...
  -> Compressing package...
==> Creating package "wlogout-debug"...
  -> Generating .PKGINFO file...
  -> Generating .BUILDINFO file...
  -> Generating .MTREE file...
  -> Compressing package...
==> Leaving fakeroot environment.
==> Finished making: wlogout 1.2.2-0 (Thu 07 May 2026 04:26:14 AM +07)
==> Cleaning up...
loading packages...
resolving dependencies...
looking for conflicting packages...

Packages (2) wlogout-1.2.2-0  wlogout-debug-1.2.2-0

Total Installed Size:  0.21 MiB

:: Proceed with installation? [Y/n] 
checking keyring...
checking package integrity...
loading package files...
checking for file conflicts...
checking available disk space...
:: Processing package changes...
installing wlogout...
installing wlogout-debug...
:: Running post-transaction hooks...
(1/1) Arming ConditionNeedsUpdate...
Sync Explicit (1): swappy-1.8.0-1
resolving dependencies...
looking for conflicting packages...

Packages (1) swappy-1.8.0-1

Total Download Size:   0.03 MiB
Total Installed Size:  0.12 MiB

:: Proceed with installation? [Y/n] 
:: Retrieving packages...
 swappy-1.8.0-1-x86_64 downloading...
checking keyring...
checking package integrity...
loading package files...
checking for file conflicts...
checking available disk space...
:: Processing package changes...
installing swappy...
Optional dependencies for swappy
    wl-clipboard: copy to clipboard support [installed]
    otf-font-awesome: to draw the paint icons properly
:: Running post-transaction hooks...
(1/3) Arming ConditionNeedsUpdate...
(2/3) Updating icon theme caches...
(3/3) Updating the desktop file MIME type cache...
Sync Explicit (1): grim-1.5.0-2
resolving dependencies...
looking for conflicting packages...

Packages (1) grim-1.5.0-2

Total Download Size:   0.02 MiB
Total Installed Size:  0.04 MiB

:: Proceed with installation? [Y/n] 
:: Retrieving packages...
 grim-1.5.0-2-x86_64 downloading...
checking keyring...
checking package integrity...
loading package files...
checking for file conflicts...
checking available disk space...
:: Processing package changes...
installing grim...
:: Running post-transaction hooks...
(1/1) Arming ConditionNeedsUpdate...
Sync Explicit (1): slurp-1.5.0-2
resolving dependencies...
looking for conflicting packages...

Packages (1) slurp-1.5.0-2

Total Download Size:   0.02 MiB
Total Installed Size:  0.04 MiB

:: Proceed with installation? [Y/n] 
:: Retrieving packages...
 slurp-1.5.0-2-x86_64 downloading...
checking keyring...
checking package integrity...
loading package files...
checking for file conflicts...
checking available disk space...
:: Processing package changes...
installing slurp...
:: Running post-transaction hooks...
(1/1) Arming ConditionNeedsUpdate...
Sync Explicit (1): thunar-4.20.8-3
resolving dependencies...
looking for conflicting packages...

Packages (8) exo-4.20.0-2  libexif-0.6.26-1  libgtop-2.41.3-2  libnotify-0.8.8-1  libxfce4ui-4.20.2-1  libxfce4util-4.20.1-1  xfconf-4.20.0-2  thunar-4.20.8-3

Total Download Size:    3.29 MiB
Total Installed Size:  20.53 MiB

:: Proceed with installation? [Y/n] 
:: Retrieving packages...
 thunar-4.20.8-3-x86_64 downloading...
 libexif-0.6.26-1-x86_64 downloading...
 libxfce4ui-4.20.2-1-x86_64 downloading...
 exo-4.20.0-2-x86_64 downloading...
 libgtop-2.41.3-2-x86_64 downloading...
 xfconf-4.20.0-2-x86_64 downloading...
 libxfce4util-4.20.1-1-x86_64 downloading...
 libnotify-0.8.8-1-x86_64 downloading...
checking keyring...
checking package integrity...
loading package files...
checking for file conflicts...
checking available disk space...
:: Processing package changes...
installing libexif...
installing libnotify...
installing libxfce4util...
installing xfconf...
installing libgtop...
installing libxfce4ui...
installing exo...
installing thunar...
Optional dependencies for thunar
    catfish: file searching
    gvfs: trash support, mounting with udisk and remote filesystems
    tumbler: thumbnail previews
    thunar-volman: removable device management
    thunar-archive-plugin: archive creation and extraction
    thunar-media-tags-plugin: view/edit ID3/OGG tags
:: Running post-transaction hooks...
(1/6) Reloading user manager configuration...
(2/6) Arming ConditionNeedsUpdate...
(3/6) Updating GIO module cache...
(4/6) Updating icon theme caches...
(5/6) Updating the info directory file...
(6/6) Updating the desktop file MIME type cache...
Sync Explicit (1): btop-1.4.7-1
resolving dependencies...
looking for conflicting packages...

Packages (1) btop-1.4.7-1

Total Download Size:   0.58 MiB
Total Installed Size:  1.70 MiB

:: Proceed with installation? [Y/n] 
:: Retrieving packages...
 btop-1.4.7-1-x86_64 downloading...
checking keyring...
checking package integrity...
loading package files...
checking for file conflicts...
checking available disk space...
:: Processing package changes...
installing btop...
Optional dependencies for btop
    rocm-smi-lib: AMD GPU support
:: Running post-transaction hooks...
(1/3) Arming ConditionNeedsUpdate...
(2/3) Updating icon theme caches...
(3/3) Updating the desktop file MIME type cache...
Sync Explicit (1): firefox-150.0.1-1
resolving dependencies...
looking for conflicting packages...

Packages (44) ffmpeg-2:8.1.1-1  gsm-1.0.24-1  l-smash-2.14.5-4  libass-0.17.4-2  libavc1394-0.5.4-7  libbluray-1.4.1-1  libbs2b-3.1.0-10  libdovi-3.3.2-1  libdvdnav-7.0.0-1  libdvdread-7.0.1-1  libiec61883-1.2.0-9  libmodplug-0.8.9.0-7  libopenmpt-0.8.6-1  libplacebo-7.360.1-1  libraw1394-2.1.2-4  libsamplerate-0.2.2-3  libsoxr-0.1.3-4  libssh-0.12.0-1  libtheora-1.2.0-1  libunibreak-7.0-1  libvpl-2.16.0-2  libvpx-1.16.0-3  libxss-1.2.5-1  libxt-1.3.1-1  mailcap-2.1.54-2  ocl-icd-2.3.4-1  opencore-amr-0.1.6-2  portaudio-1:19.7.0-4  rubberband-4.0.0-2  sdl2-compat-2.32.68-1  sdl3-3.4.8-1  shaderc-2026.1-2  snappy-1.2.2-3  speex-1.2.1-2  speexdsp-1.2.1-2  srt-1.5.5-1  v4l-utils-1.32.0-2  vapoursynth-75-2  vid.stab-1.1.1-2  x264-3:0.165.r3222.b35605a-2  x265-4.1-1  xvidcore-1.3.7-3  zimg-3.0.6-1  firefox-150.0.1-1

Total Download Size:   114.82 MiB
Total Installed Size:  409.00 MiB

:: Proceed with installation? [Y/n] 
:: Retrieving packages...
 firefox-150.0.1-1-x86_64 downloading...
 ffmpeg-2:8.1.1-1-x86_64 downloading...
 v4l-utils-1.32.0-2-x86_64 downloading...
 x265-4.1-1-x86_64 downloading...
 sdl3-3.4.8-1-x86_64 downloading...
 vapoursynth-75-2-x86_64 downloading...
 libsamplerate-0.2.2-3-x86_64 downloading...
 libvpx-1.16.0-3-x86_64 downloading...
 libopenmpt-0.8.6-1-x86_64 downloading...
 libbluray-1.4.1-1-x86_64 downloading...
 x264-3:0.165.r3222.b35605a-2-x86_64 downloading...
 libxt-1.3.1-1-x86_64 downloading...
 srt-1.5.5-1-x86_64 downloading...
 libplacebo-7.360.1-1-x86_64 downloading...
 speex-1.2.1-2-x86_64 downloading...
 sdl2-compat-2.32.68-1-x86_64 downloading...
 speexdsp-1.2.1-2-x86_64 downloading...
 libtheora-1.2.0-1-x86_64 downloading...
 l-smash-2.14.5-4-x86_64 downloading...
 rubberband-4.0.0-2-x86_64 downloading...
 libssh-0.12.0-1-x86_64 downloading...
 libdovi-3.3.2-1-x86_64 downloading...
 libvpl-2.16.0-2-x86_64 downloading...
 zimg-3.0.6-1-x86_64 downloading...
 xvidcore-1.3.7-3-x86_64 downloading...
 libmodplug-0.8.9.0-7-x86_64 downloading...
 shaderc-2026.1-2-x86_64 downloading...
 opencore-amr-0.1.6-2-x86_64 downloading...
 libass-0.17.4-2-x86_64 downloading...
 libdvdread-7.0.1-1-x86_64 downloading...
 ocl-icd-2.3.4-1-x86_64 downloading...
 portaudio-1:19.7.0-4-x86_64 downloading...
 libsoxr-0.1.3-4-x86_64 downloading...
 libdvdnav-7.0.0-1-x86_64 downloading...
 vid.stab-1.1.1-2-x86_64 downloading...
 libraw1394-2.1.2-4-x86_64 downloading...
 gsm-1.0.24-1-x86_64 downloading...
 libiec61883-1.2.0-9-x86_64 downloading...
 snappy-1.2.2-3-x86_64 downloading...
 libavc1394-0.5.4-7-x86_64 downloading...
 mailcap-2.1.54-2-any downloading...
 libunibreak-7.0-1-x86_64 downloading...
 libbs2b-3.1.0-10-x86_64 downloading...
 libxss-1.2.5-1-x86_64 downloading...
checking keyring...
checking package integrity...
loading package files...
checking for file conflicts...
checking available disk space...
:: Processing package changes...
installing gsm...
installing libunibreak...
installing libass...
installing libraw1394...
installing libavc1394...
installing libbluray...
Optional dependencies for libbluray
    java-runtime: BD-J library
installing libbs2b...
installing libdvdread...
Optional dependencies for libdvdread
    libdvdcss: Decoding encrypted DVDs
installing libdvdnav...
installing libiec61883...
installing libmodplug...
installing portaudio...
installing libopenmpt...
installing shaderc...
installing libdovi...
installing libplacebo...
installing libsoxr...
installing libssh...
installing libtheora...
installing libvpx...
installing ocl-icd...
Optional dependencies for ocl-icd
    opencl-driver: packaged opencl driver
installing libvpl...
Optional dependencies for libvpl
    intel-media-sdk: runtime implementation for legacy Intel GPUs
    vpl-gpu-rt: runtime implementation for Tiger Lake and newer GPUs
installing opencore-amr...
installing libsamplerate...
installing rubberband...
installing sdl3...
Optional dependencies for sdl3
    alsa-lib: ALSA audio driver [installed]
    libpulse: PulseAudio audio driver [installed]
    jack: JACK audio driver [installed]
    pipewire: PipeWire audio driver [installed]
    vulkan-driver: vulkan renderer [installed]
    sndio: sndio audio driver [installed]
    libdecor: Wayland client decorations [installed]
installing sdl2-compat...
installing snappy...
installing speexdsp...
installing speex...
installing srt...
installing v4l-utils...
Optional dependencies for v4l-utils
    qt6-base: for qv4l2 and qvidcap [installed]
    qt6-5compat: for qv4l2
    alsa-lib: for qv4l2 [installed]
installing zimg...
installing vapoursynth...
installing vid.stab...
installing l-smash...
installing x264...
installing x265...
installing xvidcore...
installing ffmpeg...
Optional dependencies for ffmpeg
    avisynthplus: AviSynthPlus support
    frei0r-plugins: Frei0r video effects support
    intel-media-sdk: Intel QuickSync support (legacy)
    ladspa: LADSPA filters
    nvidia-utils: Nvidia NVDEC/NVENC support [installed]
    onevpl-intel-gpu: Intel QuickSync support
installing libxss...
installing libxt...
installing mailcap...
installing firefox...
Optional dependencies for firefox
    hunspell-en_US: Spell checking, American English
    libnotify: Notification integration [installed]
    networkmanager: Location detection via available WiFi networks [installed]
    onnxruntime: Local machine learning features such as smart tab groups
    speech-dispatcher: Text-to-Speech
    xdg-desktop-portal: Screensharing with Wayland [installed]
:: Running post-transaction hooks...
(1/6) Reloading system manager configuration...
(2/6) Updating the MIME type database...
(3/6) Reloading device manager configuration...
(4/6) Arming ConditionNeedsUpdate...
(5/6) Updating icon theme caches...
(6/6) Updating the desktop file MIME type cache...
AUR Explicit (1): librewolf-bin-1:150.0.1_1-2
:: [1m(1/1) Downloaded PKGBUILD: librewolf-bin[0m
  1 librewolf-bin                            (Build Files Exist)
==> Packages to cleanBuild?
==> [N]one [A]ll [Ab]ort [I]nstalled [No]tInstalled or (1 2 3, 1-3, ^4)
==> 
  1 librewolf-bin                            (Build Files Exist)
==> Diffs to show?
==> [N]one [A]ll [Ab]ort [I]nstalled [No]tInstalled or (1 2 3, 1-3, ^4)
==> 
==> Making package: librewolf-bin 1:150.0.1_1-2 (Thu 07 May 2026 04:26:32 AM +07)
==> Retrieving sources...
  -> Cloning source git repo...
Cloning into bare repository '/home/oniichanx/.cache/yay/librewolf-bin/source'...
  -> Found default192x192.png
  -> Found librewolf.desktop
  -> Downloading librewolf-150.0.1-1-linux-x86_64-package.tar.xz...
  % Total    % Received % Xferd  Average Speed  Time    Time    Time   Current
                                 Dload  Upload  Total   Spent   Left   Speed
  0      0   0      0   0      0      0      0                              0  0 93.49M   0 243.5k   0      0 167.1k      0   09:32   00:01   09:31 234.2k  8 93.49M   8  7.98M   0      0  3.24M      0   00:28   00:02   00:26  3.90M 27 93.49M  27 25.37M   0      0  7.32M      0   00:12   00:03   00:09  8.32M 43 93.49M  43 41.13M   0      0  9.13M      0   00:10   00:04   00:06 10.06M 64 93.49M  64 60.62M   0      0 10.90M      0   00:08   00:05   00:03 11.79M 85 93.49M  85 80.12M   0      0 12.10M      0   00:07   00:06   00:01 15.47M100 93.49M 100 93.49M   0      0 12.85M      0   00:07   00:07         15.47M100 93.49M 100 93.49M   0      0 12.85M      0   00:07   00:07         15.47M100 93.49M 100 93.49M   0      0 12.85M      0   00:07   00:07         15.47M
  -> Found librewolf-150.0.1-1-linux-x86_64-package.tar.xz.sig
==> WARNING: Skipping verification of source file PGP signatures.
==> Validating source files with sha256sums...
    source ... Passed
    default192x192.png ... Passed
    librewolf.desktop ... Passed
==> Validating source_x86_64 files with sha256sums...
    librewolf-150.0.1-1-linux-x86_64-package.tar.xz ... Passed
    librewolf-150.0.1-1-linux-x86_64-package.tar.xz.sig ... Skipped
:: [1m(1/1) Parsing SRCINFO: librewolf-bin[0m
gpg: error reading key: No public key

 :: [1mPGP keys need importing:[0m
 -> 662E3CDD6FE329002D0CA5BB40339DD82B12EF16, required by: librewolf-bin
:: [1mImporting keys with gpg...[0m
gpg: key 40339DD82B12EF16: public key "LibreWolf Maintainers <gpg@librewolf.net>" imported
gpg: Total number processed: 1
gpg:               imported: 1
==> Making package: librewolf-bin 1:150.0.1_1-2 (Thu 07 May 2026 04:26:44 AM +07)
==> Checking runtime dependencies...
==> Checking buildtime dependencies...
==> Retrieving sources...
  -> Updating source git repo...
  -> Found default192x192.png
  -> Found librewolf.desktop
  -> Found librewolf-150.0.1-1-linux-x86_64-package.tar.xz
  -> Found librewolf-150.0.1-1-linux-x86_64-package.tar.xz.sig
==> Validating source files with sha256sums...
    source ... Passed
    default192x192.png ... Passed
    librewolf.desktop ... Passed
==> Validating source_x86_64 files with sha256sums...
    librewolf-150.0.1-1-linux-x86_64-package.tar.xz ... Passed
    librewolf-150.0.1-1-linux-x86_64-package.tar.xz.sig ... Skipped
==> Verifying source file signatures with gpg...
    librewolf-150.0.1-1-linux-x86_64-package.tar.xz ... Passed
==> Removing existing $srcdir/ directory...
==> Extracting sources...
  -> Creating working copy of source git repo...
Cloning into 'source'...
done.
Switched to a new branch 'makepkg'
  -> Extracting librewolf-150.0.1-1-linux-x86_64-package.tar.xz with bsdtar
==> Sources are ready.
==> Making package: librewolf-bin 1:150.0.1_1-2 (Thu 07 May 2026 04:26:48 AM +07)
==> Checking runtime dependencies...
==> Checking buildtime dependencies...
==> WARNING: Using existing $srcdir/ tree
==> Entering fakeroot environment...
==> Starting package()...
install: creating directory '/home/oniichanx/.cache/yay/librewolf-bin/pkg/librewolf-bin/usr/lib/librewolf/browser/defaults'
install: creating directory '/home/oniichanx/.cache/yay/librewolf-bin/pkg/librewolf-bin/usr/lib/librewolf/browser/defaults/preferences'
'/dev/stdin' -> '/home/oniichanx/.cache/yay/librewolf-bin/pkg/librewolf-bin/usr/lib/librewolf/browser/defaults/preferences/vendor.js'
'/dev/stdin' -> '/home/oniichanx/.cache/yay/librewolf-bin/pkg/librewolf-bin/usr/lib/librewolf/distribution/distribution.ini'
install: creating directory '/home/oniichanx/.cache/yay/librewolf-bin/pkg/librewolf-bin/usr/share'
install: creating directory '/home/oniichanx/.cache/yay/librewolf-bin/pkg/librewolf-bin/usr/share/icons'
install: creating directory '/home/oniichanx/.cache/yay/librewolf-bin/pkg/librewolf-bin/usr/share/icons/hicolor'
install: creating directory '/home/oniichanx/.cache/yay/librewolf-bin/pkg/librewolf-bin/usr/share/icons/hicolor/16x16'
install: creating directory '/home/oniichanx/.cache/yay/librewolf-bin/pkg/librewolf-bin/usr/share/icons/hicolor/16x16/apps'
'/home/oniichanx/.cache/yay/librewolf-bin/src/source/themes/browser/branding/librewolf/default16.png' -> '/home/oniichanx/.cache/yay/librewolf-bin/pkg/librewolf-bin/usr/share/icons/hicolor/16x16/apps/librewolf.png'
install: creating directory '/home/oniichanx/.cache/yay/librewolf-bin/pkg/librewolf-bin/usr/share/icons/hicolor/32x32'
install: creating directory '/home/oniichanx/.cache/yay/librewolf-bin/pkg/librewolf-bin/usr/share/icons/hicolor/32x32/apps'
'/home/oniichanx/.cache/yay/librewolf-bin/src/source/themes/browser/branding/librewolf/default32.png' -> '/home/oniichanx/.cache/yay/librewolf-bin/pkg/librewolf-bin/usr/share/icons/hicolor/32x32/apps/librewolf.png'
install: creating directory '/home/oniichanx/.cache/yay/librewolf-bin/pkg/librewolf-bin/usr/share/icons/hicolor/48x48'
install: creating directory '/home/oniichanx/.cache/yay/librewolf-bin/pkg/librewolf-bin/usr/share/icons/hicolor/48x48/apps'
'/home/oniichanx/.cache/yay/librewolf-bin/src/source/themes/browser/branding/librewolf/default48.png' -> '/home/oniichanx/.cache/yay/librewolf-bin/pkg/librewolf-bin/usr/share/icons/hicolor/48x48/apps/librewolf.png'
install: creating directory '/home/oniichanx/.cache/yay/librewolf-bin/pkg/librewolf-bin/usr/share/icons/hicolor/64x64'
install: creating directory '/home/oniichanx/.cache/yay/librewolf-bin/pkg/librewolf-bin/usr/share/icons/hicolor/64x64/apps'
'/home/oniichanx/.cache/yay/librewolf-bin/src/source/themes/browser/branding/librewolf/default64.png' -> '/home/oniichanx/.cache/yay/librewolf-bin/pkg/librewolf-bin/usr/share/icons/hicolor/64x64/apps/librewolf.png'
install: creating directory '/home/oniichanx/.cache/yay/librewolf-bin/pkg/librewolf-bin/usr/share/icons/hicolor/128x128'
install: creating directory '/home/oniichanx/.cache/yay/librewolf-bin/pkg/librewolf-bin/usr/share/icons/hicolor/128x128/apps'
'/home/oniichanx/.cache/yay/librewolf-bin/src/source/themes/browser/branding/librewolf/default128.png' -> '/home/oniichanx/.cache/yay/librewolf-bin/pkg/librewolf-bin/usr/share/icons/hicolor/128x128/apps/librewolf.png'
install: creating directory '/home/oniichanx/.cache/yay/librewolf-bin/pkg/librewolf-bin/usr/share/icons/hicolor/192x192'
install: creating directory '/home/oniichanx/.cache/yay/librewolf-bin/pkg/librewolf-bin/usr/share/icons/hicolor/192x192/apps'
'/home/oniichanx/.cache/yay/librewolf-bin/src/default192x192.png' -> '/home/oniichanx/.cache/yay/librewolf-bin/pkg/librewolf-bin/usr/share/icons/hicolor/192x192/apps/librewolf.png'
install: creating directory '/home/oniichanx/.cache/yay/librewolf-bin/pkg/librewolf-bin/usr/share/icons/hicolor/symbolic'
install: creating directory '/home/oniichanx/.cache/yay/librewolf-bin/pkg/librewolf-bin/usr/share/icons/hicolor/symbolic/apps'
'/home/oniichanx/.cache/yay/librewolf-bin/src/source/themes/browser/branding/librewolf/default16.png' -> '/home/oniichanx/.cache/yay/librewolf-bin/pkg/librewolf-bin/usr/share/icons/hicolor/symbolic/apps/librewolf-symbolic.png'
install: creating directory '/home/oniichanx/.cache/yay/librewolf-bin/pkg/librewolf-bin/usr/share/applications'
'/home/oniichanx/.cache/yay/librewolf-bin/src/librewolf.desktop' -> '/home/oniichanx/.cache/yay/librewolf-bin/pkg/librewolf-bin/usr/share/applications/librewolf.desktop'
'/dev/stdin' -> '/home/oniichanx/.cache/yay/librewolf-bin/pkg/librewolf-bin/usr/bin/librewolf'
'/home/oniichanx/.cache/yay/librewolf-bin/pkg/librewolf-bin/usr/lib/librewolf/librewolf-bin' -> '../../bin/librewolf'
==> Tidying install...
  -> Removing libtool files...
  -> Removing static library files...
  -> Purging unwanted files...
  -> Removing empty directories...
  -> Stripping unneeded symbols from binaries and libraries...
  -> Compressing man and info pages...
==> Checking for packaging issues...
==> Creating package "librewolf-bin"...
  -> Generating .PKGINFO file...
  -> Generating .BUILDINFO file...
  -> Adding install file...
  -> Generating .MTREE file...
  -> Compressing package...
==> Creating package "librewolf-bin-debug"...
  -> Generating .PKGINFO file...
  -> Generating .BUILDINFO file...
  -> Generating .MTREE file...
  -> Compressing package...
==> Leaving fakeroot environment.
==> Finished making: librewolf-bin 1:150.0.1_1-2 (Thu 07 May 2026 04:26:54 AM +07)
==> Cleaning up...
loading packages...
resolving dependencies...
looking for conflicting packages...

Packages (2) librewolf-bin-1:150.0.1_1-2  librewolf-bin-debug-1:150.0.1_1-2

Total Installed Size:  426.38 MiB

:: Proceed with installation? [Y/n] 
checking keyring...
checking package integrity...
loading package files...
checking for file conflicts...
checking available disk space...
:: Processing package changes...
installing librewolf-bin...
>>    Remember to check for changes in /usr/lib/librewolf/librewolf.cfg.pacnew
>>    as those will not automatically overwrite your existing librewolf.cfg.
>>    
>>    We would encourage you to migrate your own changes to the new overrides file
>>    at ~/.librewolf/librewolf.overrides.cfg instead, so making changes directly
>>    in your librewolf.cfg is not necessary anymore (in most cases at least).
>>    
>>    Check out https://gitlab.com/librewolf-community/settings/-/merge_requests/13
>>    for more information on this.
Optional dependencies for librewolf-bin
    hunspell-en_US: Spell checking, American English
    libnotify: Notification integration [installed]
    networkmanager: Location detection via available WiFi networks [installed]
    pulseaudio: Audio support
    speech-dispatcher: Text-to-Speech
    xdg-desktop-portal: Screensharing with Wayland [installed]
installing librewolf-bin-debug...
:: Running post-transaction hooks...
(1/3) Arming ConditionNeedsUpdate...
(2/3) Updating icon theme caches...
(3/3) Updating the desktop file MIME type cache...
Sync Explicit (1): thunderbird-150.0-1
resolving dependencies...
looking for conflicting packages...

Packages (7) botan-3.11.1-1  dbus-glib-0.114-1  hunspell-1.7.2-3  libcanberra-1:0.30+r2+gc0620e4-6  sound-theme-freedesktop-0.8-6  tdb-1.4.15-1  thunderbird-150.0-1

Total Download Size:    81.45 MiB
Total Installed Size:  299.88 MiB

:: Proceed with installation? [Y/n] 
:: Retrieving packages...
 thunderbird-150.0-1-x86_64 downloading...
 botan-3.11.1-1-x86_64 downloading...
 hunspell-1.7.2-3-x86_64 downloading...
 sound-theme-freedesktop-0.8-6-any downloading...
 dbus-glib-0.114-1-x86_64 downloading...
 libcanberra-1:0.30+r2+gc0620e4-6-x86_64 downloading...
 tdb-1.4.15-1-x86_64 downloading...
checking keyring...
checking package integrity...
loading package files...
checking for file conflicts...
checking available disk space...
:: Processing package changes...
installing dbus-glib...
installing hunspell...
Optional dependencies for hunspell
    perl: for ispellaff2myspell [installed]
installing botan...
Optional dependencies for botan
    boost-libs: for the botan executable
    python: for using botan2.py [installed]
installing tdb...
Optional dependencies for tdb
    python: for python bindings [installed]
installing sound-theme-freedesktop...
installing libcanberra...
Optional dependencies for libcanberra
    gtk3: canberra-gtk-play [installed]
installing thunderbird...
Optional dependencies for thunderbird
    hunspell-en_us: Spell checking, American English
    libotr: OTR support for active one-to-one chats
    libnotify: Notification integration [installed]
:: Running post-transaction hooks...
(1/4) Reloading system manager configuration...
(2/4) Arming ConditionNeedsUpdate...
(3/4) Updating icon theme caches...
(4/4) Updating the desktop file MIME type cache...
Sync Explicit (1): mpv-1:0.41.0-3
resolving dependencies...
looking for conflicting packages...

Packages (8) libcdio-2.3.0-1  libcdio-paranoia-10.2+2.0.2-2  libsixel-1.10.5-1  libxpresent-1.0.2-1  mujs-1.3.9-1  openal-1.25.1-1  uchardet-0.0.8-4  mpv-1:0.41.0-3

Total Download Size:    3.32 MiB
Total Installed Size:  11.61 MiB

:: Proceed with installation? [Y/n] 
:: Retrieving packages...
 mpv-1:0.41.0-3-x86_64 downloading...
 openal-1.25.1-1-x86_64 downloading...
 mujs-1.3.9-1-x86_64 downloading...
 libcdio-2.3.0-1-x86_64 downloading...
 libsixel-1.10.5-1-x86_64 downloading...
 uchardet-0.0.8-4-x86_64 downloading...
 libcdio-paranoia-10.2+2.0.2-2-x86_64 downloading...
 libxpresent-1.0.2-1-x86_64 downloading...
checking keyring...
checking package integrity...
loading package files...
checking for file conflicts...
checking available disk space...
:: Processing package changes...
installing libcdio...
installing libcdio-paranoia...
installing libsixel...
installing libxpresent...
installing mujs...
installing openal...
Optional dependencies for openal
    qt6-base: alsoft-config GUI Configurator [installed]
    fluidsynth: MIDI rendering
    libmysofa: makemhr tool [installed]
installing uchardet...
installing mpv...
Optional dependencies for mpv
    yt-dlp: for video-sharing websites playback
:: Running post-transaction hooks...
(1/4) Arming ConditionNeedsUpdate...
(2/4) Updating icon theme caches...
(3/4) Updating the info directory file...
(4/4) Updating the desktop file MIME type cache...
Sync Explicit (1): pamixer-1.6-4
resolving dependencies...
looking for conflicting packages...

Packages (1) pamixer-1.6-4

Total Download Size:   0.10 MiB
Total Installed Size:  0.27 MiB

:: Proceed with installation? [Y/n] 
:: Retrieving packages...
 pamixer-1.6-4-x86_64 downloading...
checking keyring...
checking package integrity...
loading package files...
checking for file conflicts...
checking available disk space...
:: Processing package changes...
installing pamixer...
:: Running post-transaction hooks...
(1/1) Arming ConditionNeedsUpdate...
Sync Explicit (1): pavucontrol-1:6.2-1
resolving dependencies...
looking for conflicting packages...

Packages (6) cairomm-1.16-1.18.0-2  glibmm-2.68-2.88.0-1  gtkmm-4.0-4.22.0-1  libsigc++-3.0-3.8.0-1  pangomm-2.48-2.56.1-1  pavucontrol-1:6.2-1

Total Download Size:    3.03 MiB
Total Installed Size:  18.44 MiB

:: Proceed with installation? [Y/n] 
:: Retrieving packages...
 gtkmm-4.0-4.22.0-1-x86_64 downloading...
 glibmm-2.68-2.88.0-1-x86_64 downloading...
 pavucontrol-1:6.2-1-x86_64 downloading...
 pangomm-2.48-2.56.1-1-x86_64 downloading...
 cairomm-1.16-1.18.0-2-x86_64 downloading...
 libsigc++-3.0-3.8.0-1-x86_64 downloading...
checking keyring...
checking package integrity...
loading package files...
checking for file conflicts...
checking available disk space...
:: Processing package changes...
installing libsigc++-3.0...
installing glibmm-2.68...
installing cairomm-1.16...
installing pangomm-2.48...
installing gtkmm-4.0...
installing pavucontrol...
:: Running post-transaction hooks...
(1/3) Arming ConditionNeedsUpdate...
(2/3) Updating icon theme caches...
(3/3) Updating the desktop file MIME type cache...
Sync Explicit (1): brightnessctl-0.5.1-3
resolving dependencies...
looking for conflicting packages...

Packages (1) brightnessctl-0.5.1-3

Total Download Size:   0.01 MiB
Total Installed Size:  0.03 MiB

:: Proceed with installation? [Y/n] 
:: Retrieving packages...
 brightnessctl-0.5.1-3-x86_64 downloading...
checking keyring...
checking package integrity...
loading package files...
checking for file conflicts...
checking available disk space...
:: Processing package changes...
installing brightnessctl...
:: Running post-transaction hooks...
(1/1) Arming ConditionNeedsUpdate...
Sync Explicit (1): blueman-2.4.6-2
resolving dependencies...
looking for conflicting packages...

Packages (3) python-cairo-1.29.0-2  python-gobject-3.56.2-1  blueman-2.4.6-2

Total Download Size:   1.78 MiB
Total Installed Size:  8.76 MiB

:: Proceed with installation? [Y/n] 
:: Retrieving packages...
 blueman-2.4.6-2-x86_64 downloading...
 python-gobject-3.56.2-1-x86_64 downloading...
 python-cairo-1.29.0-2-x86_64 downloading...
checking keyring...
checking package integrity...
loading package files...
checking for file conflicts...
checking available disk space...
:: Processing package changes...
installing python-cairo...
installing python-gobject...
Optional dependencies for python-gobject
    python-cairo: Cairo bindings [installed]
installing blueman...
Optional dependencies for blueman
    dnsmasq: Network Access Point (NAP) support
    iproute2: Network Access Point (NAP) support [installed]
    networkmanager: Dial Up Networking (DUN) and Personal Area Networking (PAN) support [installed]
    pulseaudio-bluetooth: audio devices support
:: Running post-transaction hooks...
(1/7) Reloading system manager configuration...
(2/7) Reloading user manager configuration...
(3/7) Arming ConditionNeedsUpdate...
(4/7) Reloading system bus configuration...
(5/7) Compiling GSettings XML schema files...
(6/7) Updating icon theme caches...
(7/7) Updating the desktop file MIME type cache...
Sync Explicit (1): network-manager-applet-1.36.0-2
resolving dependencies...
looking for conflicting packages...

Packages (7) gcr-4-4.4.0.1-1  libappindicator-12.10.1-1  libnma-1.10.6-3  libnma-common-1.10.6-3  nm-connection-editor-1.36.0-2  openssh-10.3p1-1  network-manager-applet-1.36.0-2

Total Download Size:    3.02 MiB
Total Installed Size:  15.39 MiB

:: Proceed with installation? [Y/n] 
:: Retrieving packages...
 openssh-10.3p1-1-x86_64 downloading...
 nm-connection-editor-1.36.0-2-x86_64 downloading...
 gcr-4-4.4.0.1-1-x86_64 downloading...
 libnma-common-1.10.6-3-x86_64 downloading...
 network-manager-applet-1.36.0-2-x86_64 downloading...
 libnma-1.10.6-3-x86_64 downloading...
 libappindicator-12.10.1-1-x86_64 downloading...
checking keyring...
checking package integrity...
loading package files...
checking for file conflicts...
checking available disk space...
:: Processing package changes...
installing libappindicator...
installing openssh...
Optional dependencies for openssh
    libfido2: FIDO/U2F support
    sh: for ssh-copy-id and findssl.sh [installed]
    x11-ssh-askpass: input passphrase in X
    xorg-xauth: X11 forwarding
installing gcr-4...
Optional dependencies for gcr-4
    gtk4: gcr-viewer-gtk4 [installed]
installing libnma-common...
installing libnma...
installing nm-connection-editor...
installing network-manager-applet...
:: Running post-transaction hooks...
(1/7) Creating temporary files...
(2/7) Reloading system manager configuration...
(3/7) Reloading user manager configuration...
(4/7) Arming ConditionNeedsUpdate...
(5/7) Compiling GSettings XML schema files...
(6/7) Updating icon theme caches...
(7/7) Updating the desktop file MIME type cache...
Sync Explicit (1): gvfs-1.60.0-2
resolving dependencies...
looking for conflicting packages...

Packages (17) libatasmart-0.19-8  libblockdev-3.5.0-1  libblockdev-crypto-3.5.0-1  libblockdev-fs-3.5.0-1  libblockdev-loop-3.5.0-1  libblockdev-mdraid-3.5.0-1  libblockdev-nvme-3.5.0-1  libblockdev-part-3.5.0-1  libblockdev-smart-3.5.0-1  libblockdev-swap-3.5.0-1  libbytesize-2.12-3  libnvme-1.16.1-3  mdadm-4.6-2  parted-3.7-1  udisks2-2.11.1-2  volume_key-0.3.12-12  gvfs-1.60.0-2

Total Download Size:    3.53 MiB
Total Installed Size:  23.34 MiB

:: Proceed with installation? [Y/n] 
:: Retrieving packages...
 gvfs-1.60.0-2-x86_64 downloading...
 udisks2-2.11.1-2-x86_64 downloading...
 parted-3.7-1-x86_64 downloading...
 mdadm-4.6-2-x86_64 downloading...
 libnvme-1.16.1-3-x86_64 downloading...
 libblockdev-3.5.0-1-x86_64 downloading...
 volume_key-0.3.12-12-x86_64 downloading...
 libblockdev-fs-3.5.0-1-x86_64 downloading...
 libatasmart-0.19-8-x86_64 downloading...
 libblockdev-crypto-3.5.0-1-x86_64 downloading...
 libblockdev-nvme-3.5.0-1-x86_64 downloading...
 libbytesize-2.12-3-x86_64 downloading...
 libblockdev-smart-3.5.0-1-x86_64 downloading...
 libblockdev-part-3.5.0-1-x86_64 downloading...
 libblockdev-mdraid-3.5.0-1-x86_64 downloading...
 libblockdev-loop-3.5.0-1-x86_64 downloading...
 libblockdev-swap-3.5.0-1-x86_64 downloading...
checking keyring...
checking package integrity...
loading package files...
checking for file conflicts...
checking available disk space...
:: Processing package changes...
installing libblockdev...
Optional dependencies for libblockdev
    libblockdev-btrfs: for BTRFS support
    libblockdev-crypto: for crypto support [pending]
    libblockdev-dm: for device-mapper support
    libblockdev-fs: for filesystem support [pending]
    libblockdev-loop: for loop device support [pending]
    libblockdev-lvm: for LVM support
    libblockdev-mdraid: for MDRAID support [pending]
    libblockdev-mpath: for multipath support
    libblockdev-nvdimm: for NVDIMM support
    libblockdev-nvme: for NVME support [pending]
    libblockdev-part: for partitioning support [pending]
    libblockdev-smart: for S.M.A.R.T. support [pending]
    libblockdev-swap: for swap support [pending]
    python-libblockdev: for Python support
installing volume_key...
Optional dependencies for volume_key
    python-volume_key: for Python bindings
installing libblockdev-crypto...
installing libbytesize...
Optional dependencies for libbytesize
    python: for Python bindings and for the bscalc command [installed]
installing parted...
installing libblockdev-fs...
Optional dependencies for libblockdev-fs
    btrfs-progs: for BTRFS filesystem support
    dosfstools: for VFAT filesystem support
    exfatprogs: for exFAT filesystem support
    f2fs-tools: for F2FS filesystem support
    nilfs-utils: for nilfs filesystem support
    ntfs-3g: for NTFS filesystem support
    udftools: for UDF filesystem support
    xfsprogs: for XFS filesystem support [installed]
installing mdadm...
Optional dependencies for mdadm
    bash: mdcheck [installed]
installing libblockdev-mdraid...
installing libblockdev-loop...
installing libnvme...
installing libblockdev-nvme...
installing libblockdev-part...
installing libatasmart...
installing libblockdev-smart...
Optional dependencies for libblockdev-smart
    smartmontools: for experimental smartmontools-based plugin
installing libblockdev-swap...
installing udisks2...
Optional dependencies for udisks2
    udisks2-btrfs: for BTRFS module
    udisks2-lvm2: for LVM2 module
    udisks2-docs: API documentation
    btrfs-progs: for BTRFS support in libblockdev-fs
    dosfstools: for FAT support in libblockdev-fs
    exfatprogs: for exFAT support in libblockdev-fs
    e2fsprogs: for Ext2/3/4 support in libblockdev-fs [installed]
    f2fs-tools: for F2FS support in libblockdev-fs
    less: for default pager of the udisksctl dump command
    nilfs-utils: for NILFS support in libblockdev-fs
    udftools: for UDF support in libblockdev-fs
    xfsprogs: for XFS support in libblockdev-fs [installed]
installing gvfs...
Optional dependencies for gvfs
    gvfs-afc: AFC support (Apple mobile devices)
    gvfs-dnssd: DNS-SD and WebDAV support (macOS file sharing)
    gvfs-goa: Gnome Online Accounts support (e.g. OwnCloud)
    gvfs-gphoto2: gphoto2 support (PTP camera, MTP media player)
    gvfs-mtp: MTP support (Android, media player)
    gvfs-nfs: NFS support
    gvfs-onedrive: Microsoft OneDrive support
    gvfs-smb: SMB/CIFS support (Windows file sharing)
    gvfs-wsdd: Web Services Dynamic Discovery support (Windows discovery)
:: Running post-transaction hooks...
( 1/10) Creating temporary files...
( 2/10) Reloading system manager configuration...
( 3/10) Reloading user manager configuration...
( 4/10) Reloading device manager configuration...
( 5/10) Arming ConditionNeedsUpdate...
( 6/10) Reloading system bus configuration...
( 7/10) Updating GIO module cache...
( 8/10) Compiling GSettings XML schema files...
( 9/10) Reloading GVFS config...
(10/10) Updating the info directory file...
Sync Explicit (1): thunar-archive-plugin-0.6.0-1
resolving dependencies...
looking for conflicting packages...

Packages (1) thunar-archive-plugin-0.6.0-1

Total Download Size:   0.04 MiB
Total Installed Size:  0.17 MiB

:: Proceed with installation? [Y/n] 
:: Retrieving packages...
 thunar-archive-plugin-0.6.0-1-x86_64 downloading...
checking keyring...
checking package integrity...
loading package files...
checking for file conflicts...
checking available disk space...
:: Processing package changes...
installing thunar-archive-plugin...
Optional dependencies for thunar-archive-plugin
    file-roller
    engrampa
    ark
    xarchiver
:: Running post-transaction hooks...
(1/2) Arming ConditionNeedsUpdate...
(2/2) Updating icon theme caches...
Sync Explicit (1): file-roller-44.6-2
resolving dependencies...
looking for conflicting packages...

Packages (2) libnautilus-extension-50.1-1  file-roller-44.6-2

Total Download Size:   0.77 MiB
Total Installed Size:  4.35 MiB

:: Proceed with installation? [Y/n] 
:: Retrieving packages...
 file-roller-44.6-2-x86_64 downloading...
 libnautilus-extension-50.1-1-x86_64 downloading...
checking keyring...
checking package integrity...
loading package files...
checking for file conflicts...
checking available disk space...
:: Processing package changes...
installing libnautilus-extension...
installing file-roller...
Optional dependencies for file-roller
    7zip: 7z archive support
    arj: arj archive support
    binutils: ar archive support [installed]
    bzip3: bzip3 compression support
    cdrtools: ISO image support
    cpio: cpio archive support
    dpkg: deb archive support
    lhasa: LHA/LZA archive support
    lrzip: lrzip compression support
    rpmextract: rpm archive support
    squashfs-tools: squashfs image support
    unace: ACE archive support
    unrar: better RAR archive support
    unzip: better ZIP archive support
    zip: better ZIP archive support
:: Running post-transaction hooks...
(1/4) Arming ConditionNeedsUpdate...
(2/4) Compiling GSettings XML schema files...
(3/4) Updating icon theme caches...
(4/4) Updating the desktop file MIME type cache...
Sync Explicit (1): starship-1.25.1-1
resolving dependencies...
looking for conflicting packages...

Packages (1) starship-1.25.1-1

Total Download Size:    3.58 MiB
Total Installed Size:  11.26 MiB

:: Proceed with installation? [Y/n] 
:: Retrieving packages...
 starship-1.25.1-1-x86_64 downloading...
checking keyring...
checking package integrity...
loading package files...
checking for file conflicts...
checking available disk space...
:: Processing package changes...
installing starship...
Optional dependencies for starship
    ttf-font-nerd: Nerd Font Symbols preset
:: Running post-transaction hooks...
(1/1) Arming ConditionNeedsUpdate...
Sync Explicit (1): papirus-icon-theme-20250501-1
resolving dependencies...
looking for conflicting packages...

Packages (1) papirus-icon-theme-20250501-1

Total Download Size:    21.35 MiB
Total Installed Size:  109.91 MiB

:: Proceed with installation? [Y/n] 
:: Retrieving packages...
 papirus-icon-theme-20250501-1-any downloading...
checking keyring...
checking package integrity...
loading package files...
checking for file conflicts...
checking available disk space...
:: Processing package changes...
installing papirus-icon-theme...
:: Running post-transaction hooks...
(1/2) Arming ConditionNeedsUpdate...
(2/2) Updating icon theme caches...
Sync Explicit (1): ttf-jetbrains-mono-2.304-2
resolving dependencies...
looking for conflicting packages...

Packages (1) ttf-jetbrains-mono-2.304-2

Total Download Size:   0.80 MiB
Total Installed Size:  7.44 MiB

:: Proceed with installation? [Y/n] 
:: Retrieving packages...
 ttf-jetbrains-mono-2.304-2-any downloading...
checking keyring...
checking package integrity...
loading package files...
checking for file conflicts...
checking available disk space...
:: Processing package changes...
installing ttf-jetbrains-mono...
:: Running post-transaction hooks...
(1/2) Arming ConditionNeedsUpdate...
(2/2) Updating fontconfig cache...
Sync Explicit (1): ttf-jetbrains-mono-nerd-3.4.0-2
resolving dependencies...
looking for conflicting packages...

Packages (1) ttf-jetbrains-mono-nerd-3.4.0-2

Total Download Size:    10.48 MiB
Total Installed Size:  222.51 MiB

:: Proceed with installation? [Y/n] 
:: Retrieving packages...
 ttf-jetbrains-mono-nerd-3.4.0-2-any downloading...
checking keyring...
checking package integrity...
loading package files...
checking for file conflicts...
checking available disk space...
:: Processing package changes...
installing ttf-jetbrains-mono-nerd...
:: Running post-transaction hooks...
(1/2) Arming ConditionNeedsUpdate...
(2/2) Updating fontconfig cache...
Sync Explicit (1): ttf-droid-20121017-11
resolving dependencies...
looking for conflicting packages...

Packages (1) ttf-droid-20121017-11

Total Download Size:    3.93 MiB
Total Installed Size:  15.31 MiB

:: Proceed with installation? [Y/n] 
:: Retrieving packages...
 ttf-droid-20121017-11-any downloading...
checking keyring...
checking package integrity...
loading package files...
checking for file conflicts...
checking available disk space...
:: Processing package changes...
installing ttf-droid...
:: Running post-transaction hooks...
(1/3) Arming ConditionNeedsUpdate...
(2/3) Updating fontconfig configuration...
(3/3) Updating fontconfig cache...
Sync Explicit (1): ttf-fira-code-6.2-4
resolving dependencies...
looking for conflicting packages...

Packages (1) ttf-fira-code-6.2-4

Total Download Size:   0.41 MiB
Total Installed Size:  1.69 MiB

:: Proceed with installation? [Y/n] 
:: Retrieving packages...
 ttf-fira-code-6.2-4-any downloading...
checking keyring...
checking package integrity...
loading package files...
checking for file conflicts...
checking available disk space...
:: Processing package changes...
installing ttf-fira-code...
:: Running post-transaction hooks...
(1/2) Arming ConditionNeedsUpdate...
(2/2) Updating fontconfig cache...
Sync Explicit (1): noto-fonts-emoji-1:2.051-1
resolving dependencies...
looking for conflicting packages...

Packages (1) noto-fonts-emoji-1:2.051-1

Total Download Size:    9.18 MiB
Total Installed Size:  10.18 MiB

:: Proceed with installation? [Y/n] 
:: Retrieving packages...
 noto-fonts-emoji-1:2.051-1-any downloading...
checking keyring...
checking package integrity...
loading package files...
checking for file conflicts...
checking available disk space...
:: Processing package changes...
installing noto-fonts-emoji...
:: Running post-transaction hooks...
(1/2) Arming ConditionNeedsUpdate...
(2/2) Updating fontconfig cache...
Sync Explicit (1): adobe-source-code-pro-fonts-2.042u+1.062i+1.026vf-2
resolving dependencies...
looking for conflicting packages...

Packages (1) adobe-source-code-pro-fonts-2.042u+1.062i+1.026vf-2

Total Download Size:   0.91 MiB
Total Installed Size:  1.86 MiB

:: Proceed with installation? [Y/n] 
:: Retrieving packages...
 adobe-source-code-pro-fonts-2.042u+1.062i+1.026vf-2-any downloading...
checking keyring...
checking package integrity...
loading package files...
checking for file conflicts...
checking available disk space...
:: Processing package changes...
installing adobe-source-code-pro-fonts...
:: Running post-transaction hooks...
(1/2) Arming ConditionNeedsUpdate...
(2/2) Updating fontconfig cache...
Sync Explicit (1): otf-font-awesome-7.2.0-1
resolving dependencies...
looking for conflicting packages...

Packages (1) otf-font-awesome-7.2.0-1

Total Download Size:   0.30 MiB
Total Installed Size:  0.69 MiB

:: Proceed with installation? [Y/n] 
:: Retrieving packages...
 otf-font-awesome-7.2.0-1-any downloading...
checking keyring...
checking package integrity...
loading package files...
checking for file conflicts...
checking available disk space...
:: Processing package changes...
installing otf-font-awesome...
:: Running post-transaction hooks...
(1/2) Arming ConditionNeedsUpdate...
(2/2) Updating fontconfig cache...
Sync Explicit (1): lxappearance-0.6.4-3
resolving dependencies...
looking for conflicting packages...

Packages (1) lxappearance-0.6.4-3

Total Download Size:   0.09 MiB
Total Installed Size:  0.40 MiB

:: Proceed with installation? [Y/n] 
:: Retrieving packages...
 lxappearance-0.6.4-3-x86_64 downloading...
checking keyring...
checking package integrity...
loading package files...
checking for file conflicts...
checking available disk space...
:: Processing package changes...
installing lxappearance...
:: Running post-transaction hooks...
(1/2) Arming ConditionNeedsUpdate...
(2/2) Updating the desktop file MIME type cache...
Sync Explicit (1): xfce4-settings-4.20.4-1
resolving dependencies...
looking for conflicting packages...

Packages (7) colord-1.4.8-1  elementary-icon-theme-8.2.0-2  garcon-4.20.0-2  gnome-themes-extra-1:3.28-1  libgusb-0.4.9-2  libxklavier-5.4-7  xfce4-settings-4.20.4-1

Total Download Size:    8.12 MiB
Total Installed Size:  53.94 MiB

:: Proceed with installation? [Y/n] 
:: Retrieving packages...
 elementary-icon-theme-8.2.0-2-any downloading...
 gnome-themes-extra-1:3.28-1-any downloading...
 colord-1.4.8-1-x86_64 downloading...
 xfce4-settings-4.20.4-1-x86_64 downloading...
 garcon-4.20.0-2-x86_64 downloading...
 libxklavier-5.4-7-x86_64 downloading...
 libgusb-0.4.9-2-x86_64 downloading...
checking keyring...
checking package integrity...
loading package files...
checking for file conflicts...
checking available disk space...
:: Processing package changes...
installing garcon...
installing libgusb...
installing colord...
Optional dependencies for colord
    argyllcms: color profiling
    colord-sane: SANE support
installing libxklavier...
installing elementary-icon-theme...
installing gnome-themes-extra...
installing xfce4-settings...
Optional dependencies for xfce4-settings
    python: xfce4-compose-mail -- "mailto:" URI handling [installed]
    xiccd: for displays support in xfce4-color-settings
    cups: for printers support in xfce4-color-settings
    sane: for scanners support in xfce4-color-settings
:: Running post-transaction hooks...
( 1/10) Creating system user accounts...
Creating group 'colord' with GID 964.
Creating user 'colord' (colord colour management daemon) with UID 964 and GID 964.
( 2/10) Creating temporary files...
( 3/10) Reloading system manager configuration...
( 4/10) Reloading user manager configuration...
( 5/10) Reloading device manager configuration...
( 6/10) Arming ConditionNeedsUpdate...
( 7/10) Reloading system bus configuration...
( 8/10) Compiling GSettings XML schema files...
( 9/10) Updating icon theme caches...
(10/10) Updating the desktop file MIME type cache...
Sync Explicit (1): nwg-look-1.0.6-1
resolving dependencies...
looking for conflicting packages...

Packages (2) xcur2png-0.7.1-9  nwg-look-1.0.6-1

Total Download Size:   1.24 MiB
Total Installed Size:  4.37 MiB

:: Proceed with installation? [Y/n] 
:: Retrieving packages...
 nwg-look-1.0.6-1-x86_64 downloading...
 xcur2png-0.7.1-9-x86_64 downloading...
checking keyring...
checking package integrity...
loading package files...
checking for file conflicts...
checking available disk space...
:: Processing package changes...
installing xcur2png...
installing nwg-look...
:: Running post-transaction hooks...
(1/2) Arming ConditionNeedsUpdate...
(2/2) Updating the desktop file MIME type cache...
Sync Explicit (1): sddm-0.21.0-6
resolving dependencies...
looking for conflicting packages...

Packages (5) libxmu-1.3.1-1  xf86-input-libinput-1.5.0-1  xorg-server-21.1.22-1  xorg-xauth-1.1.5-1  sddm-0.21.0-6

Total Download Size:   5.16 MiB
Total Installed Size:  9.50 MiB

:: Proceed with installation? [Y/n] 
:: Retrieving packages...
 sddm-0.21.0-6-x86_64 downloading...
 xorg-server-21.1.22-1-x86_64 downloading...
 libxmu-1.3.1-1-x86_64 downloading...
 xf86-input-libinput-1.5.0-1-x86_64 downloading...
 xorg-xauth-1.1.5-1-x86_64 downloading...
checking keyring...
checking package integrity...
loading package files...
checking for file conflicts...
checking available disk space...
:: Processing package changes...
installing xf86-input-libinput...
installing xorg-server...
>>> xorg-server has now the ability to run without root rights with
    the help of systemd-logind. xserver will fail to run if not launched
    from the same virtual terminal as was used to log in.
    Without root rights, log files will be in ~/.local/share/xorg/ directory.

    Old behavior can be restored through Xorg.wrap config file.
    See Xorg.wrap man page (man xorg.wrap).
installing libxmu...
installing xorg-xauth...
installing sddm...
Optional dependencies for sddm
    qt5-declarative: for using Qt5 themes [installed]
:: Running post-transaction hooks...
(1/5) Creating system user accounts...
Creating group 'sddm' with GID 963.
Creating user 'sddm' (SDDM Greeter Account) with UID 963 and GID 963.
(2/5) Creating temporary files...
(3/5) Reloading system manager configuration...
(4/5) Arming ConditionNeedsUpdate...
(5/5) Reloading system bus configuration...
Sync Explicit (1): hyprpolkitagent-0.1.3-7
resolving dependencies...
looking for conflicting packages...

Packages (3) hyprland-qt-support-0.1.0-12  polkit-qt6-0.201.1-1  hyprpolkitagent-0.1.3-7

Total Download Size:   0.25 MiB
Total Installed Size:  1.00 MiB

:: Proceed with installation? [Y/n] 
:: Retrieving packages...
 polkit-qt6-0.201.1-1-x86_64 downloading...
 hyprland-qt-support-0.1.0-12-x86_64 downloading...
 hyprpolkitagent-0.1.3-7-x86_64 downloading...
checking keyring...
checking package integrity...
loading package files...
checking for file conflicts...
checking available disk space...
:: Processing package changes...
installing hyprland-qt-support...
installing polkit-qt6...
installing hyprpolkitagent...
:: Running post-transaction hooks...
(1/2) Reloading user manager configuration...
(2/2) Arming ConditionNeedsUpdate...
[33m[NOTE][m Removing conflicting xdg-desktop-portals...
[33m[NOTE][m Setting up hyprpolkitagent...
[33m[NOTE][m Stopping other polkit agents to prevent conflict...
Created symlink '/home/oniichanx/.config/systemd/user/graphical-session.target.wants/hyprpolkitagent.service' → '/usr/lib/systemd/user/hyprpolkitagent.service'.
[31m[WARN][m hyprpolkitagent is not active. You may need to restart it manually after reboot.
[33m[NOTE][m Copying systemd user overrides...
